[22:06:50] [main/INFO]: Loading Minecraft 1.21.1 with Fabric Loader 0.18.1
[22:06:51] [ForkJoinPool-1-worker-7/WARN]: Mod treechop uses the version 0.19.3a which isn't compatible with Loader's extended semantic version format (Could not parse version number component '3a'!), SemVer is recommended for reliably evaluating dependencies and prioritizing newer version
[22:06:51] [ForkJoinPool-1-worker-7/WARN]: Mod com_github_rtyley_animated-gif-lib-for-java uses the version animated-gif-lib-1.7 which isn't compatible with Loader's extended semantic version format (Could not parse version number component 'animated'!), SemVer is recommended for reliably evaluating dependencies and prioritizing newer version
[22:06:51] [ForkJoinPool-1-worker-12/WARN]: Mod totw_modded uses the version fabric-1.21-1.0.8 which isn't compatible with Loader's extended semantic version format (Could not parse version number component 'fabric'!), SemVer is recommended for reliably evaluating dependencies and prioritizing newer version
[22:06:51] [ForkJoinPool-1-worker-12/WARN]: The mod "accessories_compat_layer" contains invalid entries in its mod json:
- Unsupported root entry "#COMMENT_breaks" at line 53 column 20
[22:06:52] [main/WARN]: Warnings were found!
 - Mod 'Cobblemon Raid Dens' (cobblemonraiddens) 0.5.5+1.21.1 conflicts with any version of mod 'wthit' (wthit), which is present with the following versions: 12.5.4!
	 - While this won't prevent you from starting the game, the developer(s) of mod 'Cobblemon Raid Dens' (cobblemonraiddens) have found that this combination may cause issues. You should remove one of the mods or check for updates that resolve the issue.
 - Mod 'JourneyMapIntegration' (jmi) 1.21.1-1.9 recommends version 21 or later of waystones, which is missing!
	 - You should install version 21 or later of waystones for the optimal experience.
 - Mod 'Sodium Extra' (sodium-extra) 0.6.0+mc1.21.1 recommends version 1.4.2 or later of reeses-sodium-options, which is missing!
	 - You should install version 1.4.2 or later of reeses-sodium-options for the optimal experience.
 - Mod 'Sounds' (sounds) 2.4.13.1+lts+1.21.1+fabric recommends any version of rsls, which is missing!
	 - You should install any version of rsls for the optimal experience.
 - Mod 'Wakes' (wakes) 0.2.2-1.21 recommends any version of yacl, which is missing!
	 - You should install any version of yacl for the optimal experience.
[22:06:52] [main/INFO]: Loading 417 mods:
	- academy 2.0.0
	   \-- com_madgag_animated-gif-lib 1.4
	- accessories 1.1.0-beta.52+1.21.1
	- accessories_compat_layer 0.1.10
	   \-- mixinsquared 0.3.4
	- advancementframes 1.21-2.2.9
	- another_furniture 4.0.1
	- appleskin 3.0.6+mc1.21
	- arc 1.9.5-1.21.1
	- architectury 13.0.8
	- arts_and_crafts 1.5.3
	   \-- blue_endless_jankson 1.2.3
	- athena 4.0.2
	- atistructures 1.3.10
	- autorun 0.6.0
	- badpackets 0.8.2
	- balm 21.0.49
	   \-- kuma_api 21.0.5
	- bcc 21.1.0
	- beautify 1.3.0+1.21.1
	- beb 5.0.0
	- better_climbing 3
	- betteradvancements 0.4.3.21
	- betterf3 11.0.3
	- bettervillage 3.3.1
	- bhmenu 1.21-2.5.3
	- biomespawnpoint 2.4
	- biomeswevegone 2.4.6
	- blur 5.2.2+1.21.1
	   \-- midnightlib 1.7.5
	- bobby 5.2.4+mc1.21
	   |-- com_typesafe_config 1.4.2
	   |-- fabric-api-base 0.4.42+6573ed8c6a
	   |-- fabric-command-api-v2 2.2.28+6ced4dd96a
	   |-- io_leangen_geantyref_geantyref 1.3.13
	   |-- org_spongepowered_configurate-core 4.1.2
	   \-- org_spongepowered_configurate-hocon 4.1.2
	- bookshelf 21.1.69
	- bwncr 3.20.2
	- capture_xp 1.7.1-fabric-1.3.0
	- chalk 2.2.5+1.21.1
	   |-- com_github_mclegoman_releasetypeutils 2.1.0
	   \-- fabric-simplelibs 2.0.0
	- chalk-colorful-addon 2.1.1+1.19.3
	- chatanimation 1.0.6
	- chipped 4.0.2
	- chunksfadein 3.0.15-1.21
	   |-- com_moandjiezana_toml_toml4j 0.7.2
	   \-- fabric-key-binding-api-v1 1.0.65+946bf4c32c
	- chunky 1.4.23
	- clientsort 1.3.3+1.21
	- cloth-config 15.0.140
	   \-- cloth-basic-math 0.6.1
	- clumps 19.0.0.1
	- cobblefurnies 0.6.3
	- cobblemon 1.7.1+1.21.1
	- cobblemon_knowlogy 1.5.0
	- cobblemon_quests 1.2.0
	- cobblemon_spawn_alerts 1.11.2
	   \-- adventure-platform-fabric 5.14.1
	        |-- net_kyori_adventure-api 4.17.0
	        |-- net_kyori_adventure-key 4.17.0
	        |-- net_kyori_adventure-platform-api 4.3.3
	        |-- net_kyori_adventure-text-logger-slf4j 4.17.0
	        |-- net_kyori_adventure-text-minimessage 4.17.0
	        |-- net_kyori_adventure-text-serializer-ansi 4.17.0
	        |-- net_kyori_adventure-text-serializer-gson 4.17.0
	        |-- net_kyori_adventure-text-serializer-json 4.17.0
	        |-- net_kyori_adventure-text-serializer-plain 4.17.0
	        |-- net_kyori_ansi 1.1.0
	        |-- net_kyori_examination-api 1.3.0
	        |-- net_kyori_examination-string 1.3.0
	        \-- net_kyori_option 1.0.0
	- cobblemon_wonder_trade 1.0.0
	- cobblemonraiddens 0.5.5+1.21.1
	- cobblemontrialsedition 1.1.0
	- cobblenav 2.2.5
	- collective 8.3
	- comforts 9.0.4+1.21.1
	   |-- cardinal-components-base 6.1.2
	   |-- cardinal-components-entity 6.1.2
	   \-- spectrelib 0.17.2+1.21
	- connectiblechains 2.5.4+1.21.1
	- constructionwand 1.0.6
	- controlling 19.0.5
	- corgilib 5.0.0.7
	   |-- com_electronwill_night-config_core 3.8.2
	   \-- com_electronwill_night-config_toml 3.8.2
	- cozyhome 1.1.20
	- craftingtweaks 21.1.5
	- crawl 0.14.9
	- crd_broadcasts 1.2.0+1.21.1
	- crd_converters 1.0.0+1.21.1
	- cubes-without-borders 3.0.0+mc1.21
	- cupboard 1.21-2.9
	- dataanchor 2.0.0.12
	- defaultoptions 21.1.2
	- deimos 2.2
	- desiredservers 1.6.0
	- dimworldborder 1.0.5
	- distraction_free_recipes 1.2.1
	- drippyloadingscreen 3.1.0
	- dye_depot 2.0.2-fabric
	- dynamiccrosshair 9.10
	   |-- dynamiccrosshair-api 1.2
	   \-- libbamboo 2.23
	- dynamiccrosshaircompat 4.4
	- effectual 1.1.0-1.21.1
	- elevatorid 1.21-1.11.1
	- emi 1.1.22+1.21.1+fabric
	- emi_loot 0.7.9+1.21+fabric
	- emojiful 5.2.1
	   \-- com_esotericsoftware_yamlbeans_yamlbeans 1.17
	- emotecraft 2.4.12
	   |-- bendy-lib 5.1
	   \-- playeranimator 2.0.1+1.21.1
	- enchantmentdisabler 3.3.2+1.21.1
	   \-- mixson 1.4.0
	- enchdesc 21.1.8
	- enhancedcelestials 6.0.2.5
	- entityculling 1.8.2
	   |-- transition 1.0.3
	   \-- trender 1.0.5
	- euphoria_patcher 1.6.5-r5.5.1-fabric
	- exposure 1.9.11
	- exposure_catalog 1.1.1
	   \-- fabric-permissions-api-v0 0.3.1
	- exposure_expanded 1.0.1
	- exposure_polaroid 1.1.2
	- fabric-api 0.116.7+1.21.1
	   |-- fabric-api-lookup-api-v1 1.6.71+b559734419
	   |-- fabric-biome-api-v1 13.0.31+d527f9fd19
	   |-- fabric-block-api-v1 1.1.0+0bc3503219
	   |-- fabric-block-view-api-v2 1.0.11+ebb2264e19
	   |-- fabric-blockrenderlayer-v1 1.1.52+0af3f5a719
	   |-- fabric-client-tags-api-v1 1.1.15+6573ed8c19
	   |-- fabric-command-api-v1 1.2.49+f71b366f19
	   |-- fabric-commands-v0 0.2.66+df3654b319
	   |-- fabric-content-registries-v0 8.0.19+b559734419
	   |-- fabric-convention-tags-v1 2.1.5+7f945d5b19
	   |-- fabric-convention-tags-v2 2.11.1+a406e79519
	   |-- fabric-crash-report-info-v1 0.2.29+0af3f5a719
	   |-- fabric-data-attachment-api-v1 1.4.5+6116a37819
	   |-- fabric-data-generation-api-v1 20.2.34+37516cd619
	   |-- fabric-dimensions-v1 4.0.1+65213ef819
	   |-- fabric-entity-events-v1 1.8.0+2b27e0a419
	   |-- fabric-events-interaction-v0 0.7.13+ba9dae0619
	   |-- fabric-game-rule-api-v1 1.0.53+6ced4dd919
	   |-- fabric-item-api-v1 11.2.0+3b3cb2e819
	   |-- fabric-item-group-api-v1 4.1.7+def88e3a19
	   |-- fabric-keybindings-v0 0.2.45+df3654b319
	   |-- fabric-lifecycle-events-v1 2.6.0+0865547519
	   |-- fabric-loot-api-v2 3.0.15+3f89f5a519
	   |-- fabric-loot-api-v3 1.0.3+3f89f5a519
	   |-- fabric-message-api-v1 6.0.14+8aaf3aca19
	   |-- fabric-model-loading-api-v1 2.1.0+b4d813fc19
	   |-- fabric-networking-api-v1 4.3.0+c7469b2119
	   |-- fabric-object-builder-api-v1 15.2.1+40875a9319
	   |-- fabric-particles-v1 4.0.2+6573ed8c19
	   |-- fabric-recipe-api-v1 5.0.15+2475392c19
	   |-- fabric-registry-sync-v0 5.3.1+e3eddc2119
	   |-- fabric-renderer-api-v1 3.4.1+b4d813fc19
	   |-- fabric-renderer-indigo 1.7.1+c705a49c19
	   |-- fabric-renderer-registries-v1 3.2.69+df3654b319
	   |-- fabric-rendering-data-attachment-v1 0.3.49+73761d2e19
	   |-- fabric-rendering-fluids-v1 3.1.6+1daea21519
	   |-- fabric-rendering-v0 1.1.72+df3654b319
	   |-- fabric-rendering-v1 5.1.0+ab4c25a019
	   |-- fabric-resource-conditions-api-v1 4.3.0+8dc279b119
	   |-- fabric-resource-loader-v0 1.3.1+5b5275af19
	   |-- fabric-screen-api-v1 2.0.25+8b68f1c719
	   |-- fabric-screen-handler-api-v1 1.3.90+b559734419
	   |-- fabric-sound-api-v1 1.0.23+6573ed8c19
	   |-- fabric-transfer-api-v1 5.4.3+c24bd99419
	   \-- fabric-transitive-access-wideners-v1 6.2.0+45b9699719
	- fabric-language-kotlin 1.13.5+kotlin.2.2.10
	   |-- org_jetbrains_kotlin_kotlin-reflect 2.2.10
	   |-- org_jetbrains_kotlin_kotlin-stdlib 2.2.10
	   |-- org_jetbrains_kotlin_kotlin-stdlib-jdk7 2.2.10
	   |-- org_jetbrains_kotlin_kotlin-stdlib-jdk8 2.2.10
	   |-- org_jetbrains_kotlinx_atomicfu-jvm 0.29.0
	   |-- org_jetbrains_kotlinx_kotlinx-coroutines-core-jvm 1.10.2
	   |-- org_jetbrains_kotlinx_kotlinx-coroutines-jdk8 1.10.2
	   |-- org_jetbrains_kotlinx_kotlinx-datetime-jvm 0.7.1
	   |-- org_jetbrains_kotlinx_kotlinx-io-bytestring-jvm 0.8.0
	   |-- org_jetbrains_kotlinx_kotlinx-io-core-jvm 0.8.0
	   |-- org_jetbrains_kotlinx_kotlinx-serialization-cbor-jvm 1.9.0
	   |-- org_jetbrains_kotlinx_kotlinx-serialization-core-jvm 1.9.0
	   \-- org_jetbrains_kotlinx_kotlinx-serialization-json-jvm 1.9.0
	- fabricloader 0.18.1
	   \-- mixinextras 0.5.0
	- fallingleaves 1.17.1
	- fancymenu 3.8.1
	   |-- com_github_keksuccino_japng 0.5.3
	   \-- com_github_rtyley_animated-gif-lib-for-java animated-gif-lib-1.7
	- fancytoasts 1.4.5.1
	- farmersdelight 1.21.1-3.2.2+refabricated
	   \-- mm 2.3
	- faster-random 5.1.0
	- faux-custom-entity-data 13.0.1
	- ferritecore 7.0.2-hotfix
	- fireworkcapsules 1.1.0+1.21.1
	- forgeconfigapiport 21.1.4
	- ftbchunks 2101.1.13
	- ftblibrary 2101.1.30
	- ftbquests 2101.1.21
	   \-- team_reborn_energy 4.1.0
	- ftbteams 2101.1.9
	- fusion 1.2.11
	- fwaystones 3.3.4+mc1.21.1
	- fzzy_config 0.7.2+1.21
	   |-- blue_endless_jankson 1.2.3
	   |-- fabric-permissions-api-v0 0.3.1
	   \-- net_peanuuutz_tomlkt_tomlkt-jvm 0.3.7
	- geckolib 4.7.6
	- glassential 3.2.5
	- glitchcore 2.1.0.0
	   \-- net_jodah_typetools 0.6.3
	- globalpacks 21.0.6
	- handcrafted 4.0.3
	- hopobetterunderwaterruins 1.2.1
	- iceberg 1.3.2
	- immediatelyfast 1.6.6+1.21.1
	   \-- net_lenni0451_reflect 1.3.4
	- immersive-hotbar 1.0.4-1.21-1.21.1
	- immersiveui 0.3.0
	- iris 1.8.8+mc1.21.1
	   |-- io_github_douira_glsl-transformer 2.0.1
	   |-- org_anarres_jcpp 1.4.14
	   \-- org_antlr_antlr4-runtime 4.13.1
	- item_obliterator 3.1.1
	- itemrestrictions 1.3.2-1.21.1
	- itemzoomer 1.1.0-1.21.1
	- java 21
	- jei 19.21.2.313
	- jinxedlib 1.0.4
	- jmi 1.21.1-1.9
	   \-- fiber 0.23.0-2
	- jobsplus 1.5.8-1.21.1
	- journeymap 1.21.1-6.0.0-beta.47
	   |-- ar_com_hjg_pngj 2.1.0
	   |-- commonnetworking 1.0.18-1.21.1
	   \-- journeymap-api-fabric 2.0.0-1.21.1-SNAPSHOT
	- knowlogy 0.9.1
	- konkrete 1.9.9
	- lambdynlights 4.1.5+1.21.1
	   |-- lambdynlights_api 4.1.5+1.21.1
	   |    |-- yumi-commons-collections 1.0.0-alpha.12
	   |    |-- yumi-commons-core 1.0.0-alpha.12
	   |    \-- yumi-commons-event 1.0.0-alpha.12
	   |-- pride 1.2.1+1.21
	   |-- spruceui 6.2.1+1.21
	   \-- yumi_mc_core 1.0.0-alpha.6+1.21.1
	        |-- yumi-commons-collections 1.0.0-alpha.12
	        |-- yumi-commons-core 1.0.0-alpha.12
	        \-- yumi-commons-event 1.0.0-alpha.12
	- laserbridges 5.3
	- lavender 0.1.15+1.21
	   |-- lavender-md 0.1.2+1.21
	   \-- lavender-md-owo-ui 0.1.2+1.21
	- leavesbegone 21.1.0
	- legendarymonuments 7.7
	- legendarytooltips 1.5.5
	- letsparkour 1.8
	- libraryferret 4.0.0
	- linkedchests 21.1.0
	- litematica 0.19.50
	- lootr 1.21-1.10.35.91
	- malilib 0.21.0
	   \-- fabric-api-base 0.4.42+6573ed8c6a
	- mega_showdown 1.5.1+1.7.1+1.21.1-b-8
	- melody 1.0.10
	- mes 2.0.0
	- minecraft 1.21.1
	- minecraft-cursor 3.10.0+1.21.1
	   \-- minecraft-cursor_api 3.10.0+1.21.1
	- mns 2.0.1
	- modernfix 5.25.1+mc1.21.1
	- modmenu 11.0.3
	   \-- placeholder-api 2.4.0-pre.2+1.21
	- moogs_structures 1.1.0-1.21-1.21.1-fabric
	- moonlight 1.21-2.20.7
	- moresparkles 1.1
	   |-- adventure-platform-fabric 5.14.1
	   |    |-- net_kyori_adventure-api 4.17.0
	   |    |-- net_kyori_adventure-key 4.17.0
	   |    |-- net_kyori_adventure-platform-api 4.3.3
	   |    |-- net_kyori_adventure-text-logger-slf4j 4.17.0
	   |    |-- net_kyori_adventure-text-minimessage 4.17.0
	   |    |-- net_kyori_adventure-text-serializer-ansi 4.17.0
	   |    |-- net_kyori_adventure-text-serializer-gson 4.17.0
	   |    |-- net_kyori_adventure-text-serializer-json 4.17.0
	   |    |-- net_kyori_adventure-text-serializer-plain 4.17.0
	   |    |-- net_kyori_ansi 1.1.0
	   |    |-- net_kyori_examination-api 1.3.0
	   |    |-- net_kyori_examination-string 1.3.0
	   |    \-- net_kyori_option 1.0.0
	   |-- fabric-permissions-api-v0 0.3.1
	   |-- net_kyori_adventure-text-minimessage 4.17.0
	   |-- polymer-blocks 0.9.18+1.21.1
	   |-- polymer-core 0.9.18+1.21.1
	   |    |-- polymer-networking 0.9.18+1.21.1
	   |    |    \-- polymer-common 0.9.18+1.21.1
	   |    |         \-- packet_tweaker 0.5.5+1.21
	   |    \-- polymer-registry-sync-manipulator 0.9.18+1.21.1
	   \-- polymer-resource-pack 0.9.18+1.21.1
	        \-- polymer-common 0.9.18+1.21.1
	             \-- packet_tweaker 0.5.5+1.21
	- mousetweaks 2.26
	- mr_farmers_cuttingohthebiomeswevegone 1.21.1-2.1-fabric
	- mr_farmers_cuttingregionsunexplored 1.21.1-1.1a-fabric
	- mru 1.0.19+LTS+1.21.1+fabric
	   \-- org_commonmark_commonmark 0.21.0
	- mss 2.0.0
	- mtr 1.0.3
	- mvs 5.0.2
	- nametagtweaks 1.3.5
	- naturescompass 1.21.1-2.2.7-fabric
	- nbt_ac 1.3.10
	- nbtcopy 1.0.4
	- necronomicon 1.6.0
	- no-more-popups 1.0.2
	- nochatreports 1.21.1-v2.9.1
	- noisium 2.3.0+mc1.21-1.21.1
	- octolib 0.5.0.1
	   \-- org_yaml_snakeyaml 2.2
	- ohthetreesyoullgrow 5.0.14
	- owo 0.12.15.4+1.21
	   |-- io_wispforest_endec 0.1.5.1
	   |-- io_wispforest_endec_gson 0.1.3.1
	   |-- io_wispforest_endec_jankson 0.1.3.1
	   \-- io_wispforest_endec_netty 0.1.2
	- packetfixer 3.3.0
	- particle_core 0.2.4+1.21
	   \-- conditional-mixin 0.5.1
	- particlerain 3.0.5
	- ping-wheel 1.10.3
	- player_roles 1.6.13
	   |-- more_codecs 0.3.3+1.20.2
	   \-- player_roles_api 1.6.13
	- playerladder 0.7.1
	- playerxp 1.0.4+1.21.1
	- pokeblocks 1.4.0-1.21.1
	- polymer-bundled 0.9.18+1.21.1
	   |-- polymer-autohost 0.9.18+1.21.1
	   |-- polymer-blocks 0.9.18+1.21.1
	   |-- polymer-common 0.9.18+1.21.1
	   |    \-- packet_tweaker 0.5.5+1.21
	   |-- polymer-core 0.9.18+1.21.1
	   |    |-- polymer-networking 0.9.18+1.21.1
	   |    |    \-- polymer-common 0.9.18+1.21.1
	   |    |         \-- packet_tweaker 0.5.5+1.21
	   |    \-- polymer-registry-sync-manipulator 0.9.18+1.21.1
	   |-- polymer-resource-pack 0.9.18+1.21.1
	   |    \-- polymer-common 0.9.18+1.21.1
	   |         \-- packet_tweaker 0.5.5+1.21
	   \-- polymer-virtual-entity 0.9.18+1.21.1
	        \-- polymer-common 0.9.18+1.21.1
	             \-- packet_tweaker 0.5.5+1.21
	- polymorph 1.1.0+1.21.1
	   \-- cardinal-components-block 6.1.0
	- polytone 1.21-3.5.5
	   \-- net_objecthunter_exp4j 0.4.8
	- prickle 21.1.8
	- prism 1.0.11
	- puzzleslib 21.1.39
	- rad-gyms 0.3.1-stable
	   \-- admiral 0.4.10+1.21.1
	- rctapi 0.14.3-beta
	- reacharound 1.3.1
	- rechiseled 1.1.6+b
	- redirected 1.0.0
	- regions_unexplored 0.5.6.1
	- resourcefullib 3.0.12
	   |-- com_teamresourceful_bytecodecs 1.1.2
	   \-- com_teamresourceful_yabn 1.0.3
	- resourcepackoverrides 21.1.0
	- scholar 1.1.4
	- scoreboardtweaks 1.3.4
	- scoremons 3.1
	- searchables 1.0.2
	- shouldersurfing 4.17.1
	- shulkerboxtooltip 5.1.8+1.21.1
	- shutter 2.1.2-fabric-1.21.1
	- simpletms 2.3.2
	- sit 1.21-28
	- slide_show 1.0.3-Enhancement-1
	- sodium 0.6.13+mc1.21.1
	- sodium-extra 0.6.0+mc1.21.1
	- sootychimneys 1.3.2
	- sophisticatedcore 1.21.1-1.2.9.19.161
	   |-- porting_lib_conditions 3.1.0-beta.47+1.21.1
	   |-- porting_lib_core 3.1.0-beta.47+1.21.1
	   |-- porting_lib_fluids 3.1.0-beta.47+1.21.1
	   |-- porting_lib_item_abilities 3.1.0-beta.47+1.21.1
	   |-- porting_lib_lazy_registration 3.1.0-beta.47+1.21.1
	   |-- porting_lib_level_events 3.1.0-beta.47+1.21.1
	   |-- porting_lib_loot 3.1.0-beta.47+1.21.1
	   |-- porting_lib_model_loader 3.1.0-beta.47+1.21.1
	   |-- porting_lib_render_types 3.1.0-beta.47+1.21.1
	   |-- porting_lib_transfer 3.1.0-beta.47+1.21.1
	   \-- team_reborn_energy 4.1.0
	- sophisticatedstorage 1.21.1-1.3.7.6.127
	- sounds 2.4.13.1+lts+1.21.1+fabric
	- spark 1.10.109
	   \-- fabric-permissions-api-v0 0.3.1
	- sparkle 3.1.0
	- stfu 1.2.2
	- stohuns_vanity_collection 1.0.0
	- stoneworks 21.1.0
	- structurify 1.0.13
	- stylisheffects 21.1.1
	- subtleskybox 0.2.0
	- supermartijn642configlib 1.1.8
	- supermartijn642corelib 1.1.18+a
	- tabtweaks 1.5.9
	   \-- com_moulberry_mixinconstraints 1.1.0
	- templates 2.5.1+1.21.1
	- terrablender 4.1.0.8
	- the_ruler 1.3
	- tim_core 1.7.1-fabric-1.27.0
	- titletweaks 1.1.5
	- tlib 1.3.0-1.21.1
	- toms_storage 2.2.4
	   \-- cardinal-components-block 6.1.0
	- tomsstorage_knowlogy 1.1.1
	- totw_modded fabric-1.21-1.0.8
	- travelerstitles 1.21.1-Fabric-5.1.3
	   \-- org_reflections_reflections 0.10.2
	- treechop 0.19.3a
	- trinkets 3.10.0
	- txnilib 1.0.24
	- uilib 1.0.1-1.21.1
	- vanity 5.0.2
	- visualworkbench 21.1.0
	- voicechat 1.21.1-2.5.35
	   |-- fabric-api-base 0.4.42+6573ed8c6a
	   \-- fabric-command-api-v2 2.2.28+6ced4dd96a
	- wakes 0.2.2-1.21
	   \-- com_github_jdiemke_delaunay-triangulator_delaunaytriangulator 1.0.0
	- water_vision 1.3.0
	- wits 1.3.0+1.21-fabric
	- worldedit 7.3.8+6939-7d32b45
	- wthit 12.5.4
	- wwoo 2.3.4
	- xercapaint 1.21.1-1.0.1
	- yamlconfig 1.2-1.21
	- yet_another_config_lib_v3 3.7.1+1.21.1-fabric
	   |-- com_twelvemonkeys_common_common-image 3.12.0
	   |-- com_twelvemonkeys_common_common-io 3.12.0
	   |-- com_twelvemonkeys_common_common-lang 3.12.0
	   |-- com_twelvemonkeys_imageio_imageio-core 3.12.0
	   |-- com_twelvemonkeys_imageio_imageio-metadata 3.12.0
	   |-- com_twelvemonkeys_imageio_imageio-webp 3.12.0
	   |-- org_quiltmc_parsers_gson 0.2.1
	   \-- org_quiltmc_parsers_json 0.2.1
	- yungsapi 1.21.1-Fabric-5.1.6
	   |-- org_javassist_javassist 3.29.2-GA
	   \-- org_reflections_reflections 0.10.2
	- zoomify 2.14.4+1.21.1
	   \-- com_akuleshov7_ktoml-core-jvm 0.5.2
[22:06:52] [main/WARN]: Found 1 non-fabric mod:
	- cobble_contests-neoforge-1.0.6.jar
[22:07:01] [main/INFO]: SpongePowered MIXIN Subsystem Version=0.8.7 Source=file:/D:/mc/Install/libraries/net/fabricmc/sponge-mixin/0.16.5+mixin.0.8.7/sponge-mixin-0.16.5+mixin.0.8.7.jar Service=Knot/Fabric Env=CLIENT
[22:07:01] [main/INFO]: Compatibility level set to JAVA_17
[22:07:01] [main/INFO]: Compatibility level set to JAVA_21
[22:07:01] [main/WARN]: Reference map 'advancementframes-common-refmap.json' for advancementframes-common.mixins.json could not be read. If this is a development environment you can ignore this message
[22:07:01] [main/WARN]: Reference map 'chunksfadein.refmap.json' for chunksfadein_mc.mixins.json could not be read. If this is a development environment you can ignore this message
[22:07:01] [main/WARN]: Reference map 'chunksfadein.refmap.json' for chunksfadein_sodium.mixins.json could not be read. If this is a development environment you can ignore this message
[22:07:01] [main/WARN]: Reference map 'chunksfadein.refmap.json' for chunksfadein_iris.mixins.json could not be read. If this is a development environment you can ignore this message
[22:07:01] [main/WARN]: Reference map 'chunksfadein.refmap.json' for chunksfadein_dh.mixins.json could not be read. If this is a development environment you can ignore this message
[22:07:01] [main/WARN]: Reference map 'craftingtweaks.refmap.json' for craftingtweaks.mixins.json could not be read. If this is a development environment you can ignore this message
[22:07:01] [main/WARN]: Reference map 'craftingtweaks.refmap.json' for craftingtweaks.fabric.mixins.json could not be read. If this is a development environment you can ignore this message
[22:07:01] [main/WARN]: Reference map 'elevatorid-common-common-refmap.json' for elevatorid.mixins.json could not be read. If this is a development environment you can ignore this message
[22:07:01] [main/WARN]: Reference map 'exposure_expanded-common-common-refmap.json' for exposure_expanded.mixins.json could not be read. If this is a development environment you can ignore this message
[22:07:02] [main/WARN]: Reference map 'forgeconfigapiport.common.refmap.json' for forgeconfigapiport.common.mixins.json could not be read. If this is a development environment you can ignore this message
[22:07:02] [main/INFO]: File exists, reading config for elocindev.item_obliterator.fabric_quilt.config.ConfigEntries.
[22:07:02] [main/INFO]: Config for elocindev.item_obliterator.fabric_quilt.config.ConfigEntries read successfully.
[22:07:02] [main/WARN]: Reference map 'journeymap-refmap.json' for journeymap.mixins.json could not be read. If this is a development environment you can ignore this message
[22:07:02] [main/WARN]: Reference map 'journeymap-refmap.json' for journeymap.fabric.mixins.json could not be read. If this is a development environment you can ignore this message
[22:07:02] [main/WARN]: Reference map 'leavesbegone.fabric.refmap.json' for leavesbegone.fabric.mixins.json could not be read. If this is a development environment you can ignore this message
[22:07:02] [main/WARN]: Reference map 'linkedchests.common.refmap.json' for linkedchests.common.mixins.json could not be read. If this is a development environment you can ignore this message
[22:07:02] [main/WARN]: Reference map 'linkedchests.fabric.refmap.json' for linkedchests.fabric.mixins.json could not be read. If this is a development environment you can ignore this message
[22:07:02] [main/INFO]: Loaded configuration file for ModernFix 5.25.1+mc1.21.1: 65 options available, 2 override(s) found
[22:07:02] [main/WARN]: Option 'mixin.perf.dynamic_resources' overriden (by user configuration) to 'true'
[22:07:02] [main/WARN]: Option 'mixin.perf.dynamic_dfu' overriden (by mods [litematica]) to 'false'
[22:07:02] [main/INFO]: Applying Nashorn fix
[22:07:02] [main/INFO]: Configuring Minecraft's max.bg.threads option with 9 threads
[22:07:02] [main/WARN]: Reference map 'OctoLib-COMMON-common-refmap.json' for octolib-common.mixins.json could not be read. If this is a development environment you can ignore this message
[22:07:02] [main/INFO]: Packet Fixer forge 1.20.5-1.21.X has been applied successfully.
[22:07:02] [main/WARN]: Reference map 'prickle.refmap.json' for prickle.mixins.json could not be read. If this is a development environment you can ignore this message
[22:07:02] [main/WARN]: Reference map 'prickle.refmap.json' for prickle.fabric.mixins.json could not be read. If this is a development environment you can ignore this message
[22:07:02] [main/WARN]: Reference map 'rechiseled.mixins.refmap.json' for rechiseled.mixins.json could not be read. If this is a development environment you can ignore this message
[22:07:02] [main/INFO]: Loaded configuration file for Sodium: 43 options available, 1 override(s) found
[22:07:02] [main/INFO]: Loaded configuration file for Sodium Extra: 36 options available, 0 override(s) found
[22:07:02] [main/WARN]: Reference map 'stoneworks.common.refmap.json' for stoneworks.common.mixins.json could not be read. If this is a development environment you can ignore this message
[22:07:02] [main/WARN]: Reference map 'stoneworks.fabric.refmap.json' for stoneworks.fabric.mixins.json could not be read. If this is a development environment you can ignore this message
[22:07:02] [main/WARN]: Reference map 'stylisheffects.fabric.refmap.json' for stylisheffects.fabric.mixins.json could not be read. If this is a development environment you can ignore this message
[22:07:02] [main/WARN]: Reference map 'supermartijn642configlib.mixins.refmap.json' for supermartijn642configlib.mixins.json could not be read. If this is a development environment you can ignore this message
[22:07:02] [main/WARN]: Reference map 'visualworkbench.fabric.refmap.json' for visualworkbench.fabric.mixins.json could not be read. If this is a development environment you can ignore this message
[22:07:02] [main/WARN]: Reference map 'yamlconfig-common-refmap.json' for yamlconfig-common.mixins.json could not be read. If this is a development environment you can ignore this message
[22:07:02] [main/WARN]: Reference map 'yet_another_config_lib_v3.refmap.json' for yacl.mixins.json could not be read. If this is a development environment you can ignore this message
[22:07:02] [main/WARN]: Reference map 'yet_another_config_lib_v3.refmap.json' for yacl-fabric.mixins.json could not be read. If this is a development environment you can ignore this message
[22:07:02] [main/WARN]: Error loading class: dev/cudzer/cobblemonalphas/entity/spawner/AlphaSpawner (java.lang.ClassNotFoundException: dev/cudzer/cobblemonalphas/entity/spawner/AlphaSpawner)
[22:07:02] [main/WARN]: @Mixin target dev.cudzer.cobblemonalphas.entity.spawner.AlphaSpawner was not found academy-common.mixins.json:alphas.MixinAlphaSpawner from mod academy
[22:07:02] [main/WARN]: Error loading class: cn/leolezury/eternalstarlight/common/world/gen/chunkgenerator/ESChunkGenerator (java.lang.ClassNotFoundException: cn/leolezury/eternalstarlight/common/world/gen/chunkgenerator/ESChunkGenerator)
[22:07:02] [main/WARN]: @Mixin target cn.leolezury.eternalstarlight.common.world.gen.chunkgenerator.ESChunkGenerator was not found academy-common.mixins.json:eternalstarlight.MixinESChunkGenerator from mod academy
[22:07:02] [main/WARN]: Error loading class: com/vecoo/extraquests/storage/quests/TimerProvider (java.lang.ClassNotFoundException: com/vecoo/extraquests/storage/quests/TimerProvider)
[22:07:02] [main/WARN]: @Mixin target com.vecoo.extraquests.storage.quests.TimerProvider was not found academy-common.mixins.json:extraquests.MixinTimerProvider from mod academy
[22:07:02] [main/WARN]: Error loading class: com/vecoo/extraquests/storage/quests/TimerStorage (java.lang.ClassNotFoundException: com/vecoo/extraquests/storage/quests/TimerStorage)
[22:07:02] [main/WARN]: @Mixin target com.vecoo.extraquests.storage.quests.TimerStorage was not found academy-common.mixins.json:extraquests.MixinTimerStorage from mod academy
[22:07:02] [main/WARN]: Error loading class: com/vecoo/extraquests/util/Utils (java.lang.ClassNotFoundException: com/vecoo/extraquests/util/Utils)
[22:07:02] [main/WARN]: @Mixin target com.vecoo.extraquests.util.Utils was not found academy-common.mixins.json:extraquests.MixinUtils from mod academy
[22:07:02] [main/WARN]: Error loading class: me/lemo/fading_clouds/block/FadingCloudBlock (java.lang.ClassNotFoundException: me/lemo/fading_clouds/block/FadingCloudBlock)
[22:07:02] [main/WARN]: @Mixin target me.lemo.fading_clouds.block.FadingCloudBlock was not found academy-common.mixins.json:fadingclouds.MixinFadingCloudBlock from mod academy
[22:07:02] [main/WARN]: Error loading class: com/l33tfox/gliding/util/GliderClientUtil (java.lang.ClassNotFoundException: com/l33tfox/gliding/util/GliderClientUtil)
[22:07:02] [main/WARN]: @Mixin target com.l33tfox.gliding.util.GliderClientUtil was not found academy-common.mixins.json:gliding.MixinGliderClientUtil from mod academy
[22:07:02] [main/WARN]: Error loading class: com/cobblemon/yajatkaul/mega_showdown/event/ModEvents (java.lang.ClassNotFoundException: com/cobblemon/yajatkaul/mega_showdown/event/ModEvents)
[22:07:02] [main/WARN]: @Mixin target com.cobblemon.yajatkaul.mega_showdown.event.ModEvents was not found academy-common.mixins.json:megashowdown.MixinModEvents from mod academy
[22:07:02] [main/WARN]: Error loading class: com/github/d0ctorleon/mythsandlegends/utils/ForceSpawningUtils (java.lang.ClassNotFoundException: com/github/d0ctorleon/mythsandlegends/utils/ForceSpawningUtils)
[22:07:02] [main/WARN]: @Mixin target com.github.d0ctorleon.mythsandlegends.utils.ForceSpawningUtils was not found academy-common.mixins.json:mythsandlegends.MixinForceSpawningUtils from mod academy
[22:07:02] [main/WARN]: Error loading class: com/github/d0ctorleon/mythsandlegends/utils/FormAndAspectUtils (java.lang.ClassNotFoundException: com/github/d0ctorleon/mythsandlegends/utils/FormAndAspectUtils)
[22:07:02] [main/WARN]: @Mixin target com.github.d0ctorleon.mythsandlegends.utils.FormAndAspectUtils was not found academy-common.mixins.json:mythsandlegends.MixinFormAndAspectUtils from mod academy
[22:07:02] [main/WARN]: Error loading class: com/github/d0ctorleon/mythsandlegends/items/Items (java.lang.ClassNotFoundException: com/github/d0ctorleon/mythsandlegends/items/Items)
[22:07:02] [main/WARN]: @Mixin target com.github.d0ctorleon.mythsandlegends.items.Items was not found academy-common.mixins.json:mythsandlegends.MixinItems from mod academy
[22:07:02] [main/WARN]: Error loading class: com/github/d0ctorleon/mythsandlegends/items/KeyItem (java.lang.ClassNotFoundException: com/github/d0ctorleon/mythsandlegends/items/KeyItem)
[22:07:02] [main/WARN]: @Mixin target com.github.d0ctorleon.mythsandlegends.items.KeyItem was not found academy-common.mixins.json:mythsandlegends.MixinKeyItem from mod academy
[22:07:02] [main/WARN]: Error loading class: com/github/d0ctorleon/mythsandlegends/cobblemon/spawning/condition/keyitem/KeyItemConditions$KeyItem (java.lang.ClassNotFoundException: com/github/d0ctorleon/mythsandlegends/cobblemon/spawning/condition/keyitem/KeyItemConditions$KeyItem)
[22:07:02] [main/WARN]: @Mixin target com.github.d0ctorleon.mythsandlegends.cobblemon.spawning.condition.keyitem.KeyItemConditions$KeyItem was not found academy-common.mixins.json:mythsandlegends.MixinKeyItemConditions from mod academy
[22:07:02] [main/WARN]: Error loading class: com/github/d0ctorleon/mythsandlegends/utils/PlayerDataUtils (java.lang.ClassNotFoundException: com/github/d0ctorleon/mythsandlegends/utils/PlayerDataUtils)
[22:07:02] [main/WARN]: @Mixin target com.github.d0ctorleon.mythsandlegends.utils.PlayerDataUtils was not found academy-common.mixins.json:mythsandlegends.MixinPlayerDataUtils from mod academy
[22:07:02] [main/WARN]: Error loading class: com/github/d0ctorleon/mythsandlegends/events/PlayerEvents (java.lang.ClassNotFoundException: com/github/d0ctorleon/mythsandlegends/events/PlayerEvents)
[22:07:02] [main/WARN]: @Mixin target com.github.d0ctorleon.mythsandlegends.events.PlayerEvents was not found academy-common.mixins.json:mythsandlegends.MixinPlayerEvents from mod academy
[22:07:02] [main/WARN]: Error loading class: com/glisco/numismaticoverhaul/client/gui/PurseLayerElement (java.lang.ClassNotFoundException: com/glisco/numismaticoverhaul/client/gui/PurseLayerElement)
[22:07:02] [main/WARN]: @Mixin target com.glisco.numismaticoverhaul.client.gui.PurseLayerElement was not found academy-common.mixins.json:numismaticoverhaul.MixinPurseLayerElement from mod academy
[22:07:02] [main/WARN]: Error loading class: com/glisco/numismaticoverhaul/block/ShopBlock (java.lang.ClassNotFoundException: com/glisco/numismaticoverhaul/block/ShopBlock)
[22:07:02] [main/WARN]: @Mixin target com.glisco.numismaticoverhaul.block.ShopBlock was not found academy-common.mixins.json:numismaticoverhaul.MixinShopBlock from mod academy
[22:07:02] [main/WARN]: Error loading class: com/glisco/numismaticoverhaul/block/ShopBlockEntity (java.lang.ClassNotFoundException: com/glisco/numismaticoverhaul/block/ShopBlockEntity)
[22:07:02] [main/WARN]: @Mixin target com.glisco.numismaticoverhaul.block.ShopBlockEntity was not found academy-common.mixins.json:numismaticoverhaul.MixinShopBlockEntity from mod academy
[22:07:02] [main/WARN]: Error loading class: com/scouter/cobblemonoutbreaks/portal/entity/OutbreakPortalEntity (java.lang.ClassNotFoundException: com/scouter/cobblemonoutbreaks/portal/entity/OutbreakPortalEntity)
[22:07:02] [main/WARN]: @Mixin target com.scouter.cobblemonoutbreaks.portal.entity.OutbreakPortalEntity was not found academy-common.mixins.json:outbreaks.MixinOutbreakPortalEntity from mod academy
[22:07:02] [main/WARN]: Error loading class: com/scouter/cobblemonoutbreaks/util/PortalUtils (java.lang.ClassNotFoundException: com/scouter/cobblemonoutbreaks/util/PortalUtils)
[22:07:02] [main/WARN]: @Mixin target com.scouter.cobblemonoutbreaks.util.PortalUtils was not found academy-common.mixins.json:outbreaks.MixinPortalUtils from mod academy
[22:07:02] [main/WARN]: Error loading class: dev/darcosse/chimeras/fabric/entity/WormholeEntity (java.lang.ClassNotFoundException: dev/darcosse/chimeras/fabric/entity/WormholeEntity)
[22:07:02] [main/WARN]: @Mixin target dev.darcosse.chimeras.fabric.entity.WormholeEntity was not found academy-common.mixins.json:ultrabeasts.MixinWormholeEntity from mod academy
[22:07:02] [main/WARN]: Error loading class: com/ddmc/display/client/BlockFrameBlockRenderer (java.lang.ClassNotFoundException: com/ddmc/display/client/BlockFrameBlockRenderer)
[22:07:02] [main/WARN]: @Mixin target com.ddmc.display.client.BlockFrameBlockRenderer was not found academy-common.mixins.json:display.MixinBlockFrameBlockRenderer from mod academy
[22:07:02] [main/WARN]: Error loading class: com/cobblemon/yajatkaul/mega_showdown/utility/backporting/BattleTargetSelection (java.lang.ClassNotFoundException: com/cobblemon/yajatkaul/mega_showdown/utility/backporting/BattleTargetSelection)
[22:07:02] [main/WARN]: @Mixin target com.cobblemon.yajatkaul.mega_showdown.utility.backporting.BattleTargetSelection was not found academy-common.mixins.json:megashowdown.MixinBattleTargetSelection from mod academy
[22:07:03] [main/WARN]: Error loading class: com/seibel/distanthorizons/core/dataObjects/render/bufferBuilding/LodBufferContainer (java.lang.ClassNotFoundException: com/seibel/distanthorizons/core/dataObjects/render/bufferBuilding/LodBufferContainer)
[22:07:03] [main/WARN]: @Mixin target com.seibel.distanthorizons.core.dataObjects.render.bufferBuilding.LodBufferContainer was not found chunksfadein_dh.mixins.json:iris.IrisLodBufferContainerMixin from mod chunksfadein
[22:07:03] [main/WARN]: Error loading class: com/seibel/distanthorizons/core/render/renderer/LodRenderer (java.lang.ClassNotFoundException: com/seibel/distanthorizons/core/render/renderer/LodRenderer)
[22:07:03] [main/WARN]: @Mixin target com.seibel.distanthorizons.core.render.renderer.LodRenderer was not found chunksfadein_dh.mixins.json:iris.IrisLodRendererMixin from mod chunksfadein
[22:07:03] [main/WARN]: Error loading class: juuxel/adorn/block/variant/BlockVariantSets (java.lang.ClassNotFoundException: juuxel/adorn/block/variant/BlockVariantSets)
[22:07:03] [main/WARN]: @Mixin target juuxel.adorn.block.variant.BlockVariantSets was not found mixins.cobblemon-common.json:invoker.AdornRegisterInvoker from mod cobblemon
[22:07:03] [main/WARN]: Error loading class: dev/tr7zw/notenoughanimations/animations/fullbody/CrawlingAnimation (java.lang.ClassNotFoundException: dev/tr7zw/notenoughanimations/animations/fullbody/CrawlingAnimation)
[22:07:03] [main/WARN]: @Mixin target dev.tr7zw.notenoughanimations.animations.fullbody.CrawlingAnimation was not found crawl.compat.nea.mixins.json:CrawlingAnimationMixin from mod crawl
[22:07:03] [main/WARN]: Error loading class: dev/tr7zw/firstperson/LogicHandler (java.lang.ClassNotFoundException: dev/tr7zw/firstperson/LogicHandler)
[22:07:03] [main/WARN]: @Mixin target dev.tr7zw.firstperson.LogicHandler was not found crawl.compat.fpm.mixins.json:LogicHandlerMixin from mod crawl
[22:07:03] [main/WARN]: Error loading class: traben/entity_model_features/models/animation/EMFAnimationEntityContext (java.lang.ClassNotFoundException: traben/entity_model_features/models/animation/EMFAnimationEntityContext)
[22:07:04] [main/WARN]: Faster Random was unable to load!
WARNING: Your Java Virtual Machine (JVM) does not implement RandomGeneratorFactory and/or L64X128MixRandom, which Faster Random requires to run.
Please use a supported JVM such as Azul Zulu (https://www.azul.com/downloads/#zulu) or GraalVM (https://www.graalvm.org/downloads/).
Your JVM, OpenJDK 64-Bit Server VM version 21.0.9+10-LTS, is not suitable for Faster Random. Faster Random will disable itself.

[22:07:04] [main/WARN]: Error loading class: xyz/nucleoid/server/translations/impl/language/SystemDelegatedLanguage (java.lang.ClassNotFoundException: xyz/nucleoid/server/translations/impl/language/SystemDelegatedLanguage)
[22:07:05] [main/WARN]: Error loading class: com/aetherteam/aether/event/listeners/EntityListener (java.lang.ClassNotFoundException: com/aetherteam/aether/event/listeners/EntityListener)
[22:07:05] [main/WARN]: @Mixin target com.aetherteam.aether.event.listeners.EntityListener was not found rad-gyms.mixins.json:server.compat.OnAetherEntityInteract from mod rad-gyms
[22:07:05] [main/WARN]: Force-disabling mixin 'features.render.world.sky.FogRendererMixin' as rule 'mixin.features.render.world.sky' (added by mods [iris]) disables it and children
[22:07:05] [main/WARN]: Force-disabling mixin 'features.render.world.sky.ClientLevelMixin' as rule 'mixin.features.render.world.sky' (added by mods [iris]) disables it and children
[22:07:05] [main/WARN]: Force-disabling mixin 'features.render.world.sky.LevelRendererMixin' as rule 'mixin.features.render.world.sky' (added by mods [iris]) disables it and children
[22:07:05] [main/WARN]: Error loading class: net/strobel/inventive_inventory/features/sorting/SortingHandler (java.lang.ClassNotFoundException: net/strobel/inventive_inventory/features/sorting/SortingHandler)
[22:07:05] [main/WARN]: Error loading class: de/rubixdev/inventorio/player/InventorioScreenHandler (java.lang.ClassNotFoundException: de/rubixdev/inventorio/player/InventorioScreenHandler)
[22:07:05] [main/WARN]: Error loading class: net/blay09/mods/trashslot/client/deletion/DefaultDeletionProvider (java.lang.ClassNotFoundException: net/blay09/mods/trashslot/client/deletion/DefaultDeletionProvider)
[22:07:05] [main/WARN]: Error loading class: me/shedaniel/rei/plugin/client/exclusionzones/DefaultPotionEffectExclusionZones (java.lang.ClassNotFoundException: me/shedaniel/rei/plugin/client/exclusionzones/DefaultPotionEffectExclusionZones)
[22:07:05] [main/WARN]: Error loading class: org/jetbrains/annotations/ApiStatus$Internal (java.lang.ClassNotFoundException: org/jetbrains/annotations/ApiStatus$Internal)
[22:07:06] [main/WARN]: Error loading class: org/jetbrains/annotations/ApiStatus$Internal (java.lang.ClassNotFoundException: org/jetbrains/annotations/ApiStatus$Internal)
[22:07:06] [main/INFO]: Searching for graphics cards...
[22:07:06] [main/INFO]: Found graphics adapter: AdapterInfo{vendor=AMD, description='AMD Radeon(TM) Graphics', adapterType=0x00002323, openglIcdFilePath='C:\WINDOWS\System32\DriverStore\FileRepository\u0417877.inf_amd64_8b2c2b61b3f8a9e5\B417004\atig6pxx.dll', openglIcdVersion=31.0.21923.11000}
[22:07:06] [main/INFO]: Found graphics adapter: AdapterInfo{vendor=NVIDIA, description='NVIDIA GeForce RTX 3060', adapterType=0x0000031B, openglIcdFilePath='C:\WINDOWS\System32\DriverStore\FileRepository\nvhdc.inf_amd64_28c1ca1ab551c546\nvoglv64.dll', openglIcdVersion=32.0.15.8163}
[22:07:06] [main/WARN]: Sodium has applied one or more workarounds to prevent crashes or other issues on your system: [NVIDIA_THREADED_OPTIMIZATIONS_BROKEN]
[22:07:06] [main/WARN]: This is not necessarily an issue, but it may result in certain features or optimizations being disabled. You can sometimes fix these issues by upgrading your graphics driver.
[22:07:06] [main/INFO]: Initializing MixinExtras via com.llamalad7.mixinextras.service.MixinExtrasServiceImpl(version=0.5.0).
[22:07:06] [main/INFO]: EuphoriaPatcher: I'm in space.
[22:07:06] [main/INFO]: EuphoriaPatcher: EuphoriaPatches_1.6.5 is already installed.
[22:07:06] [main/INFO]: 

EuphoriaPatcher: Thank you for using Euphoria Patches - SpacEagle17

[22:07:08] [Datafixer Bootstrap/INFO]: 226 Datafixer optimizations took 489 milliseconds
[22:07:13] [main/WARN]: Static binding violation: PRIVATE @Overwrite method method_21740 in modernfix-common.mixins.json:perf.remove_biome_temperature_cache.BiomeMixin from mod modernfix cannot reduce visibiliy of PUBLIC target method, visibility will be upgraded.
[22:07:15] [main/WARN]: Method overwrite conflict for scheduleRandomTick in ohthetreesyoullgrow.mixins.json:chunk.MixinChunkAccess from mod ohthetreesyoullgrow, previously written by corgitaco.corgilib.mixin.chunk.MixinChunkAccess. Skipping method.
[22:07:15] [main/WARN]: Method overwrite conflict for getScheduledRandomTicks in ohthetreesyoullgrow.mixins.json:chunk.MixinChunkAccess from mod ohthetreesyoullgrow, previously written by corgitaco.corgilib.mixin.chunk.MixinChunkAccess. Skipping method.
[22:07:18] [main/INFO]: Vanilla bootstrap took 7869 milliseconds
[22:07:18] [main/INFO]: Completely ignored arguments: [, , ]
[22:07:18] [Render thread/INFO]: Environment: Environment[sessionHost=https://sessionserver.mojang.com, servicesHost=https://api.minecraftservices.com, name=PROD]
[22:07:19] [OkHttp https://api.cobblemon.academy/.../ERROR]: Failed to read from or write to the web socket.
[22:07:21] [Render thread/WARN]: Decoding splash frames took 2.5144311 seconds.
[22:07:23] [Render thread/INFO]: Setting user: Maghrebinfoutu
[22:07:24] [Render thread/INFO]: Loaded config for: cupboard.json
[22:07:25] [Render thread/INFO]: Loaded config enchantmentdisabler:config in 941ms
[22:07:26] [Render thread/INFO]: [Regions Unexplored] generating and loading config
[22:07:26] [Render thread/INFO]: Registering S2C receiver with id academy:update_player_profile
[22:07:26] [Render thread/INFO]: Registering S2C receiver with id academy:update_star_badge_s2c
[22:07:26] [Render thread/INFO]: Registering S2C receiver with id academy:update_starter_raffle_s2c
[22:07:26] [Render thread/INFO]: Registering S2C receiver with id academy:update_safari_s2c
[22:07:26] [Render thread/INFO]: Registering S2C receiver with id academy:update_safari_config_s2c
[22:07:26] [Render thread/INFO]: Registering S2C receiver with id academy:update_outfit_s2c
[22:07:26] [Render thread/INFO]: Registering S2C receiver with id academy:update_shoot_star_s2c
[22:07:26] [Render thread/INFO]: Registering S2C receiver with id academy:update_house_s2c
[22:07:26] [Render thread/INFO]: Registering S2C receiver with id academy:open_summary_s2c
[22:07:26] [Render thread/INFO]: Registering S2C receiver with id academy:update_card_grading_s2c
[22:07:26] [Render thread/INFO]: Registering S2C receiver with id academy:play_sound_s2c
[22:07:26] [Render thread/INFO]: Registering S2C receiver with id academy:world_keys_update_s2c
[22:07:26] [Render thread/INFO]: Registering S2C receiver with id academy:update_armor_display_s2c
[22:07:26] [Render thread/INFO]: Registering S2C receiver with id academy:update_nick_s2c
[22:07:26] [Render thread/INFO]: Registering S2C receiver with id academy:item_registry_s2c
[22:07:26] [Render thread/INFO]: Registering C2S receiver with id academy:update_better_structure_block_c2s
[22:07:26] [Render thread/INFO]: Registering C2S receiver with id academy:update_outfit_c2s
[22:07:26] [Render thread/INFO]: Registering C2S receiver with id academy:select_booster_pack_c2s
[22:07:26] [Render thread/INFO]: Registering C2S receiver with id academy:sacrifice_pokedex_c2s
[22:07:26] [Render thread/INFO]: Registering C2S receiver with id academy:broadcast_item_c2s
[22:07:26] [Render thread/INFO]: Registering C2S receiver with id academy:confirm_acceptance_letter_c2s
[22:07:26] [Render thread/INFO]: Registering C2S receiver with id academy:toggle_armor_display_c2s
[22:07:26] [Render thread/ERROR]: No data fixer registered for star_badge
[22:07:27] [Render thread/ERROR]: No data fixer registered for dueling_glove
[22:07:27] [Render thread/ERROR]: No data fixer registered for slingshot
[22:07:27] [Render thread/ERROR]: No data fixer registered for partner_npc
[22:07:27] [Render thread/ERROR]: No data fixer registered for safari_npc
[22:07:27] [Render thread/ERROR]: No data fixer registered for nurse_npc
[22:07:27] [Render thread/ERROR]: No data fixer registered for card_grader_npc
[22:07:27] [Render thread/ERROR]: No data fixer registered for shooting_star
[22:07:27] [Render thread/WARN]: @Inject(@At("INVOKE")) Shift.BY=2 on accessories_compat_layer-trinkets.mixins.json:client.LivingEntityRendererMixin from mod accessories_compat_layer::handler$zio000$accessories_compat_layer$tclayer$toggleOnEntityAccessoriesToCosmeticLookup exceeds the maximum allowed value: 0. Increase the value of maxShiftBy to suppress this warning.
[22:07:27] [Render thread/INFO]: Setting up compat modules for Accessories!
[22:07:27] [Render thread/INFO]: Registered Trinkets Reloaded Listeners
[22:07:28] [Render thread/INFO]: Loaded config file: arc-common.yaml
[22:07:28] [Render thread/INFO]: Saved config file: arc-common.yaml
[22:07:28] [Render thread/INFO]: Registering S2C receiver with id arc:clientbound_update_actions
[22:07:28] [Render thread/INFO]: Registering S2C receiver with id arc:clientbound_update_action_holders
[22:07:28] [Render thread/INFO]: Registering S2C receiver with id arc:clientbound_action_screen
[22:07:28] [Render thread/INFO]: Registering S2C receiver with id arc:clientbound_sync_player_action_holders
[22:07:28] [Render thread/INFO]: Registering S2C receiver with id arc:clientbound_action_holders_screen_packet
[22:07:28] [Render thread/ERROR]: No data fixer registered for arts_and_crafts:floating_block
[22:07:28] [Render thread/ERROR]: No data fixer registered for arts_and_crafts:boat
[22:07:28] [Render thread/ERROR]: No data fixer registered for arts_and_crafts:chest_boat
[22:07:29] [Render thread/INFO]: Better Compatibility Checker starting
[22:07:29] [Render thread/INFO]: Loading config file
[22:07:29] [Render thread/INFO]: Config file loaded
[22:07:29] [Render thread/INFO]: Initializing network...
[22:07:29] [Render thread/INFO]: Initialized network!
[22:07:29] [Render thread/INFO]: Registering Oh The Biomes We've Gone data components
[22:07:29] [Render thread/ERROR]: No data fixer registered for man_o_war
[22:07:29] [Render thread/ERROR]: No data fixer registered for pumpkin_warden
[22:07:29] [Render thread/ERROR]: No data fixer registered for oddion
[22:07:29] [Render thread/ERROR]: No data fixer registered for wreath
[22:07:30] [Render thread/INFO]: Registering Oh The Biomes We've Gone items
[22:07:30] [Render thread/INFO]: Registering Oh The Biomes We've Gone Blocks
[22:07:30] [Render thread/INFO]: Registering Oh The Biomes We've Gone Wood
[22:07:30] [Render thread/ERROR]: No data fixer registered for biomeswevegone:sign
[22:07:30] [Render thread/ERROR]: No data fixer registered for biomeswevegone:hanging_sign
[22:07:30] [Render thread/ERROR]: No data fixer registered for biomeswevegone:pumpkin_burrow
[22:07:30] [Render thread/INFO]: Registering Oh The Biomes We've Gone Block Entities
[22:07:30] [Render thread/INFO]: Registering Oh The Biomes We've Gone Entities
[22:07:30] [Render thread/INFO]: Registering Oh The Biomes We've Gone Creative Tabs
[22:07:30] [Render thread/INFO]: Registering Oh The Biomes We've Gone Sounds
[22:07:30] [Render thread/INFO]: Registering Oh The Biomes We've Gone Block Predicate
[22:07:30] [Render thread/INFO]: Registering Oh The Biomes We've Gone State Providers
[22:07:30] [Render thread/INFO]: Registering Oh The Biomes We've Gone Tree Decorators
[22:07:30] [Render thread/INFO]: Registering Oh The Biomes We've Gone Custom Features
[22:07:30] [Render thread/INFO]: Registering Oh The Biomes We've Gone Structure Pieces
[22:07:30] [Render thread/INFO]: Registering Oh The Biomes We've Gone Custom Structure Types
[22:07:30] [Render thread/INFO]: Registering Oh The Biomes We've Gone Configured Features
[22:07:30] [Render thread/INFO]: Creating and Registering Overworld Vegetation Configured Features
[22:07:30] [Render thread/INFO]: Registering Oh The Biomes We've Gone Tree Configured Features
[22:07:30] [Render thread/INFO]: Creating and Registering Vanilla Configured Features
[22:07:30] [Render thread/INFO]: Registering Oh The Biomes You'll Go Overworld Configured Features
[22:07:30] [Render thread/INFO]: Registering Oh The Biomes We've Gone Placed Features
[22:07:30] [Render thread/INFO]: Creating and Registering Overworld Tree Placed Features
[22:07:30] [Render thread/INFO]: Creating and Registering Overworld Vegetation Placed Features
[22:07:30] [Render thread/INFO]: Creating and Registering Vanilla Placed Features
[22:07:30] [Render thread/INFO]: Registering Oh The Biomes We've Gone Custom Surface Rules
[22:07:30] [Render thread/INFO]: Registering Oh The Biomes We've Gone Template Pools
[22:07:30] [Render thread/INFO]: Registering Oh The Biome's We've Gone Village Template Pools
[22:07:30] [Render thread/INFO]: Registering Oh The Biomes We've Gone Poi Types
[22:07:30] [Render thread/INFO]: Registering Oh The Biomes We've Gone Villager Professions
[22:07:30] [Render thread/INFO]: Registering Oh The Biomes We've Gone Custom Structure Processors
[22:07:30] [Render thread/INFO]: Registering Oh The Biomes We've Gone villager types
[22:07:30] [Render thread/INFO]: Registering Oh The Biomes We've Gone Schedules
[22:07:30] [Render thread/INFO]: Registering Oh The Biomes We've Gone Memory Module Types
[22:07:30] [Render thread/INFO]: Registering Oh The Biomes We've Gone Sensor Types
[22:07:30] [Render thread/INFO]: Registering Oh The Biomes We've Gone Map Decoration Types
[22:07:30] [Render thread/INFO]: Registering Oh The Biomes We've Gone Entity SubPredicates
[22:07:30] [Render thread/INFO]: Creating and Registering BWG Biome Modifiers for Vanilla Biomes
[22:07:30] [Render thread/INFO]: [Chalk 2.2.1-release.1] Initializing Chalk...
[22:07:30] [Render thread/INFO]: [Chalk 2.2.1-release.1] Registering blocks and items...
[22:07:30] [Render thread/INFO]: [Chalk 2.2.1-release.1] Finished initializing Chalk!
[22:07:30] [Render thread/INFO]: ChatAnimation initialized!
[22:07:31] [Render thread/INFO]: Registering C2S receiver with id cobblefurnies:craft_recipe
[22:07:31] [Render thread/INFO]: Registering S2C receiver with id cobblefurnies:craftable_recipes_sync
[22:07:31] [Render thread/INFO]: Booting LaxPermissionValidator, permissions will be checked using Minecrafts permission level system, see https://minecraft.fandom.com/wiki/Permission_level
[22:07:31] [Render thread/INFO]: Launching Cobblemon 1.7.1 
[22:07:31] [Render thread/INFO]: Booting FabricPermissionValidator, permissions will be checked using fabric-permissions-api, see https://github.com/lucko/fabric-permissions-api
[22:07:31] [Render thread/ERROR]: No data fixer registered for cobblemon:pokemon
[22:07:31] [Render thread/ERROR]: No data fixer registered for cobblemon:empty_pokeball
[22:07:31] [Render thread/ERROR]: No data fixer registered for cobblemon:boat
[22:07:31] [Render thread/ERROR]: No data fixer registered for cobblemon:chest_boat
[22:07:31] [Render thread/ERROR]: No data fixer registered for cobblemon:poke_bobber
[22:07:31] [Render thread/ERROR]: No data fixer registered for cobblemon:generic_bedrock
[22:07:31] [Render thread/ERROR]: No data fixer registered for cobblemon:npc
[22:07:32] [Render thread/INFO]: Starting the Best Spawner...
[22:07:32] [Render thread/INFO]: Loaded 7 spawning condition types.
[22:07:32] [Render thread/INFO]: Loaded 6 spawnable position types.
[22:07:32] [Render thread/INFO]: Loaded 3 spawn detail types.
[22:07:32] [Cobblemon Showdown/INFO]: Starting showdown service...
[22:07:32] [Cobblemon Showdown/INFO]: Loaded fallback file: .\showdown\data\moves.js
[22:07:32] [Cobblemon Showdown/INFO]: Loaded fallback file: .\showdown\sim\battle-actions.js
[22:07:32] [Cobblemon Showdown/INFO]: Loaded fallback file: .\showdown\sim\pokemons.js
[22:07:32] [Cobblemon Showdown/INFO]: Loaded fallback file: .\showdown\data\abilities.js
[22:07:32] [Cobblemon Showdown/INFO]: Loaded fallback file: .\showdown\sim\side.js
[22:07:32] [Cobblemon Showdown/INFO]: Loaded fallback file: .\showdown\data\conditions.js
[22:07:32] [Cobblemon Showdown/INFO]: Loaded fallback file: .\showdown\index.js
[22:07:32] [Cobblemon Showdown/INFO]: All files are ready!
[22:07:41] [Cobblemon Showdown/INFO]: Showdown has been started!
[22:07:41] [Render thread/INFO]: Note: Cobblemon data registries are only loaded once per server instance as Pokémon species are not safe to reload.
[22:07:41] [Render thread/INFO]: Registered the mega_showdown:showdown/conditions registry
[22:07:41] [Render thread/INFO]: Registered the mega_showdown:showdown/held_items registry
[22:07:41] [Render thread/INFO]: Registered the mega_showdown:showdown/typecharts registry
[22:07:41] [Render thread/INFO]: Registered the mega_showdown:showdown/scripts registry
[22:07:41] [Render thread/INFO]: Registered the cobblemon:molang registry
[22:07:41] [Render thread/INFO]: Registered the cobblemon:species_features registry
[22:07:41] [Render thread/INFO]: Registered the cobblemon:global_species_features registry
[22:07:41] [Render thread/INFO]: Registered the cobblemon:species_feature_assignments registry
[22:07:41] [Render thread/INFO]: Registered the cobblemon:action_effects registry
[22:07:41] [Render thread/INFO]: Registered the cobblemon:moves registry
[22:07:41] [Render thread/INFO]: Registered the cobblemon:abilities registry
[22:07:41] [Render thread/INFO]: Registered the cobblemon:behaviours registry
[22:07:41] [Render thread/INFO]: Registered the cobblemon:species registry
[22:07:41] [Render thread/INFO]: Registered the cobblemon:species_additions registry
[22:07:41] [Render thread/INFO]: Registered the cobblemon:pokeballs registry
[22:07:41] [Render thread/INFO]: Registered the cobblemon:properties_tab_completion registry
[22:07:41] [Render thread/INFO]: Registered the cobblemon:spawn_detail_presets registry
[22:07:41] [Render thread/INFO]: Registered the cobblemon:spawn_rules registry
[22:07:41] [Render thread/INFO]: Registered the cobblemon:mechanics registry
[22:07:41] [Render thread/INFO]: Registered the cobblemon:bag_items registry
[22:07:41] [Render thread/INFO]: Registered the cobblemon:held_items registry
[22:07:41] [Render thread/INFO]: Registered the cobblemon:dialogues registry
[22:07:41] [Render thread/INFO]: Registered the cobblemon:natural_materials registry
[22:07:41] [Render thread/INFO]: Registered the cobblemon:fossils registry
[22:07:41] [Render thread/INFO]: Registered the cobblemon:npc_preset registry
[22:07:41] [Render thread/INFO]: Registered the cobblemon:npc registry
[22:07:41] [Render thread/INFO]: Registered the cobblemon:dex_entries registry
[22:07:41] [Render thread/INFO]: Registered the cobblemon:dex_entry_additions registry
[22:07:41] [Render thread/INFO]: Registered the cobblemon:dexes registry
[22:07:41] [Render thread/INFO]: Registered the cobblemon:dex_additions registry
[22:07:41] [Render thread/INFO]: Registered the cobblemon:cosmetic_items registry
[22:07:41] [Render thread/INFO]: Registered the cobblemon:callbacks registry
[22:07:41] [Render thread/INFO]: Registered the cobblemon:unlockable_pc_box_wallpapers registry
[22:07:41] [Render thread/INFO]: Registered the cobblemon:marks registry
[22:07:41] [Render thread/INFO]: Registered the cobblemon:starters registry
[22:07:41] [Render thread/INFO]: Registered the cobblemon:spawn_pool_world registry
[22:07:41] [Render thread/INFO]: Registered the cobblemon:pokerods registry
[22:07:41] [Render thread/INFO]: Registered the cobblemon:berries registry
[22:07:41] [Render thread/INFO]: Registered the cobblemon:seasonings registry
[22:07:41] [Render thread/INFO]: Registered the cobblemon:pokemon_interactions registry
[22:07:41] [Render thread/INFO]: Registered the cobblemon:spawn_bait_effects registry
[22:07:41] [Render thread/INFO]: Registered the cobblemon:ride_settings registry
[22:07:41] [Render thread/INFO]: Battle Factory event handlers registered successfully
[22:07:41] [Render thread/INFO]: Loaded Battle Factory Tower config: §6§lDelta Battle Tower with 7 arenas
[22:07:43] [Render thread/INFO]: CobblemonSpawnAlerts server initializing...
[22:07:43] [Render thread/INFO]: Config file `server.json` loaded successfully.
[22:07:43] [Render thread/INFO]: Config file `server.json` saved successfully.
[22:07:43] [Render thread/INFO]: Cobblemon Wonder Trade initializing...
[22:07:43] [Render thread/INFO]: Initialising cobblemonraiddens
[22:07:43] [Render thread/INFO]: Registering Mod Blocks for cobblemontrialsedition
[22:07:43] [Render thread/INFO]: Registering Block Entities for cobblemontrialsedition
[22:07:43] [Render thread/INFO]: Registering Particles for cobblemontrialsedition
[22:07:43] [Render thread/INFO]: Registering Potions for cobblemontrialsedition
[22:07:43] [Render thread/INFO]: Registering Mod Sounds forcobblemontrialsedition
[22:07:43] [Render thread/INFO]: Registering Item Groups for cobblemontrialsedition
[22:07:43] [Render thread/INFO]: Registered the cobblenav:biome_platforms registry
[22:07:43] [Render thread/INFO]: Loading Collective version 8.3.
[22:07:43] [Render thread/INFO]: Initialized entity types.
[22:07:43] [Render thread/INFO]: Register Custom Payloads for Networking.
[22:07:43] [Render thread/INFO]: ConstructionWand says hello - may the odds be ever in your favor.
[22:07:43] [Render thread/INFO]: Registering Mod Items for cozyhome
[22:07:44] [Render thread/INFO]: Registering ModBlocks for cozyhome
[22:07:44] [Render thread/INFO]: Registering block entities for cozyhome
[22:07:44] [Render thread/INFO]: Registering Item Groups for cozyhome
[22:07:44] [Render thread/INFO]: Registering Sounds for cozyhome
[22:07:44] [Render thread/INFO]: Registering Mod Data Components for cozyhome
[22:07:44] [Render thread/INFO]: Initiating crd_broadcasts
[22:07:44] [Render thread/INFO]: Initiating crd_converters
[22:07:44] [Render thread/INFO]: [DRIPPY LOADING SCREEN] Loading v3.1.0 in client-side mode on FABRIC!
[22:07:44] [Render thread/INFO]: Loaded config :emi_loot_config in 147ms
[22:07:45] [Render thread/INFO]: Exposure Polaroid hook successful.
[22:07:45] [Render thread/INFO]: [FANCYMENU] Loading v3.8.1 in client-side mode on FABRIC!
[22:07:45] [Render thread/INFO]: Registered: key.fancytoasts.config_menu
[22:07:45] [Render thread/INFO]: Registered: fancytoasts:textures/toast/vanilla.png
[22:07:45] [Render thread/INFO]: Registered: fancytoasts:textures/toast/nature.png
[22:07:45] [Render thread/INFO]: Registered: fancytoasts:textures/toast/og.png
[22:07:45] [Render thread/INFO]: Registered: fancytoasts:textures/toast/modern.png
[22:07:45] [Render thread/INFO]: Registered: fancytoasts:textures/toast/steamy.png
[22:07:45] [Render thread/INFO]: Registered: fancytoasts:textures/toast/terracraft.png
[22:07:45] [Render thread/INFO]: Registered: fancytoasts:textures/toast/landspaper.png
[22:07:45] [Render thread/INFO]: Registered: fancytoasts:animations/toast/standard
[22:07:45] [Render thread/INFO]: Registered: fancytoasts:animations/toast/playful
[22:07:45] [Render thread/INFO]: Registered: fancytoasts:animations/toast/quirky
[22:07:45] [Render thread/INFO]: Registered: fancytoasts:animations/toast/oldlike
[22:07:45] [Render thread/INFO]: Loaded net.bivrik.fancytoasts.platform.FabricPlatformHelper@73d55e41 for service interface net.bivrik.fancytoasts.platform.services.IPlatformHelper
[22:07:45] [Render thread/INFO]: Loaded net.bivrik.fancytoasts.platform.FabricJadeHelper@6827cf88 for service interface net.bivrik.fancytoasts.platform.services.IJadeHelper
[22:07:45] [Render thread/INFO]: Loaded net.bivrik.fancytoasts.platform.FabricFTBQuestsHelper@28f5cd49 for service interface net.bivrik.fancytoasts.platform.services.IFTBQuestsHelper
[22:07:45] [Render thread/INFO]: Initialization on Fabric in a production environment
[22:07:45] [Render thread/INFO]: Successfully read config file with following content:
[22:07:45] [Render thread/INFO]: ToastConfigData{path='./config/fancytoasts/toast.json', version='1', textureId='fancytoasts:textures/toast/modern.png', animationId='fancytoasts:animations/toast/standard', soundIds='{TASK=minecraft:entity.allay.ambient_with_item, GOAL=minecraft:entity.firework_rocket.twinkle_far, CHALLENGE=minecraft:ui.toast.challenge_complete}'}
[22:07:45] [Render thread/INFO]: Successfully read config file with following content:
[22:07:45] [Render thread/INFO]: GeneralConfigData{path='./config/fancytoasts/general.json', version='1', isJadeHiding='true', areSoundsEnabled='false', taskVolume='0.0', goalVolume='0.0', challengeVolume='0.0', loopsStrength='1.0', loopsSpeed='1.0', offsetX='0', offsetY='-50', toastAnchor='TOP', toastScreenBehavior='TRANSPARENT'}
[22:07:45] [Render thread/INFO]: Successfully read config file with following content:
[22:07:45] [Render thread/INFO]: ToastsFilteringData{path='./config/fancytoasts/toast_filtering.json', version='1', fancyAdvancementToastsEnabled='true', fancyQuestsToastsEnabled='true', advancementToastsEnabled='true', recipeToastsEnabled='true', systemToastsEnabled='true', tutorialToastsEnabled='false', typesToIgnore='{TASK=false, GOAL=false, CHALLENGE=false}', toastsToIgnore='[cobblemon:root, cobblemon:craft_poke_ball, cobblemon:craft_pokedex, cobblemon:any_plant, cobblemon:harvest_apricorn_seed, academy:winter/root]'}
[22:07:45] [ForkJoinPool.commonPool-worker-5/WARN]: Status: 404
[22:07:45] [ForkJoinPool.commonPool-worker-5/ERROR]: Failed to read response's body
[22:07:45] [ForkJoinPool.commonPool-worker-5/ERROR]: Failed to get credits
[22:07:45] [Render thread/WARN]: Returning fallback for credits
[22:07:45] [Render thread/INFO]: Loaded config farmersdelight-common.json
[22:07:45] [Render thread/INFO]: Loaded config farmersdelight-client.json
[22:07:45] [Render thread/INFO]: Initiating fireworkcapsules
[22:07:46] [Render thread/INFO]: Registering C2S receiver with id ftbchunks:request_chunk_change_packet
[22:07:46] [Render thread/INFO]: Registering C2S receiver with id ftbchunks:request_map_data_packet
[22:07:46] [Render thread/INFO]: Registering C2S receiver with id ftbchunks:teleport_from_map_packet
[22:07:46] [Render thread/INFO]: Registering C2S receiver with id ftbchunks:update_force_load_expiry_packet
[22:07:46] [Render thread/INFO]: Registering C2S receiver with id ftbchunks:sync_tx_packet
[22:07:46] [Render thread/INFO]: Registering C2S receiver with id ftbchunks:share_waypoint_packet
[22:07:46] [Render thread/INFO]: Registering S2C receiver with id ftbchunks:add_waypoint_packet
[22:07:46] [Render thread/INFO]: Registering S2C receiver with id ftbchunks:chunk_change_response_packet
[22:07:46] [Render thread/INFO]: Registering S2C receiver with id ftbchunks:loaded_chunk_view_packet
[22:07:46] [Render thread/INFO]: Registering S2C receiver with id ftbchunks:login_data_packet
[22:07:46] [Render thread/INFO]: Registering S2C receiver with id ftbchunks:player_death_packet
[22:07:46] [Render thread/INFO]: Registering S2C receiver with id ftbchunks:player_visibility_packet
[22:07:46] [Render thread/INFO]: Registering S2C receiver with id ftbchunks:request_block_color_packet
[22:07:46] [Render thread/INFO]: Registering S2C receiver with id ftbchunks:send_chunk_packet
[22:07:46] [Render thread/INFO]: Registering S2C receiver with id ftbchunks:send_general_data_packet
[22:07:46] [Render thread/INFO]: Registering S2C receiver with id ftbchunks:send_many_chunks_packet
[22:07:46] [Render thread/INFO]: Registering S2C receiver with id ftbchunks:send_player_position_packet
[22:07:46] [Render thread/INFO]: Registering S2C receiver with id ftbchunks:sync_rx_packet
[22:07:46] [Render thread/INFO]: Registering S2C receiver with id ftbchunks:open_claim_gui_packet
[22:07:46] [Render thread/INFO]: Registering S2C receiver with id ftblibrary:edit_config
[22:07:46] [Render thread/INFO]: Registering S2C receiver with id ftblibrary:edit_config_choice_packet
[22:07:46] [Render thread/INFO]: Registering S2C receiver with id ftblibrary:edit_nbt
[22:07:46] [Render thread/INFO]: Registering S2C receiver with id ftblibrary:sync_known_server_registries
[22:07:46] [Render thread/INFO]: Registering S2C receiver with id ftblibrary:sync_config_from_server_packet
[22:07:46] [Render thread/INFO]: Registering S2C receiver with id ftblibrary:sidebar_button_visibility
[22:07:46] [Render thread/INFO]: Registering S2C receiver with id ftblibrary:sync_game_stage
[22:07:46] [Render thread/INFO]: Registering C2S receiver with id ftblibrary:edit_nbt_response
[22:07:46] [Render thread/INFO]: Registering C2S receiver with id ftblibrary:sync_config_to_server_packet
[22:07:46] [Render thread/INFO]: Registering C2S receiver with id ftbquests:change_chapter_group_message
[22:07:46] [Render thread/INFO]: Registering C2S receiver with id ftbquests:change_progress_message
[22:07:46] [Render thread/INFO]: Registering C2S receiver with id ftbquests:claim_all_rewards_message
[22:07:46] [Render thread/INFO]: Registering C2S receiver with id ftbquests:claim_choice_reward_message
[22:07:46] [Render thread/INFO]: Registering C2S receiver with id ftbquests:claim_reward_message
[22:07:46] [Render thread/INFO]: Registering C2S receiver with id ftbquests:copy_chapter_image_message
[22:07:46] [Render thread/INFO]: Registering C2S receiver with id ftbquests:copy_quest_message
[22:07:46] [Render thread/INFO]: Registering C2S receiver with id ftbquests:create_object_message
[22:07:46] [Render thread/INFO]: Registering C2S receiver with id ftbquests:create_task_at_message
[22:07:46] [Render thread/INFO]: Registering C2S receiver with id ftbquests:delete_object_message
[22:07:46] [Render thread/INFO]: Registering C2S receiver with id ftbquests:edit_object_message
[22:07:46] [Render thread/INFO]: Registering C2S receiver with id ftbquests:force_save_message
[22:07:46] [Render thread/INFO]: Registering C2S receiver with id ftbquests:give_item_to_player
[22:07:46] [Render thread/INFO]: Registering C2S receiver with id ftbquests:get_emergency_items_message
[22:07:46] [Render thread/INFO]: Registering C2S receiver with id ftbquests:move_chapter_group_message
[22:07:46] [Render thread/INFO]: Registering C2S receiver with id ftbquests:move_chapter_message
[22:07:46] [Render thread/INFO]: Registering C2S receiver with id ftbquests:move_movable_message
[22:07:46] [Render thread/INFO]: Registering C2S receiver with id ftbquests:reorder_item
[22:07:46] [Render thread/INFO]: Registering C2S receiver with id ftbquests:request_team_data_message
[22:07:46] [Render thread/INFO]: Registering C2S receiver with id ftbquests:request_translation_table
[22:07:46] [Render thread/INFO]: Registering C2S receiver with id ftbquests:set_custom_image_message
[22:07:46] [Render thread/INFO]: Registering C2S receiver with id ftbquests:submit_task_message
[22:07:46] [Render thread/INFO]: Registering C2S receiver with id ftbquests:sync_structures_request_message
[22:07:46] [Render thread/INFO]: Registering C2S receiver with id ftbquests:sync_translation_to_server
[22:07:46] [Render thread/INFO]: Registering C2S receiver with id ftbquests:block_config_response_message
[22:07:46] [Render thread/INFO]: Registering C2S receiver with id ftbquests:toggle_editing_mode_message
[22:07:46] [Render thread/INFO]: Registering C2S receiver with id ftbquests:toggle_pinned_message
[22:07:46] [Render thread/INFO]: Registering S2C receiver with id ftbquests:change_chapter_group_response_message
[22:07:46] [Render thread/INFO]: Registering S2C receiver with id ftbquests:claim_reward_response_message
[22:07:46] [Render thread/INFO]: Registering S2C receiver with id ftbquests:clear_display_cache_message
[22:07:46] [Render thread/INFO]: Registering S2C receiver with id ftbquests:clear_repeat_cooldown
[22:07:46] [Render thread/INFO]: Registering S2C receiver with id ftbquests:create_object_response_message
[22:07:46] [Render thread/INFO]: Registering S2C receiver with id ftbquests:create_other_team_data_message
[22:07:46] [Render thread/INFO]: Registering S2C receiver with id ftbquests:custom_toast_message
[22:07:46] [Render thread/INFO]: Registering S2C receiver with id ftbquests:delete_object_response_message
[22:07:46] [Render thread/INFO]: Registering S2C receiver with id ftbquests:edit_object_response_message
[22:07:46] [Render thread/INFO]: Registering S2C receiver with id ftbquests:move_chapter_group_response_message
[22:07:46] [Render thread/INFO]: Registering S2C receiver with id ftbquests:move_chapter_response_message
[22:07:46] [Render thread/INFO]: Registering S2C receiver with id ftbquests:move_movable_response_message
[22:07:46] [Render thread/INFO]: Registering S2C receiver with id ftbquests:notify_completion_message
[22:07:46] [Render thread/INFO]: Registering S2C receiver with id ftbquests:notify_item_reward_message
[22:07:46] [Render thread/INFO]: Registering S2C receiver with id ftbquests:notify_reward_message
[22:07:46] [Render thread/INFO]: Registering S2C receiver with id ftbquests:object_completed_message
[22:07:46] [Render thread/INFO]: Registering S2C receiver with id ftbquests:object_completed_reset_message
[22:07:46] [Render thread/INFO]: Registering S2C receiver with id ftbquests:object_started_message
[22:07:46] [Render thread/INFO]: Registering S2C receiver with id ftbquests:object_started_reset_message
[22:07:46] [Render thread/INFO]: Registering S2C receiver with id ftbquests:open_quest_book_message
[22:07:46] [Render thread/INFO]: Registering S2C receiver with id ftbquests:reorder_item_response
[22:07:46] [Render thread/INFO]: Registering S2C receiver with id ftbquests:reset_reward_message
[22:07:46] [Render thread/INFO]: Registering S2C receiver with id ftbquests:sync_editing_mode_message
[22:07:46] [Render thread/INFO]: Registering S2C receiver with id ftbquests:sync_editor_permission_message
[22:07:46] [Render thread/INFO]: Registering S2C receiver with id ftbquests:sync_lock_message
[22:07:46] [Render thread/INFO]: Registering S2C receiver with id ftbquests:sync_quests_message
[22:07:46] [Render thread/INFO]: Registering S2C receiver with id ftbquests:sync_reward_blocking_message
[22:07:46] [Render thread/INFO]: Registering S2C receiver with id ftbquests:sync_structures_response_message
[22:07:46] [Render thread/INFO]: Registering S2C receiver with id ftbquests:sync_team_data_message
[22:07:46] [Render thread/INFO]: Registering S2C receiver with id ftbquests:sync_translation_to_client
[22:07:46] [Render thread/INFO]: Registering S2C receiver with id ftbquests:sync_translation_table
[22:07:46] [Render thread/INFO]: Registering S2C receiver with id ftbquests:block_config_request_message
[22:07:46] [Render thread/INFO]: Registering S2C receiver with id ftbquests:team_data_changed_message
[22:07:46] [Render thread/INFO]: Registering S2C receiver with id ftbquests:toggle_pinned_response_message
[22:07:46] [Render thread/INFO]: Registering S2C receiver with id ftbquests:update_task_progress_message
[22:07:46] [Render thread/INFO]: Registering S2C receiver with id ftbquests:update_team_data_message
[22:07:46] [Render thread/INFO]: Registering S2C receiver with id ftbteams:sync_teams
[22:07:46] [Render thread/INFO]: Registering S2C receiver with id ftbteams:sync_msg_history
[22:07:46] [Render thread/INFO]: Registering S2C receiver with id ftbteams:open_my_team_gui
[22:07:46] [Render thread/INFO]: Registering S2C receiver with id ftbteams:update_properties_response
[22:07:46] [Render thread/INFO]: Registering S2C receiver with id ftbteams:send_message_response
[22:07:46] [Render thread/INFO]: Registering S2C receiver with id ftbteams:update_presence
[22:07:46] [Render thread/INFO]: Registering S2C receiver with id ftbteams:toggle_chat_response
[22:07:46] [Render thread/INFO]: Registering C2S receiver with id ftbteams:open_gui
[22:07:46] [Render thread/INFO]: Registering C2S receiver with id ftbteams:update_properties_request
[22:07:46] [Render thread/INFO]: Registering C2S receiver with id ftbteams:send_message
[22:07:46] [Render thread/INFO]: Registering C2S receiver with id ftbteams:create_party
[22:07:46] [Render thread/INFO]: Registering C2S receiver with id ftbteams:player_gui_operation
[22:07:46] [Render thread/INFO]: Registering C2S receiver with id ftbteams:toggle_chat_redirection
[22:07:46] [Render thread/INFO]: Is initializing.
[22:07:46] [Render thread/INFO]: Has successfully been initialized.
[22:07:46] [Render thread/INFO]: Loading Glassential Renewed - Fabric
[22:07:47] [Render thread/ERROR]: No data fixer registered for handcrafted
[22:07:47] [Render thread/INFO]: Immersive Hotbar Loaded
[22:07:47] [Render thread/INFO]: File exists, reading config for elocindev.item_obliterator.fabric_quilt.config.ConfigEntries.
[22:07:47] [Render thread/INFO]: Config for elocindev.item_obliterator.fabric_quilt.config.ConfigEntries read successfully.
[22:07:47] [Render thread/INFO]: Item Obliterator Config Loaded
[22:07:47] [Render thread/INFO]: Loaded config file: item-restrictions-common.yaml
[22:07:47] [Render thread/INFO]: Saved config file: item-restrictions-common.yaml
[22:07:47] [Render thread/INFO]: Registering S2C receiver with id itemrestrictions:clientbound_restriction
[22:07:47] [Render thread/INFO]: Registering S2C receiver with id itemrestrictions:clientbound_update_item_restrictions
[22:07:47] [Render thread/INFO]: Loaded config file: jobsplus-common.yaml
[22:07:47] [Render thread/INFO]: Saved config file: jobsplus-common.yaml
[22:07:47] [Render thread/INFO]: Registering S2C receiver with id jobsplus:clientbound_remove_job
[22:07:47] [Render thread/INFO]: Registering S2C receiver with id jobsplus:clientbound_update_job
[22:07:47] [Render thread/INFO]: Registering S2C receiver with id jobsplus:clientbound_update_jobs
[22:07:47] [Render thread/INFO]: Registering S2C receiver with id jobsplus:clientbound_update_coins
[22:07:47] [Render thread/INFO]: Registering S2C receiver with id jobsplus:clientbound_open_jobs_screen
[22:07:47] [Render thread/INFO]: Registering S2C receiver with id jobsplus:clientbound_level_up_job
[22:07:47] [Render thread/INFO]: Registering S2C receiver with id jobsplus:clientbound_unlock_item_restriction
[22:07:47] [Render thread/INFO]: Registering C2S receiver with id jobsplus:serverbound_toggle_powerup
[22:07:47] [Render thread/INFO]: Registering C2S receiver with id jobsplus:serverbound_start_job
[22:07:47] [Render thread/INFO]: Registering C2S receiver with id jobsplus:serverbound_start_powerup
[22:07:47] [Render thread/INFO]: Registering C2S receiver with id jobsplus:serverbound_request_jobs
[22:07:47] [Render thread/INFO]: Registering C2S receiver with id jobsplus:serverbound_open_jobs_screen
[22:07:47] [Render thread/INFO]: Initializing ServerSide Packet Registries
[22:07:47] [Render thread/INFO]: [KONKRETE] Loading v1.9.9 in client-side mode on FABRIC!
[22:07:47] [Render thread/INFO]: ---------------------------
[22:07:47] [Render thread/INFO]: KONKRETE SHIPS AND USES THE FOLLOWING LIBRARIES:
[22:07:47] [Render thread/INFO]:  
[22:07:47] [Render thread/INFO]: Open Imaging Copyright © 2014 Dhyan Blum.
[22:07:47] [Render thread/INFO]: Open Imaging is licensed under Apache-2.0.
[22:07:47] [Render thread/INFO]:  
[22:07:47] [Render thread/INFO]: JsonPath Copyright © 2017 Jayway.
[22:07:47] [Render thread/INFO]: JsonPath is licensed under Apache-2.0.
[22:07:47] [Render thread/INFO]:  
[22:07:47] [Render thread/INFO]: Json-smart Copyright © netplex.
[22:07:47] [Render thread/INFO]: Json-smart is licensed under Apache-2.0.
[22:07:47] [Render thread/INFO]:  
[22:07:47] [Render thread/INFO]: Exp4j Copyright © Frank Asseg.
[22:07:47] [Render thread/INFO]: Exp4j is licensed under Apache-2.0. https://github.com/fasseg/exp4j
[22:07:47] [Render thread/INFO]: ---------------------------
[22:07:47] [Render thread/INFO]: [KONKRETE] Server-side modules initialized and ready to use!
[22:07:47] [Render thread/INFO]: Constructing common components for leavesbegone:main
[22:07:47] [Render thread/INFO]: Initializing Legendary Monuments mod!
[22:07:47] [Render thread/INFO]: Registering mod entities for legendarymonuments
[22:07:47] [Render thread/INFO]: Registered alternative Distortion World chunk generator
[22:07:47] [Render thread/INFO]: Registering Distortion World dimension
[22:07:47] [Render thread/INFO]: Registering Hall of Origin void dimension
[22:07:47] [Render thread/INFO]: Registered Azure Flute teleporter callbacks
[22:07:47] [Render thread/INFO]: Registered server locate request handler
[22:07:47] [Render thread/INFO]: Registering screen handlers for legendarymonuments
[22:07:47] [Render thread/INFO]: Registering structures for map discovery
[22:07:47] [Render thread/INFO]: Registering Southern Island structure for map discovery
[22:07:48] [Render thread/INFO]: Created structure tag: TagKey[minecraft:worldgen/structure / legendarymonuments:southern_island]
[22:07:48] [Render thread/INFO]: Southern Island structure ID: legendarymonuments:southern_island
[22:07:48] [Render thread/INFO]: Structure registry key: ResourceKey[minecraft:worldgen/structure / legendarymonuments:southern_island]
[22:07:48] [Render thread/INFO]: Registering Villager Types for legendarymonuments
[22:07:48] [Render thread/INFO]: Registering Villagers for legendarymonuments
[22:07:48] [Render thread/INFO]: Registered data component types for Legendary Monuments
[22:07:48] [Render thread/INFO]: Registered Distortion Sign Block Entities
[22:07:48] [Render thread/INFO]: Registering Block Entities for legendarymonuments
[22:07:48] [Render thread/INFO]: Registered Pedestal Block Entities
[22:07:48] [Render thread/INFO]: Registered Legendary Pokemon Pedestal Block Entities
[22:07:48] [Render thread/INFO]: Registered Latias Pedestal Block Entity
[22:07:48] [Render thread/INFO]: Registered Eternatus Cocoon Block Entity
[22:07:48] [Render thread/INFO]: Registered Meltan Box Block Entity
[22:07:48] [Render thread/INFO]: Registered Dual Pedestal Block Entities
[22:07:48] [Render thread/INFO]: Registered Victini Lock Block Entity
[22:07:48] [Render thread/INFO]: Registered Dream String drop handler
[22:07:48] [Render thread/INFO]: Registered Arceus event handler (faint/capture -> teleport from Hall of Origin)
[22:07:48] [Render thread/INFO]: Registering world generation features...
[22:07:48] [Render thread/INFO]: Registered footprint feature
[22:07:48] [Render thread/INFO]: Registered cosmic dust feature
[22:07:48] [Render thread/INFO]: Registered stake feature
[22:07:48] [Render thread/INFO]: Registered Ilex Shrine feature
[22:07:48] [Render thread/INFO]: Registering Block Entities for legendarymonuments
[22:07:48] [Render thread/INFO]: Registered Pedestal Block Entities
[22:07:48] [Render thread/INFO]: Registered Legendary Pokemon Pedestal Block Entities
[22:07:48] [Render thread/INFO]: Registered Latias Pedestal Block Entity
[22:07:48] [Render thread/INFO]: Registered Eternatus Cocoon Block Entity
[22:07:48] [Render thread/INFO]: Registered Meltan Box Block Entity
[22:07:48] [Render thread/INFO]: Registered Dual Pedestal Block Entities
[22:07:48] [Render thread/INFO]: Registered Victini Lock Block Entity
[22:07:48] [Render thread/INFO]: Registered footprint feature
[22:07:48] [Render thread/INFO]: Registered footprint placements for all overworld biomes
[22:07:48] [Render thread/INFO]: Registered Ilex Shrine feature
[22:07:48] [Render thread/INFO]: Registered Ilex Shrine placements for spooky biomes
[22:07:48] [Render thread/INFO]: Registered stake feature
[22:07:48] [Render thread/INFO]: Registered stake placements for all nether biomes
[22:07:48] [Render thread/INFO]: Registered cosmic dust feature
[22:07:48] [Render thread/INFO]: Registered cosmic dust placements for all End biomes
[22:07:48] [Render thread/INFO]: Registering ore generation...
[22:07:48] [Render thread/INFO]: Registering ModPlacedFeatures for legendarymonuments
[22:07:48] [Render thread/INFO]: Registering Ancient Rubble ore placed features
[22:07:48] [Render thread/INFO]: Registering Galar Particle ore placed features
[22:07:48] [Render thread/INFO]: Applying ore generation to biomes...
[22:07:48] [Render thread/INFO]: Registering ore generation features...
[22:07:48] [Render thread/INFO]: Adding Ancient Rubble ore features to biomes
[22:07:48] [Render thread/INFO]: Successfully registered Ancient Rubble ore features
[22:07:48] [Render thread/INFO]: Adding Galar Particle ore features to biomes
[22:07:48] [Render thread/INFO]: Successfully registered Galar Particle ore features
[22:07:48] [Render thread/INFO]: Footprint tracking system initialized. Players will need to find 50 of each footprint type.
[22:07:48] [Render thread/INFO]: Legendary Monuments mod initialization complete!
[22:07:48] [Render thread/INFO]: Initialize mod Library Ferret
[22:07:48] [Render thread/INFO]: Initialized mod Library Ferret
[22:07:48] [Render thread/INFO]: Constructing common components for linkedchests:main
[22:07:49] [Render thread/INFO]: Registering C2S receiver with id mega_showdown:mega_evo
[22:07:49] [Render thread/INFO]: Registering C2S receiver with id mega_showdown:ultra_burst
[22:07:49] [Render thread/INFO]: Registering C2S receiver with id mega_showdown:secret_sword_move_swap
[22:07:49] [Render thread/INFO]: [MELODY] Loading v1.0.10 on FABRIC...
[22:07:49] [Render thread/INFO]: Definitely not up to no good
[22:07:49] [Render thread/INFO]: Loaded config moonlight-client.json
[22:07:49] [Render thread/INFO]: Deserializing NametagTweaksConfig from 'D:\mc\Instances\Cobblemon Academy 2.0\config\nametagtweaks.json'
[22:07:49] [Render thread/INFO]: Necronomicon Initialized
[22:07:49] [Render thread/INFO]: File exists, reading config for elocindev.necronomicon.NecronomiconConfig.
[22:07:49] [Render thread/INFO]: Config for elocindev.necronomicon.NecronomiconConfig read successfully.
[22:07:49] [Render thread/INFO]: Loading Noisium.
[22:07:49] [Render thread/INFO]: Registering S2C receiver with id octolib:config_sync
[22:07:49] [Render thread/INFO]: My Seethenhagen factory makes 331 pounds of licorice per hour
[22:07:49] [Render thread/INFO]: [Ping-Wheel] Init
[22:07:49] [Render thread/INFO]: [Ping-Wheel] Loaded ServerConfig(defaultChannelMode=auto, playerTrackingEnabled=true, msToRegenerate=1000, rateLimit=5)
[22:07:50] [Render thread/INFO]: Registering ItemGroups for pokeblocks
[22:07:50] [Render thread/INFO]: Registering ModItems for pokeblocks
[22:07:50] [Render thread/INFO]: Registering ModBlocks for pokeblocks
[22:07:50] [Render thread/INFO]: Registering mod entities for pokeblocks
[22:07:50] [Render thread/INFO]: Constructing common components for puzzleslib:main
[22:07:50] [Render thread/ERROR]: No data fixer registered for rad-gyms:gym_trainer
[22:07:50] [Render thread/INFO]: Loading config
[22:07:51] [Render thread/INFO]: Initializing the mod
[22:07:51] [Render thread/INFO]: Initializing Regions Unexplored from Fabric Mod Initializer entrypoint.
[22:07:52] [Render thread/INFO]: Deserializing ScoreboardTweaksConfig from 'D:\mc\Instances\Cobblemon Academy 2.0\config\scoreboardtweaks.json'
[22:07:53] [Render thread/INFO]: Using SimpleTMs (2.1.0)
[22:07:53] [Render thread/INFO]: Register Mod Items for simpletms
[22:07:53] [Render thread/INFO]: Loading default move configs for TMs and TRs
[22:07:53] [Render thread/INFO]: Found default moves config file for SimpleTMs for TM moves
[22:07:53] [Render thread/INFO]: Found default moves config file for SimpleTMs for TR moves
[22:07:53] [Render thread/INFO]: Registering default move TMs and TRs
[22:07:53] [Render thread/INFO]: Registering custom TMs and TRs if present
[22:07:53] [Render thread/INFO]: Loading excluded moves from config
[22:07:53] [Render thread/INFO]: Found excluded moves config file for SimpleTMs
[22:07:53] [Render thread/INFO]: Found excluded moves config file for SimpleTMs
[22:07:53] [Render thread/INFO]: Found excluded moves config file for SimpleTMs
[22:07:53] [Render thread/INFO]: Registering blocks for simpletms
[22:07:53] [Render thread/INFO]: Registering block items for simpletms
[22:07:53] [Render thread/INFO]: Registering block entities for simpletms
[22:07:53] [Render thread/INFO]: Registering C2S receiver with id simpletms:machine_withdraw
[22:07:53] [Render thread/INFO]: Registering C2S receiver with id simpletms:request_party_selection
[22:07:53] [Render thread/INFO]: Registering C2S receiver with id simpletms:party_selection_response
[22:07:53] [Render thread/INFO]: Registering C2S receiver with id simpletms:case_slot_click
[22:07:53] [Render thread/INFO]: Registering C2S receiver with id simpletms:machine_party_select
[22:07:53] [Render thread/INFO]: Registering C2S receiver with id simpletms:case_party_select
[22:07:53] [Render thread/INFO]: Slideshow initialized
[22:07:54] [Render thread/INFO]: Constructing common components for stoneworks:main
[22:07:54] [Render thread/INFO]: Dispatching loading event for config stoneworks-common.toml
[22:07:54] [Render thread/INFO]: Constructing common components for stylisheffects:main
[22:07:54] [Render thread/INFO]: Dispatching loading event for config stylisheffects-client.toml
[22:07:54] [Render thread/INFO]: Deserializing TabTweaksConfig from 'D:\mc\Instances\Cobblemon Academy 2.0\config\tabtweaks.json'
[22:07:55] [Render thread/INFO]: Registered region minecraft:overworld to index 0 for type OVERWORLD
[22:07:55] [Render thread/INFO]: Registered region minecraft:nether to index 0 for type NETHER
[22:07:55] [Render thread/INFO]: Registered region biomeswevegone:region_0 to index 1 for type OVERWORLD
[22:07:55] [Render thread/INFO]: Registered region biomeswevegone:region_1 to index 2 for type OVERWORLD
[22:07:55] [Render thread/INFO]: Registered region biomeswevegone:region_2 to index 3 for type OVERWORLD
[22:07:55] [Render thread/INFO]: [TerraBlender] Initializing biome injections for legendarymonuments...
[22:07:55] [Render thread/INFO]: Registered region legendarymonuments:overworld to index 4 for type OVERWORLD
[22:07:55] [Render thread/INFO]: [TerraBlender] Biome injection complete for legendarymonuments.
[22:07:55] [Render thread/INFO]: Already initialized Regions Unexplored from Fabric Mod Initializer entrypoint.
[22:07:55] [Render thread/INFO]: Registered region regions_unexplored:primary to index 5 for type OVERWORLD
[22:07:55] [Render thread/INFO]: Registered region regions_unexplored:secondary to index 6 for type OVERWORLD
[22:07:55] [Render thread/INFO]: Registered region regions_unexplored:nether to index 1 for type NETHER
[22:07:55] [Render thread/INFO]: Deserializing TitleTweaksConfig from 'D:\mc\Instances\Cobblemon Academy 2.0\config\titletweaks.json'
[22:07:55] [Render thread/INFO]: Tom's Storage Setup starting
[22:07:55] [Render thread/INFO]: Hello Fabric world!
[22:07:55] [Render thread/INFO]: [STDOUT]: TxniLib onInitialize!
[22:07:55] [Render thread/INFO]: Constructing common components for visualworkbench:main
[22:07:55] [Render thread/INFO]: Dispatching loading event for config visualworkbench-client.toml
[22:07:55] [Render thread/INFO]: Dispatching loading event for config visualworkbench-common.toml
[22:07:55] [Render thread/INFO]: [voicechat] Compatibility version 18
[22:07:55] [Render thread/INFO]: [voicechat] Loading plugins
[22:07:55] [Render thread/INFO]: [voicechat] Loaded 0 plugin(s)
[22:07:55] [Render thread/INFO]: [voicechat] Initializing plugins
[22:07:55] [Render thread/INFO]: [voicechat] Initialized 0 plugin(s)
[22:07:56] [Render thread/INFO]: Got request to register class com.sk89q.worldedit.fabric.FabricPlatform with WorldEdit [com.sk89q.worldedit.extension.platform.PlatformManager@37493a35]
[22:07:56] [Render thread/INFO]: WorldEdit for Fabric (version 7.3.8+6939-7d32b45) is loaded
[22:07:57] [Render thread/INFO]: [WTHIT] Initializing client plugin balm:wthit at net.blay09.mods.balm.common.compat.hudinfo.WTHITModCompat
[22:07:57] [Render thread/INFO]: [WTHIT] Initializing common plugin biomeswevegone:plugin at net.potionstudios.biomeswevegone.compat.wthit.BWGWTHITPlugin
[22:07:57] [Render thread/INFO]: [WTHIT] Initializing client plugin biomeswevegone:plugin at net.potionstudios.biomeswevegone.compat.wthit.BWGWTHITPlugin
[22:07:57] [Render thread/INFO]: [WTHIT] Initializing plugin polymer:core at eu.pb4.polymer.core.impl.client.compat.WthitCompatibility
[22:07:57] [Render thread/INFO]: [WTHIT] Initializing plugin shouldersurfing:plugin at com.github.exopandora.shouldersurfing.integration.ShoulderSurfingWthitPlugin
[22:07:57] [Render thread/INFO]: [WTHIT] Initializing common plugin treechop:plugin at ht.treechop.compat.Wthit
[22:07:57] [Render thread/INFO]: [WTHIT] Initializing client plugin treechop:plugin at ht.treechop.compat.Wthit
[22:07:57] [Render thread/INFO]: [WTHIT] Initializing common plugin waila:core at mcp.mobius.waila.plugin.core.CoreCommonPlugin
[22:07:57] [Render thread/INFO]: [WTHIT] Initializing client plugin waila:core at mcp.mobius.waila.plugin.core.CoreClientPlugin
[22:07:57] [Render thread/INFO]: [WTHIT] Initializing common plugin waila:vanilla at mcp.mobius.waila.plugin.vanilla.VanillaCommonPlugin
[22:07:57] [Render thread/INFO]: [WTHIT] Initializing client plugin waila:vanilla at mcp.mobius.waila.plugin.vanilla.VanillaClientPlugin
[22:07:57] [Render thread/INFO]: [WTHIT] Initializing common plugin waila:harvest at mcp.mobius.waila.plugin.harvest.HarvestCommonPlugin
[22:07:57] [Render thread/INFO]: [WTHIT] Initializing client plugin waila:harvest at mcp.mobius.waila.plugin.harvest.HarvestClientPlugin
[22:07:57] [Render thread/INFO]: [WTHIT] Initializing common plugin waila:fabric at mcp.mobius.waila.plugin.fabric.FabricCommonPlugin
[22:07:57] [Render thread/INFO]: [WTHIT] Initializing client plugin waila:fabric at mcp.mobius.waila.plugin.fabric.FabricClientPlugin
[22:07:57] [Render thread/INFO]: [WTHIT] Initializing common plugin waila:team_reborn_energy at mcp.mobius.waila.plugin.trenergy.TeamRebornEnergyCommonPlugin
[22:07:57] [Render thread/INFO]: [WTHIT] Initializing common plugin waila:extra at mcp.mobius.waila.plugin.extra.ExtraPlugin
[22:07:57] [Render thread/INFO]: [WTHIT] Initializing client plugin waila:extra at mcp.mobius.waila.plugin.extra.ExtraPlugin
[22:07:57] [Render thread/INFO]: [WTHIT] Plugin config reloaded
[22:07:57] [Render thread/INFO]: Registering S2C receiver with id yamlconfig:clientbound_sync_config
[22:07:57] [Render thread/INFO]: Registering S2C receiver with id yamlconfig:clientbound_open_configs_screen_packet
[22:07:57] [Render thread/INFO]: Registering S2C receiver with id yamlconfig:clientbound_open_config_screen_packet
[22:07:57] [Render thread/INFO]: Registering C2S receiver with id yamlconfig:serverbound_open_configs_screen_packet
[22:07:57] [Render thread/INFO]: Registering C2S receiver with id yamlconfig:serverbound_open_config_screen_packet
[22:07:57] [Render thread/INFO]: Registering C2S receiver with id yamlconfig:serverbound_save_config_packet
[22:07:57] [Render thread/INFO]: Reflections took 92 ms to scan 1 urls, producing 1 keys and 3 values
[22:07:57] [Render thread/INFO]: Reflections took 4 ms to scan 1 urls, producing 1 keys and 3 values
[22:07:58] [Render thread/WARN]: @ModifyVariable(@At("INVOKE")) Shift.BY=3 on vanity-common.mixins.json:client.ItemRendererMixin from mod vanity::localvar$jgm000$vanity$render exceeds the maximum allowed value: 0. Increase the value of maxShiftBy to suppress this warning.
[22:07:59] [Render thread/INFO]: Registering S2C receiver with id architectury:spawn_entity_packet
[22:07:59] [Render thread/INFO]: Loaded
[22:07:59] [Render thread/INFO]: [BetterF3] Loading...
[22:07:59] [Render thread/INFO]: [BetterF3] All done!
[22:07:59] [Render thread/INFO]: Reloading Configs
[22:08:00] [Render thread/INFO]: Initializing Cobblemon client
[22:08:00] [Render thread/INFO]: Registering Pokémon renderer
[22:08:00] [Render thread/INFO]: Registering PokéBall renderer
[22:08:00] [Render thread/INFO]: Registering Boat renderer
[22:08:00] [Render thread/INFO]: Registering Boat with Chest renderer
[22:08:00] [Render thread/INFO]: Registering Generic Bedrock renderer
[22:08:00] [Render thread/INFO]: Registering Generic Bedrock Entity renderer
[22:08:00] [Render thread/INFO]: Registering PokeRod Bobber renderer
[22:08:00] [Render thread/INFO]: Registering NPC renderer
[22:08:00] [Render thread/INFO]: Registering custom BuiltinItemRenderers
[22:08:00] [Render thread/INFO]: Registered cobblemon resource pack!
[22:08:00] [Render thread/INFO]: Registered pokepedia resource pack!
[22:08:00] [Render thread/INFO]: Not registering cobblemonboxlink resource pack, cobblemonboxlink not present.
[22:08:00] [Render thread/INFO]: Registering cobblemonpokenav resource pack for cobblenav.
[22:08:00] [Render thread/INFO]: Registered cobblemonpokenav resource pack!
[22:08:00] [Render thread/INFO]: Not registering cobblemonrider resource pack, cobblemonridingfabric not present.
[22:08:00] [Render thread/INFO]: Not registering cobblemonsmartphone resource pack, cobblemon_smartphone not present.
[22:08:00] [Render thread/INFO]: Not registering cobbleride resource pack, cobbleride not present.
[22:08:00] [Render thread/INFO]: CobblemonSpawnAlerts client initializing...
[22:08:00] [Render thread/INFO]: Config file `message_templates.json` loaded successfully.
[22:08:00] [Render thread/INFO]: Config file `message_templates.json` saved successfully.
[22:08:00] [Render thread/INFO]: Config file `pokemon.json` loaded successfully.
[22:08:00] [Render thread/INFO]: Config file `pokemon.json` saved successfully.
[22:08:00] [Render thread/INFO]: Config file `main.json` loaded successfully.
[22:08:00] [Render thread/INFO]: Config file `main.json` saved successfully.
[22:08:00] [Render thread/INFO]: Initializing Renderers.
[22:08:00] [Render thread/INFO]: Initializing Network even handlers.
[22:08:00] [Render thread/INFO]: Registering texture handlers..
[22:08:00] [Render thread/INFO]: Registering ModBlockEntityModels for cozyhome
[22:08:00] [Render thread/WARN]: Method overwrite conflict for getChildren in mixins.cobblemon-common.json:client.ModelPartMixin from mod cobblemon, previously written by io.github.kosmx.bendylib.mixin.IModelPartMixin. Skipping method.
[22:08:00] [Render thread/WARN]: Method overwrite conflict for getChildren in accessories-common.mixins.json:client.ModelPartAccessor from mod accessories, previously written by io.github.kosmx.bendylib.mixin.IModelPartMixin. Skipping method.
[22:08:00] [Render thread/WARN]: Method overwrite conflict for getChildren in journeymap.mixins.json:client.ModelPartMixin from mod journeymap, previously written by io.github.kosmx.bendylib.mixin.IModelPartMixin. Skipping method.
[22:08:01] [Render thread/INFO]: The following featured servers were already in server list: [Cobblemon Academy Public!]
[22:08:01] [Render thread/INFO]: Deserializing Config from 'D:\mc\Instances\Cobblemon Academy 2.0\config\dynamiccrosshair.json5'
[22:08:01] [Render thread/INFO]: [Indigo] Different rendering plugin detected; not applying Indigo.
[22:08:01] [Render thread/INFO]: Registering leaf particles.
[22:08:02] [Render thread/INFO]: Loaded config fzzy_config:keybinds in 50ms
[22:08:02] [Render thread/INFO]: Deserializing ImmersiveHotbarConfig from 'D:\mc\Instances\Cobblemon Academy 2.0\config\immersive-hotbar.json5'
[22:08:02] [Render thread/INFO]: Sending ConfigManager...
[22:08:02] [Render thread/INFO]: Sending ConfigManager took 2.279 milliseconds
[22:08:03] [Render thread/INFO]: Loaded null for service interface journeymap.api.services.WebMapService
[22:08:03] [Render thread/INFO]: Loaded journeymap.common.helpers.FabricClientHooks@4787eb02 for service interface journeymap.api.services.ClientPlatformService
[22:08:03] [Render thread/INFO]: Loaded journeymap.common.helpers.FabricHooks@70d5edc3 for service interface journeymap.api.services.CommonPlatformService
[22:08:03] [Render thread/INFO]: Registered 1.0.0_minecraft resource pack!
[22:08:03] [Render thread/INFO]: Registered tutorial resource pack!
[22:08:03] [Render thread/INFO]: Registered 1.21.0_tricky_trials resource pack!
[22:08:03] [Render thread/INFO]: Registered 1.21.2_bundles_of_bravery resource pack!
[22:08:03] [Render thread/INFO]: Constructing client components for leavesbegone:main
[22:08:03] [Render thread/INFO]: Successfully registered locate and key-item response receivers
[22:08:03] [Render thread/INFO]: === DEBUG NETWORKING INFO ===
[22:08:03] [Render thread/INFO]: Locate Request ID: legendarymonuments:locate_request
[22:08:03] [Render thread/INFO]: Locate Response ID: legendarymonuments:locate_response
[22:08:03] [Render thread/INFO]: Structures count: 24
[22:08:03] [Render thread/INFO]:   0: Dragonspiral Tower -> located:false pos:null
[22:08:03] [Render thread/INFO]:   1: Turnback Cave -> located:false pos:null
[22:08:03] [Render thread/INFO]:   2: Ecruteak Village -> located:false pos:null
[22:08:03] [Render thread/INFO]:   3: Heatran Cave -> located:false pos:null
[22:08:03] [Render thread/INFO]:   4: Firescourge Shrine -> located:false pos:null
[22:08:03] [Render thread/INFO]:   5: Grasswither Shrine -> located:false pos:null
[22:08:03] [Render thread/INFO]:   6: Groundblight Shrine -> located:false pos:null
[22:08:03] [Render thread/INFO]:   7: Icerend Shrine -> located:false pos:null
[22:08:03] [Render thread/INFO]:   8: Southern Island -> located:false pos:null
[22:08:03] [Render thread/INFO]:   9: Hoopa Pyramid -> located:false pos:null
[22:08:03] [Render thread/INFO]:   10: Lugia Temple -> located:false pos:null
[22:08:03] [Render thread/INFO]:   11: Eternatus Cocoon -> located:false pos:null
[22:08:03] [Render thread/INFO]:   12: Sword Monument -> located:false pos:null
[22:08:03] [Render thread/INFO]:   13: Shield Monument -> located:false pos:null
[22:08:03] [Render thread/INFO]:   14: Kyurem Cave -> located:false pos:null
[22:08:03] [Render thread/INFO]:   15: Dyna Tree -> located:false pos:null
[22:08:03] [Render thread/INFO]:   16: Giratina Island -> located:false pos:null
[22:08:03] [Render thread/INFO]:   17: Final Island -> located:false pos:null
[22:08:03] [Render thread/INFO]:   18: Snowpoint Temple -> located:false pos:null
[22:08:03] [Render thread/INFO]:   19: Spear Pillar -> located:false pos:null
[22:08:03] [Render thread/INFO]:   20: Lake Valor -> located:false pos:null
[22:08:03] [Render thread/INFO]:   21: Lake Acuity -> located:false pos:null
[22:08:03] [Render thread/INFO]:   22: Lake Verity -> located:false pos:null
[22:08:03] [Render thread/INFO]:   23: Liberty Island -> located:false pos:null
[22:08:03] [Render thread/INFO]: Selected index: 0
[22:08:03] [Render thread/INFO]: ==============================
[22:08:03] [Render thread/INFO]: Initialized client player data cache
[22:08:03] [Render thread/INFO]: Constructing client components for linkedchests:main
[22:08:03] [Render thread/INFO]: Registering S2C receiver with id mega_showdown:interaction_wheel_packet
[22:08:03] [Render thread/INFO]: Registering S2C receiver with id mega_showdown:config_sync
[22:08:04] [Render thread/INFO]: Checking mod updates...
[22:08:04] [Render thread/INFO]: Initialized block sets in 66ms
[22:08:04] [Render thread/INFO]: Loaded config moonlight-common.json
[22:08:04] [ModMenu/Update Checker/Fabric Loader/INFO]: Update available for 'fabricloader@0.18.1'
[22:08:04] [Render thread/INFO]: Loaded config advancementframes-client.json
[22:08:04] [Render thread/INFO]: Initialized color sets in 115ms
[22:08:05] [Render thread/INFO]: [STDOUT]: [Mouse Tweaks] Main.initialize()
[22:08:05] [Render thread/INFO]: [STDOUT]: [Mouse Tweaks] Initialized.
[22:08:05] [Render thread/INFO]: Loaded config :particle_core_config in 24ms
[22:08:05] [Render thread/INFO]: [Ping-Wheel] Loaded ClientConfig(pingVolume=60, pingDuration=7, pingDistance=300, correctionPeriod=1.0, itemIconVisible=true, directionIndicatorVisible=true, nameLabelForced=true, pingSize=100, channel=, removeRadius=10, raycastDistance=1024, safeZoneLeft=5, safeZoneRight=5, safeZoneTop=5, safeZoneBottom=60)
[22:08:05] [Render thread/INFO]: Constructing client components for puzzleslib:main
[22:08:06] [Render thread/INFO]: Reacharound Initializing.
[22:08:06] [Render thread/INFO]: Reacharound Initialized.
[22:08:06] [Render thread/INFO]: Registering plugin for Shoulder Surfing Reloaded (shouldersurfing)
[22:08:06] [Render thread/INFO]: Registering compatibility callback for Cobblemon
[22:08:06] [Render thread/INFO]: Freezing plugin registrar
[22:08:06] [Render thread/INFO]: Registering S2C receiver with id simpletms:pokemon_filter_data
[22:08:06] [Render thread/INFO]: Registering S2C receiver with id simpletms:machine_sync
[22:08:06] [Render thread/INFO]: Registering S2C receiver with id simpletms:case_pokemon_filter
[22:08:06] [Render thread/INFO]: Registering SimpleTMs screen factories (Fabric)
[22:08:06] [Render thread/INFO]: Refreshed Slideshow mod config
[22:08:06] [Render thread/INFO]: Deserializing UISoundsConfig from 'D:\mc\Instances\Cobblemon Academy 2.0\config\sounds\ui.json'
[22:08:06] [Render thread/INFO]: Deserializing ModConfig from 'D:\mc\Instances\Cobblemon Academy 2.0\config\sounds\mod_utils.json'
[22:08:06] [Render thread/INFO]: Deserializing ChatSoundsConfig from 'D:\mc\Instances\Cobblemon Academy 2.0\config\sounds\chat.json'
[22:08:06] [Render thread/INFO]: Deserializing EventSoundsConfig from 'D:\mc\Instances\Cobblemon Academy 2.0\config\sounds\event.json'
[22:08:06] [Render thread/INFO]: Deserializing WorldSoundsConfig from 'D:\mc\Instances\Cobblemon Academy 2.0\config\sounds\world.json'
[22:08:07] [Render thread/INFO]: Loaded config sparkle:config in 64ms
[22:08:07] [Render thread/INFO]: Constructing client components for stoneworks:main
[22:08:07] [Render thread/INFO]: Constructing client components for stylisheffects:main
[22:08:07] [Render thread/INFO]: Registering toms_storage resource pack for toms_storage.
[22:08:07] [Render thread/INFO]: Registered toms_storage resource pack!
[22:08:07] [Render thread/INFO]: Reflections took 8 ms to scan 1 urls, producing 1 keys and 2 values
[22:08:07] [Render thread/INFO]: Reflections took 4 ms to scan 1 urls, producing 1 keys and 2 values
[22:08:07] [Render thread/INFO]: [STDOUT]: [LibGui] Initializing Client...
[22:08:07] [Render thread/INFO]: Constructing client components for visualworkbench:main
[22:08:08] [Render thread/INFO]: [voicechat] Loading Opus
[22:08:08] [Render thread/INFO]: [voicechat] Using Cloth Config GUI
[22:08:08] [Render thread/INFO]: Loaded config water_vision:water_vision in 30ms
[22:08:08] [Render thread/INFO]: Water Blub Blub
[22:08:08] [Render thread/INFO]: Deserializing YACLConfig from 'D:\mc\Instances\Cobblemon Academy 2.0\config\yacl.json5'
[22:08:08] [Render thread/ERROR]: Registry 'porting_lib:global_loot_modifier_serializers' was empty after loading
[22:08:08] [Render thread/ERROR]: Registry 'moonlight:custom_map_data_types' was empty after loading
[22:08:08] [Render thread/INFO]: [LambDynLights] Initializing LambDynamicLights...
[22:08:09] [Render thread/INFO]: [LambDynLights] Configuration loaded.
[22:08:09] [Render thread/INFO]: Lamb Dynamic Lights compatibility enabled
[22:08:09] [Render thread/INFO]: Loaded default options for extra-folder
[22:08:09] [Render thread/WARN]: key.fancytoasts.config_menu already exists, could not add
[22:08:09] [Render thread/INFO]: Returned extended keys
[22:08:09] [ForkJoinPool.commonPool-worker-5/WARN]: [Iris Update Check] This version doesn't have an update index, skipping.
[22:08:10] [Render thread/INFO]: Backend library: LWJGL version 3.3.3-snapshot
[22:08:10] [Render thread/INFO]: Modifying process environment to apply workarounds for the NVIDIA graphics driver...
[22:08:11] [Worker-Main-1/INFO]: Update available for 'water_vision@1.3.0', (-> 1.5.0+1.21.1)
[22:08:11] [Worker-Main-1/INFO]: Update available for 'dataanchor@2.0.0.12', (-> 2.0.0.13-fabric)
[22:08:11] [Worker-Main-1/INFO]: Update available for 'scholar@1.1.4', (-> 1.1.12)
[22:08:11] [Worker-Main-1/INFO]: Update available for 'clientsort@1.3.3+1.21', (-> 2.1.6+1.21.1)
[22:08:11] [Worker-Main-1/INFO]: Update available for 'enchantmentdisabler@3.3.2+1.21.1', (-> 3.4.3+1.21.1-fabric)
[22:08:11] [Worker-Main-1/INFO]: Update available for 'itemzoomer@1.1.0-1.21.1', (-> 2.0.1-1.21.1)
[22:08:11] [Worker-Main-1/INFO]: Update available for 'lootr@1.21-1.10.35.91', (-> 1.21.1-1.11.36.111)
[22:08:11] [Worker-Main-1/INFO]: Update available for 'cobblemonraiddens@0.5.5+1.21.1', (-> 0.6.3+1.21.1)
[22:08:11] [Worker-Main-1/INFO]: Update available for 'totw_modded@fabric-1.21-1.0.8', (-> fabric-1.21-1.0.9)
[22:08:11] [Worker-Main-1/INFO]: Update available for 'biomeswevegone@2.4.6', (-> 2.5.4-Fabric)
[22:08:11] [Worker-Main-1/INFO]: Update available for 'yet_another_config_lib_v3@3.7.1+1.21.1-fabric', (-> 3.8.2+1.21.1-fabric)
[22:08:11] [Worker-Main-1/INFO]: Update available for 'litematica@0.19.50', (-> 0.19.60)
[22:08:11] [Worker-Main-1/INFO]: Update available for 'fusion@1.2.11', (-> 1.2.12-fabric-mc1.21)
[22:08:11] [Worker-Main-1/INFO]: Update available for 'mvs@5.0.2', (-> 5.0.3)
[22:08:11] [Worker-Main-1/INFO]: Update available for 'bookshelf@21.1.69', (-> 21.1.80)
[22:08:11] [Worker-Main-1/INFO]: Update available for 'polymer-bundled@0.9.18+1.21.1', (-> 0.9.19+1.21.1)
[22:08:11] [Worker-Main-1/INFO]: Update available for 'deimos@2.2', (-> 1.21.1-fabric-2.5)
[22:08:11] [Worker-Main-1/INFO]: Update available for 'visualworkbench@21.1.0', (-> v21.1.1-1.21.1-Fabric)
[22:08:11] [Worker-Main-1/INFO]: Update available for 'sootychimneys@1.3.2', (-> 1.3.4)
[22:08:11] [Worker-Main-1/INFO]: Update available for 'no-more-popups@1.0.2', (-> 2.2.0)
[22:08:11] [Worker-Main-1/INFO]: Update available for 'wthit@12.5.4', (-> fabric-12.10.0)
[22:08:11] [Worker-Main-1/INFO]: Update available for 'craftingtweaks@21.1.5', (-> 21.1.6+fabric-1.21.1)
[22:08:11] [Worker-Main-1/INFO]: Update available for 'shouldersurfing@4.17.1', (-> 1.21.1-4.18.2+fabric)
[22:08:11] [Worker-Main-1/INFO]: Update available for 'mtr@1.0.3', (-> 1.0.4)
[22:08:11] [Worker-Main-1/INFO]: Update available for 'geckolib@4.7.6', (-> 4.8.3)
[22:08:11] [Worker-Main-1/INFO]: Update available for 'moonlight@1.21-2.20.7', (-> 1.21-2.29.11-fabric)
[22:08:11] [Worker-Main-1/INFO]: Update available for 'prickle@21.1.8', (-> 21.1.11)
[22:08:11] [Worker-Main-1/INFO]: Update available for 'bcc@21.1.0', (-> 21.1.8)
[22:08:11] [Worker-Main-1/INFO]: Update available for 'octolib@0.5.0.1', (-> 0.6.0.4)
[22:08:11] [Worker-Main-1/INFO]: Update available for 'mes@2.0.0', (-> 2.0.1)
[22:08:11] [Worker-Main-1/INFO]: Update available for 'malilib@0.21.0', (-> 0.21.10)
[22:08:11] [Worker-Main-1/INFO]: Update available for 'chatanimation@1.0.6', (-> 1.1.3)
[22:08:11] [Worker-Main-1/INFO]: Update available for 'connectiblechains@2.5.4+1.21.1', (-> 2.5.7+1.21.1)
[22:08:11] [Worker-Main-1/INFO]: Update available for 'crd_converters@1.0.0+1.21.1', (-> 1.1.0+1.21.1)
[22:08:11] [Worker-Main-1/INFO]: Update available for 'mega_showdown@1.5.1+1.7.1+1.21.1-b-8', (-> 1.5.1+1.7.1+1.21.1-hotfix-hotfix)
[22:08:11] [Worker-Main-1/INFO]: Update available for 'blur@5.2.2+1.21.1', (-> 6.0.0+1.21.1-fabric)
[22:08:11] [Worker-Main-1/INFO]: Update available for 'defaultoptions@21.1.2', (-> 21.1.5+fabric-1.21.1)
[22:08:11] [Worker-Main-1/INFO]: Update available for 'stfu@1.2.2', (-> 2.4.5-1.21.1)
[22:08:11] [Worker-Main-1/INFO]: Update available for 'mns@2.0.1', (-> 2.0.31)
[22:08:11] [Worker-Main-1/INFO]: Update available for 'regions_unexplored@0.5.6.1', (-> 0.5.9)
[22:08:11] [Worker-Main-1/INFO]: Update available for 'immersiveui@0.3.0', (-> 0.3.3)
[22:08:11] [Worker-Main-1/INFO]: Update available for 'dynamiccrosshair@9.10', (-> 9.11+1.21.1-fabric)
[22:08:11] [Worker-Main-1/INFO]: Update available for 'minecraft-cursor@3.10.0+1.21.1', (-> 3.11.2+1.21.1-patch.1)
[22:08:11] [Worker-Main-1/INFO]: Update available for 'entityculling@1.8.2', (-> 1.9.5)
[22:08:11] [Worker-Main-1/INFO]: Update available for 'enchdesc@21.1.8', (-> 21.1.9)
[22:08:11] [Worker-Main-1/INFO]: Update available for 'tim_core@1.7.1-fabric-1.27.0', (-> 1.7.1-fabric-1.29.0)
[22:08:11] [Worker-Main-1/INFO]: Update available for 'chunksfadein@3.0.15-1.21', (-> v3.0.20-1.21-fabric)
[22:08:11] [Worker-Main-1/INFO]: Update available for 'crd_broadcasts@1.2.0+1.21.1', (-> 1.3.0+1.21.1)
[22:08:11] [Worker-Main-1/INFO]: Update available for 'immediatelyfast@1.6.6+1.21.1', (-> 1.6.9+1.21.1-fabric)
[22:08:11] [Worker-Main-1/INFO]: Update available for 'packetfixer@3.3.0', (-> 3.3.1)
[22:08:11] [Worker-Main-1/INFO]: Update available for 'structurify@1.0.13', (-> fabric-2.0.12+mc1.21.1)
[22:08:11] [Worker-Main-1/INFO]: Update available for 'ohthetreesyoullgrow@5.0.14', (-> 1.21.1-5.2.0-Fabric)
[22:08:11] [Worker-Main-1/INFO]: Update available for 'balm@21.0.49', (-> 21.0.56+fabric-1.21.1)
[22:08:11] [Worker-Main-1/INFO]: Update available for 'collective@8.3', (-> 1.21.1-8.13-fabric+forge+neo)
[22:08:11] [Worker-Main-1/INFO]: Update available for 'forgeconfigapiport@21.1.4', (-> v21.1.6-1.21.1-Fabric)
[22:08:11] [Worker-Main-1/INFO]: Update available for 'jobsplus@1.5.8-1.21.1', (-> 1.5.9-1.21.1)
[22:08:11] [Worker-Main-1/INFO]: Update available for 'stylisheffects@21.1.1', (-> v21.1.2-1.21.1-Fabric)
[22:08:11] [Worker-Main-1/INFO]: Update available for 'simpletms@2.3.2', (-> 2.3.3)
[22:08:11] [Worker-Main-1/INFO]: Update available for 'voicechat@1.21.1-2.5.35', (-> fabric-1.21.1-2.6.11)
[22:08:11] [Worker-Main-1/INFO]: Update available for 'fabric-language-kotlin@1.13.5+kotlin.2.2.10', (-> 1.13.8+kotlin.2.3.0)
[22:08:11] [Worker-Main-1/INFO]: Update available for 'tlib@1.3.0-1.21.1', (-> 1.4.1-1.21.1)
[22:08:11] [Worker-Main-1/INFO]: Update available for 'exposure@1.9.11', (-> 1.9.13)
[22:08:11] [Worker-Main-1/INFO]: Update available for 'supermartijn642corelib@1.1.18+a', (-> 1.1.19-fabric-mc1.21)
[22:08:11] [Worker-Main-1/INFO]: Update available for 'euphoria_patcher@1.6.5-r5.5.1-fabric', (-> 1.7.8-r5.6.1-fabric)
[22:08:11] [Worker-Main-1/INFO]: Update available for 'zoomify@2.14.4+1.21.1', (-> 2.15.1+1.21.1)
[22:08:11] [Worker-Main-1/INFO]: Update available for 'cobblefurnies@0.6.3', (-> 1.0)
[22:08:11] [Worker-Main-1/INFO]: Update available for 'beb@5.0.0', (-> 6.0.0)
[22:08:11] [Worker-Main-1/INFO]: Update available for 'cobblemon_wonder_trade@1.0.0', (-> 1.1.0)
[22:08:11] [Worker-Main-1/INFO]: Update available for 'effectual@1.1.0-1.21.1', (-> 1.3.1-1.21.1)
[22:08:11] [Worker-Main-1/INFO]: Update available for 'ping-wheel@1.10.3', (-> 1.12.1)
[22:08:11] [Worker-Main-1/INFO]: Update available for 'polytone@1.21-3.5.5', (-> 1.21-3.6.1-fabric)
[22:08:11] [Worker-Main-1/INFO]: Update available for 'sounds@2.4.13.1+lts+1.21.1+fabric', (-> 2.4.22+lts+1.21.1-fabric)
[22:08:11] [Worker-Main-1/INFO]: Update available for 'particle_core@0.2.4+1.21', (-> 0.3.0+1.21)
[22:08:11] [Worker-Main-1/INFO]: Update available for 'sophisticatedcore@1.21.1-1.2.9.19.161', (-> 1.21.1-1.2.9.21.168)
[22:08:11] [Render thread/INFO]: OpenGL Vendor: NVIDIA Corporation
[22:08:11] [Render thread/INFO]: OpenGL Renderer: NVIDIA GeForce RTX 3060/PCIe/SSE2
[22:08:11] [Render thread/INFO]: OpenGL Version: 3.2.0 NVIDIA 581.63
[22:08:11] [Render thread/INFO]: Modifying OpenGL context to apply workarounds for the NVIDIA graphics driver...
[22:08:11] [Render thread/INFO]: Enabling GL_DEBUG_OUTPUT_SYNCHRONOUS to force the NVIDIA driver to disable threadedcommand submission
[22:08:11] [Render thread/INFO]: Initializing ImmediatelyFast 1.6.6+1.21.1 on NVIDIA GeForce RTX 3060/PCIe/SSE2 (NVIDIA Corporation) with OpenGL 3.2.0 NVIDIA 581.63
[22:08:11] [Render thread/INFO]: Found Iris/Oculus 1.8.8+mc1.21.1. Enabling compatibility.
[22:08:12] [Render thread/INFO]: Debug functionality is disabled.
[22:08:12] [Render thread/INFO]: ARB_direct_state_access detected, enabling DSA.
[22:08:12] [Render thread/INFO]: Shaders are disabled because enableShaders is set to false in iris.properties
[22:08:19] [Render thread/INFO]: Hardware information:
[22:08:19] [Render thread/INFO]: CPU: 12x AMD Ryzen 5 5600G with Radeon Graphics 
[22:08:19] [Render thread/INFO]: GPU: NVIDIA GeForce RTX 3060/PCIe/SSE2 (Supports OpenGL 3.2.0 NVIDIA 581.63)
[22:08:19] [Render thread/INFO]: OS: Windows 11 (10.0)
[22:08:46] [Render thread/INFO]: [FANCYMENU] Registering resource reload listener..
[22:08:46] [Render thread/INFO]: fancymenu.mixins.json:client.IMixinRealmsNotificationsScreen from mod fancymenu->@Accessor[FIELD_GETTER]::get_trialAvailable_FancyMenu()Z should be static as its target is
[22:08:46] [Render thread/INFO]: fancymenu.mixins.json:client.IMixinRealmsNotificationsScreen from mod fancymenu->@Accessor[FIELD_GETTER]::get_hasUnreadNews_FancyMenu()Z should be static as its target is
[22:08:46] [Render thread/INFO]: fancymenu.mixins.json:client.IMixinRealmsNotificationsScreen from mod fancymenu->@Accessor[FIELD_GETTER]::get_hasUnseenNotifications()Z should be static as its target is
[22:08:47] [Worker-Main-1/ERROR]: GET request failed. Response Code: 404
[22:08:47] [Render thread/INFO]: Reloading ResourceManager: dye_depot:dye_override, scholar:chiseled_bookshelf_colored_books, knowlogy:1.21.0_tricky_trials, tomsstorage_knowlogy:toms_storage, vanilla, fabric, academy, accessories, accessories_compat_layer, advancementframes, adventure-platform-fabric, another_furniture, appleskin, arc, arts_and_crafts, autorun, balm, bcc, beautify, beb, betteradvancements, betterf3, bettervillage, bhmenu, biomeswevegone, blur, bobby, bookshelf, bwncr, cardinal-components-base, cardinal-components-block, cardinal-components-entity, chalk, chalk-colorful-addon, chatanimation, chipped, chunksfadein, chunky, clientsort, cloth-config, cobblefurnies, cobblemon, cobblemon_knowlogy, cobblemon_quests, cobblemon_spawn_alerts, cobblemon_wonder_trade, cobblemonraiddens, cobblemontrialsedition, cobblenav, comforts, conditional-mixin, connectiblechains, constructionwand, controlling, corgilib, cozyhome, craftingtweaks, crawl, crd_broadcasts, crd_converters, cubes-without-borders, defaultoptions, dimworldborder, distraction_free_recipes, drippyloadingscreen, dye_depot, dynamiccrosshair, dynamiccrosshair-api, dynamiccrosshaircompat, effectual, elevatorid, emi, emi_loot, emojiful, emotecraft, enchantmentdisabler, enchdesc, enhancedcelestials, entityculling, euphoria_patcher, exposure, exposure_catalog, exposure_expanded, exposure_polaroid, fabric-api, fabric-api-base, fabric-api-lookup-api-v1, fabric-biome-api-v1, fabric-block-api-v1, fabric-block-view-api-v2, fabric-blockrenderlayer-v1, fabric-client-tags-api-v1, fabric-command-api-v1, fabric-command-api-v2, fabric-commands-v0, fabric-content-registries-v0, fabric-convention-tags-v1, fabric-convention-tags-v2, fabric-crash-report-info-v1, fabric-data-attachment-api-v1, fabric-data-generation-api-v1, fabric-dimensions-v1, fabric-entity-events-v1, fabric-events-interaction-v0, fabric-game-rule-api-v1, fabric-item-api-v1, fabric-item-group-api-v1, fabric-key-binding-api-v1, fabric-keybindings-v0, fabric-language-kotlin, fabric-lifecycle-events-v1, fabric-loot-api-v2, fabric-loot-api-v3, fabric-message-api-v1, fabric-model-loading-api-v1, fabric-networking-api-v1, fabric-object-builder-api-v1, fabric-particles-v1, fabric-recipe-api-v1, fabric-registry-sync-v0, fabric-renderer-api-v1, fabric-renderer-indigo, fabric-renderer-registries-v1, fabric-rendering-data-attachment-v1, fabric-rendering-fluids-v1, fabric-rendering-v0, fabric-rendering-v1, fabric-resource-conditions-api-v1, fabric-resource-loader-v0, fabric-screen-api-v1, fabric-screen-handler-api-v1, fabric-sound-api-v1, fabric-transfer-api-v1, fabric-transitive-access-wideners-v1, fabricloader, fallingleaves, fancymenu, fancytoasts, farmersdelight, faster-random, faux-custom-entity-data, fireworkcapsules, forgeconfigapiport, ftbchunks, ftblibrary, ftbquests, ftbteams, fusion, fwaystones, fzzy_config, glassential, globalpacks, handcrafted, immediatelyfast, immersive-hotbar, immersiveui, iris, item_obliterator, itemrestrictions, itemzoomer, jei, jmi, jobsplus, journeymap, knowlogy, konkrete, lambdynlights, lambdynlights_api, laserbridges, lavender, lavender-md, legendarymonuments, legendarytooltips, letsparkour, libbamboo, libraryferret, linkedchests, litematica, lootr, malilib, mega_showdown, mes, midnightlib, minecraft-cursor, mixson, mm, mns, modernfix, modmenu, moogs_structures, moonlight, moresparkles, mru, mss, mvs, nametagtweaks, naturescompass, nbt_ac, nbtcopy, no-more-popups, nochatreports, noisium, owo, particle_core, particlerain, ping-wheel, playeranimator, playerladder, pokeblocks, polymer-blocks, polymer-core, polymer-resource-pack, polymorph, polytone, porting_lib_conditions, porting_lib_core, porting_lib_fluids, porting_lib_item_abilities, porting_lib_lazy_registration, porting_lib_level_events, porting_lib_loot, porting_lib_model_loader, porting_lib_render_types, porting_lib_transfer, pride, prism, rad-gyms, reacharound, rechiseled, redirected, regions_unexplored, resourcepackoverrides, scholar, scoreboardtweaks, scoremons, searchables, shouldersurfing, shulkerboxtooltip, shutter, simpletms, sit, slide_show, sodium, sodium-extra, sootychimneys, sophisticatedcore, sophisticatedstorage, sounds, spark, sparkle, spectrelib, spruceui, stfu, stohuns_vanity_collection, stoneworks, structurify, stylisheffects, subtleskybox, supermartijn642corelib, tabtweaks, team_reborn_energy, templates, terrablender, tim_core, titletweaks, tlib, toms_storage, tomsstorage_knowlogy, totw_modded, travelerstitles, treechop, trender, trinkets, txnilib, uilib, vanity, visualworkbench, voicechat, wakes, water_vision, wits, worldedit, wthit, xercapaint, yamlconfig, yet_another_config_lib_v3, zoomify, moonlight:mods_dynamic_assets, $polymer-resources, cobblemon:regionbiasforms, cobblemon:uniqueshinyforms, cobblemon:gyaradosjump, cobblemon_knowlogy:cobblemon, cobblemon_knowlogy:cobblemonpokenav, scholar:colored_books, cobblemon_knowlogy:pokepedia, knowlogy:1.0.0_minecraft, file/dCIM1.0.3, file/CCC_1.9.2, file/Radiants, file/Journey Mounts, file/Academy, file/Cobblemon Interface v1.4.1.zip, Academy Runtime, visualworkbench:default_block_models
[22:08:47] [Render thread/INFO]: Data generation for dynamic pack resources provided by 'visualworkbench' took 219ms
[22:08:48] [Render thread/INFO]: Reloading dynamic packs before reloading data packs for CLIENT_RESOURCES
[22:08:48] [Render thread/INFO]: Generated runtime CLIENT_RESOURCES for pack moonlight:mods_dynamic_assets (moonlight) in: 7 ms (multithreaded)
[22:08:48] [Render thread/INFO]: Generated runtime resources for 1 packs in a total of: 13 ms
[22:08:48] [Worker-ResourceReload-1/INFO]: Found unifont_jp_patch-15.1.05.hex, loading
[22:08:48] [Worker-ResourceReload-2/INFO]: Found unifont_all_no_pua-15.1.05.hex, loading
[22:08:48] [Worker-ResourceReload-9/WARN]: File cobblemon:sounds/pokemon/ponyta/galarian_ponyta_cry.ogg does not exist, cannot add it to event cobblemon:pokemon.ponyta_galar.cry
[22:08:48] [Worker-ResourceReload-9/WARN]: File cobblemon:sounds/pokemon/deoxysattack/deoxys_cry.ogg does not exist, cannot add it to event cobblemon:pokemon.deoxysattack.cry
[22:08:48] [Worker-ResourceReload-9/WARN]: File cobblemon:sounds/pokemon/deoxysdefense/deoxys_cry.ogg does not exist, cannot add it to event cobblemon:pokemon.deoxysdefense.cry
[22:08:48] [Worker-ResourceReload-9/WARN]: File cobblemon:sounds/pokemon/deoxysspeed/deoxys_cry.ogg does not exist, cannot add it to event cobblemon:pokemon.deoxysspeed.cry
[22:08:48] [Worker-ResourceReload-9/WARN]: File cobblemon:sounds/pokemon/noibat/noibat.ogg does not exist, cannot add it to event cobblemon:pokemon.noibat.cry
[22:08:48] [Worker-ResourceReload-9/WARN]: File cobblemon:sounds/pokemon/noivern/noivern.ogg does not exist, cannot add it to event cobblemon:pokemon.noivern.cry
[22:08:48] [Worker-ResourceReload-9/WARN]: File cobblemon:sounds/pokemon/lycanroc_midday/lycanroc_midday_cry.ogg does not exist, cannot add it to event cobblemon:pokemon.lycanroc_midday.cry
[22:08:48] [Worker-ResourceReload-9/WARN]: File cobblemon:sounds/pokemon/lycanroc_dusk/lycanroc_dusk_cry.ogg does not exist, cannot add it to event cobblemon:pokemon.lycanroc_dusk.cry
[22:08:48] [Worker-ResourceReload-9/WARN]: File cobblemon:sounds/pokemon/lycanroc_midnight/lycanroc_midnight_cry.ogg does not exist, cannot add it to event cobblemon:pokemon.lycanroc_midnight.cry
[22:08:48] [Worker-ResourceReload-9/WARN]: File cobblemon:sounds/pokemon/pansage/pansage.ogg does not exist, cannot add it to event cobblemon:pansage
[22:08:48] [Worker-ResourceReload-9/WARN]: File cobblemon:sounds/pokemon/simisage/simisage.ogg does not exist, cannot add it to event cobblemon:simisage
[22:08:48] [Worker-ResourceReload-9/WARN]: File cobblemon:sounds/pokemon/simisear/simisear.ogg does not exist, cannot add it to event cobblemon:simisear
[22:08:48] [Worker-ResourceReload-9/WARN]: File cobblemon:sounds/pokemon/panpour/panpour.ogg does not exist, cannot add it to event cobblemon:panpour
[22:08:48] [Worker-ResourceReload-9/WARN]: File cobblemon:sounds/pokemon/simipour/simipour.ogg does not exist, cannot add it to event cobblemon:simipour
[22:08:48] [Worker-ResourceReload-9/WARN]: File cobblemon:sounds/pokemon/mr_mime_galarian/mr_mime_cry.ogg does not exist, cannot add it to event cobblemon:pokemon.mr_mime_galarian.cry
[22:08:49] [Worker-ResourceReload-9/WARN]: File legendarymonuments:sounds/footprintsoundeffect.ogg does not exist, cannot add it to event legendarymonuments:footprintsoundeffect
[22:08:50] [Worker-ResourceReload-8/INFO]: Found 48 model mappings from pack 'templates'
[22:08:50] [Worker-ResourceReload-8/INFO]: Found 17 item model overrides from pack 'templates'.
[22:08:50] [Render thread/INFO]: Loaded 35 custom rendering entries
[22:08:50] [Render thread/INFO]: Loaded 0 custom rendering entries
[22:08:50] [Worker-ResourceReload-3/WARN]: Found animation file with improper file name format; animation files should end in .animation.json: 'pokeblocks:animations/animation.spin.json'
[22:08:50] [ForkJoinPool.commonPool-worker-2/INFO]: [minecraft-cursor] Loading cursor 'default'...
[22:08:50] [ForkJoinPool.commonPool-worker-2/INFO]: [minecraft-cursor] Loading cursor 'pointer'...
[22:08:50] [Worker-ResourceReload-2/WARN]: Found animation file with improper file name format; animation files should end in .animation.json: 'pokeblocks:animations/block/animation.spin.json'
[22:08:50] [ForkJoinPool.commonPool-worker-2/INFO]: [minecraft-cursor] Loading cursor 'grabbing'...
[22:08:51] [ForkJoinPool.commonPool-worker-2/INFO]: [minecraft-cursor] Loading cursor 'text'...
[22:08:51] [ForkJoinPool.commonPool-worker-2/INFO]: [minecraft-cursor] Loading cursor 'shift'...
[22:08:51] [ForkJoinPool.commonPool-worker-2/INFO]: [minecraft-cursor] Loading cursor 'busy'...
[22:08:51] [ForkJoinPool.commonPool-worker-2/INFO]: [minecraft-cursor] Loading cursor 'not_allowed'...
[22:08:51] [ForkJoinPool.commonPool-worker-2/INFO]: [minecraft-cursor] Loading cursor 'crosshair'...
[22:08:51] [ForkJoinPool.commonPool-worker-2/INFO]: [minecraft-cursor] Loading cursor 'resize_ew'...
[22:08:51] [Worker-ResourceReload-4/WARN]: Unsupported geometry json version: 1.21.0 for model vanity_spartan:geo/item/spartan_helmet.geo.json. Supported versions: 1.12.0. Remove any rotated face UVs and re-export the model to fix
[22:08:51] [ForkJoinPool.commonPool-worker-2/INFO]: [minecraft-cursor] Loading cursor 'resize_ns'...
[22:08:51] [ForkJoinPool.commonPool-worker-2/INFO]: [minecraft-cursor] Loading cursor 'resize_nwse'...
[22:08:51] [ForkJoinPool.commonPool-worker-2/INFO]: [minecraft-cursor] Loading cursor 'resize_nesw'...
[22:08:51] [Worker-ResourceReload-6/WARN]: Unsupported geometry json version for model pokeblocks:geo/pokedoll_skibidi_mewlet.geo.json. Supported versions: 1.12.0
[22:08:51] [Worker-ResourceReload-8/WARN]: Found animation file with improper file name format; animation files should end in .animation.json: 'pokeblocks:animations/entity/animation.spin.json'
[22:08:51] [Worker-ResourceReload-2/WARN]: Found animation file with improper file name format; animation files should end in .animation.json: 'pokeblocks:animations/item/animation.spin.json'
[22:08:52] [Worker-ResourceReload-4/WARN]: Failed to find block entries for tag key: minecraft:cauldrons
[22:08:53] [Worker-ResourceReload-10/INFO]: Registered 0 extra models
[22:08:53] [Worker-ResourceReload-10/INFO]: Found 483 enchanted-book CITs
[22:08:53] [Worker-ResourceReload-3/WARN]: Texture cobblemon:item/gimmick/mega_bracelet with size 550x550 limits mip level from 4 to 1
[22:08:53] [Worker-ResourceReload-3/WARN]: minecraft:textures/atlas/blocks.png: dropping miplevel from 4 to 1, because of minimum power of two: 2
[22:08:54] [Worker-ResourceReload-10/WARN]: Unable to load model: 'academy:item/great_safari_ball_model' referenced from: academy:item/great_safari_ball_model: java.io.FileNotFoundException: academy:models/item/great_safari_ball_model.json
[22:08:54] [Worker-ResourceReload-10/WARN]: Unable to load model: 'academy:item/golden_safari_ball_model' referenced from: academy:item/golden_safari_ball_model: java.io.FileNotFoundException: academy:models/item/golden_safari_ball_model.json
[22:08:54] [Render thread/ERROR]: Invalid path in pack: cobblemon:textures/pokemon/0493_arceus/arceus_emmisive (1).png, ignoring
[22:08:55] [Worker-ResourceReload-10/INFO]: models/item/gym_key_fire.json
[22:08:55] [Worker-ResourceReload-10/INFO]: models/item/gym_key_dark.json
[22:08:55] [Worker-ResourceReload-10/INFO]: models/item/gym_key.json
[22:08:55] [Worker-ResourceReload-10/INFO]: models/item/gym_key_rock.json
[22:08:55] [Worker-ResourceReload-10/INFO]: models/item/gym_key_steel.json
[22:08:55] [Worker-ResourceReload-10/INFO]: models/item/gym_key_ghost.json
[22:08:55] [Worker-ResourceReload-10/INFO]: models/item/gym_key_fairy.json
[22:08:55] [Worker-ResourceReload-10/INFO]: models/item/gym_key_fighting.json
[22:08:55] [Worker-ResourceReload-10/INFO]: models/item/gym_key_electric.json
[22:08:55] [Worker-ResourceReload-10/INFO]: models/item/gym_key_ground.json
[22:08:55] [Worker-ResourceReload-10/INFO]: models/item/gym_key_flying.json
[22:08:55] [Worker-ResourceReload-10/INFO]: models/item/gym_key_water.json
[22:08:55] [Worker-ResourceReload-10/INFO]: models/item/gym_key_ice.json
[22:08:55] [Worker-ResourceReload-10/INFO]: models/item/gym_key_default.json
[22:08:55] [Worker-ResourceReload-10/INFO]: models/item/gym_key_bug.json
[22:08:55] [Worker-ResourceReload-10/INFO]: models/item/gym_key_normal.json
[22:08:55] [Worker-ResourceReload-10/INFO]: models/item/gym_key_poison.json
[22:08:55] [Worker-ResourceReload-10/INFO]: models/item/gym_key_psychic.json
[22:08:55] [Worker-ResourceReload-10/INFO]: models/item/gym_key_grass.json
[22:08:55] [Worker-ResourceReload-10/INFO]: models/item/gym_key_dragon.json
[22:08:55] [Worker-ResourceReload-10/INFO]: Dynamic model bakery loading finished, with 1498 permanent top level models
[22:08:55] [Worker-ResourceReload-10/INFO]: Dynamic model bakery initial baking finished, with 1498 permanent top level baked models
[22:08:55] [Render thread/ERROR]: Invalid path in mod resource-pack legendarymonuments: legendarymonuments:textures/gui/structure_icons/traditional_village⁄ecruteak.png, ignoring
[22:08:56] [Render thread/INFO]: [FANCYMENU] Initializing screen customization engine! Addons should NOT REGISTER TO REGISTRIES anymore now!
[22:08:57] [Render thread/INFO]: [DRIPPY LOADING SCREEN] Initializing fonts for text rendering..
[22:08:57] [Render thread/INFO]: [FANCYMENU] ScreenCustomizationLayer registered: drippy_loading_overlay
[22:08:58] [Render thread/INFO]: [FANCYMENU] Starting late client initialization phase..
[22:08:58] [Render thread/INFO]: [FANCYMENU] Custom window icon successfully updated!
[22:08:58] [Render thread/INFO]: [minecraft-cursor] Tracking cursors from other mods...
[22:08:58] [Render thread/INFO]: [minecraft-cursor] Remapping cursor to 'resize_ew' from 'de.keksuccino.fancymenu.util.rendering.ui.cursor'
[22:08:58] [Render thread/INFO]: [minecraft-cursor] Remapping cursor to 'resize_ns' from 'de.keksuccino.fancymenu.util.rendering.ui.cursor'
[22:08:58] [Render thread/INFO]: [minecraft-cursor] Remapping cursor to 'grabbing' from 'de.keksuccino.fancymenu.util.rendering.ui.cursor'
[22:08:58] [Render thread/INFO]: [minecraft-cursor] Remapping cursor to 'text' from 'de.keksuccino.fancymenu.util.rendering.ui.cursor'
[22:08:58] [Render thread/INFO]: [minecraft-cursor] Remapping cursor to 'pointer' from 'de.keksuccino.fancymenu.util.rendering.ui.cursor'
[22:08:58] [Render thread/INFO]: [minecraft-cursor] Remapping cursor to 'default' from 'de.keksuccino.fancymenu.util.rendering.ui.cursor'
[22:08:58] [Render thread/INFO]: Fabric only mixins are working for Beautiful Enchanted Books!
[22:08:58] [Render thread/INFO]: Glassential Renewed
[22:08:58] [Render thread/INFO]: MC Version: fabric-0.18.1-1.21.1
[22:08:58] [Render thread/INFO]: [KONKRETE] Client-side modules initialized and ready to use!
[22:08:58] [Thread-15/INFO]: Loaded 1970 emojis
[22:08:59] [Download-1/ERROR]: Failed to retrieve profile key pair
com.mojang.authlib.exceptions.MinecraftClientHttpException: FORBIDDEN
	at knot/com.mojang.authlib.minecraft.client.MinecraftClient.readInputStream(MinecraftClient.java:100) ~[authlib-6.0.54.jar:?]
	at knot/com.mojang.authlib.minecraft.client.MinecraftClient.post(MinecraftClient.java:65) ~[authlib-6.0.54.jar:?]
	at knot/com.mojang.authlib.yggdrasil.YggdrasilUserApiService.getKeyPair(YggdrasilUserApiService.java:61) ~[authlib-6.0.54.jar:?]
	at knot/net.minecraft.class_7434.method_43605(class_7434.java:129) ~[client-intermediary.jar:?]
	at knot/net.minecraft.class_7434.method_44291(class_7434.java:77) ~[client-intermediary.jar:?]
	at java.base/java.util.concurrent.CompletableFuture$AsyncSupply.run(Unknown Source) ~[?:?]
	at java.base/java.util.concurrent.ThreadPoolExecutor.runWorker(Unknown Source) ~[?:?]
	at java.base/java.util.concurrent.ThreadPoolExecutor$Worker.run(Unknown Source) ~[?:?]
	at java.base/java.lang.Thread.run(Unknown Source) [?:?]
[22:08:59] [Render thread/INFO]: Loaded default options for keymappings
[22:08:59] [Render thread/INFO]: Found 164 default keys and 131 known keys
[22:08:59] [Render thread/INFO]: Deserializing Config from 'D:\mc\Instances\Cobblemon Academy 2.0\config\dynamiccrosshair.json5'
[22:08:59] [Render thread/INFO]: Found @JourneyMapPlugin: io.github.stainlessstasis.JourneymapFabricPlugin
[22:08:59] [Render thread/INFO]: Found @JourneyMapPlugin: wraith.fwaystones.integration.journeymap.JourneymapPlugin
[22:08:59] [Render thread/INFO]: Found @JourneyMapPlugin: me.frankv.jmi.JMIJourneyMapPlugin
[22:08:59] [Render thread/INFO]: Found @JourneyMapPlugin: journeymap.api.plugins.LoadedChunkOverlayPlugin
[22:08:59] [Render thread/INFO]: Initialized me.frankv.jmi.JMIJourneyMapPlugin
[22:09:09] [Render thread/INFO]: [FANCYMENU] Custom window icon successfully updated!
[22:09:09] [Worker-Main-4/INFO]: Found unifont_jp_patch-15.1.05.hex, loading
[22:09:09] [Worker-Main-3/INFO]: Found unifont_all_no_pua-15.1.05.hex, loading
[22:09:11] [Render thread/WARN]: Skipped language file: moonlight:lang/fr_fr.json (com.google.gson.JsonSyntaxException: com.google.gson.stream.MalformedJsonException: Expected name at line 5 column 2 path $.item.minecraft.potion_splash)
[22:09:11] [Render thread/WARN]: Missing sound for event: minecraft:item.goat_horn.play
[22:09:11] [Render thread/WARN]: Missing sound for event: minecraft:entity.goat.screaming.horn_break
[22:09:11] [Render thread/WARN]: Missing sound for event: sounds:item.hard_metal.hold
[22:09:11] [Render thread/WARN]: Missing sound for event: sounds:item.shiny_metal.hold
[22:09:11] [Render thread/INFO]: OpenAL initialized on device OpenAL Soft on Haut-parleurs (2- Logitech PRO X Gaming Headset)
[22:09:11] [Render thread/INFO]: Sound engine started
[22:09:11] [Render thread/INFO]: [FANCYMENU] Reloading AudioResourceHandler after Minecraft SoundEngine reload..
[22:09:12] [Render thread/INFO]: Created: 8192x4096x1 minecraft:textures/atlas/blocks.png-atlas
[22:09:12] [Render thread/INFO]: Created: 1024x512x4 minecraft:textures/atlas/signs.png-atlas
[22:09:12] [Render thread/INFO]: Created: 512x512x4 minecraft:textures/atlas/banner_patterns.png-atlas
[22:09:12] [Render thread/INFO]: Created: 512x512x4 minecraft:textures/atlas/shield_patterns.png-atlas
[22:09:12] [Render thread/INFO]: Created: 2048x1024x4 minecraft:textures/atlas/armor_trims.png-atlas
[22:09:12] [Render thread/INFO]: Created: 1024x512x4 minecraft:textures/atlas/chest.png-atlas
[22:09:12] [Render thread/INFO]: Created: 512x512x4 minecraft:textures/atlas/decorated_pot.png-atlas
[22:09:12] [Render thread/INFO]: Created: 512x512x4 minecraft:textures/atlas/beds.png-atlas
[22:09:12] [Render thread/INFO]: Created: 512x512x4 minecraft:textures/atlas/shulker_boxes.png-atlas
[22:09:13] [Render thread/INFO]: Created: 4096x2048x0 minecraft:textures/atlas/particles.png-atlas
[22:09:13] [Render thread/INFO]: Created: 512x512x0 minecraft:textures/atlas/paintings.png-atlas
[22:09:13] [Render thread/INFO]: Created: 256x128x0 minecraft:textures/atlas/mob_effects.png-atlas
[22:09:13] [Render thread/INFO]: Created: 256x256x0 minecraft:textures/atlas/map_decorations.png-atlas
[22:09:13] [Render thread/INFO]: Created: 2048x1024x0 minecraft:textures/atlas/gui.png-atlas
[22:09:13] [Render thread/WARN]: Shader cobblemon:particle_add could not find sampler named Sampler2 in the specified shader program.
[22:09:13] [Render thread/WARN]: Shader cobblemon:particle_cutout could not find sampler named Sampler2 in the specified shader program.
[22:09:13] [Render thread/WARN]: Shader rendertype_entity_cutout could not find uniform named IViewRotMat in the specified shader program.
[22:09:13] [Render thread/WARN]: Shader rendertype_entity_translucent could not find uniform named IViewRotMat in the specified shader program.
[22:09:13] [Render thread/WARN]: Shader rendertype_entity_translucent_emissive could not find sampler named Sampler2 in the specified shader program.
[22:09:13] [Render thread/WARN]: Shader moonlight:text_alpha_color could not find sampler named Sampler2 in the specified shader program.
[22:09:13] [Render thread/WARN]: Shader journeymap:sepia_3 could not find uniform named ColorModulator in the specified shader program.
[22:09:13] [Render thread/WARN]: Shader journeymap:sepia_2 could not find uniform named ColorModulator in the specified shader program.
[22:09:13] [Render thread/WARN]: Shader journeymap:sepia_1 could not find uniform named ColorModulator in the specified shader program.
[22:09:13] [Render thread/WARN]: Resource pack file/Cobblemon Interface v1.4.1.zip is not compatible with font atlas resizing. Temporarily disabling font atlas resizing.
[22:09:13] [Render thread/INFO]: [FANCYMENU] Reloading resources..
[22:09:13] [Render thread/INFO]: [FANCYMENU] Pre-loading resources..
[22:09:13] [Render thread/INFO]: Created: 256x256x0 jei:textures/atlas/gui.png-atlas
[22:09:15] [Render thread/INFO]: Created: 128x128x0 cobblemon:textures/atlas/berries.png-atlas
[22:09:15] [Render thread/INFO]: Loading assets...
[22:09:15] [Render thread/INFO]: Loading particle effects...
[22:09:15] [Thread-17/INFO]: Finished in: 214 ms [16228 ms with interruption]
[22:09:15] [Render thread/INFO]: Loaded 1220 particle effects
[22:09:15] [Render thread/INFO]: Loading animations...
[22:09:30] [Render thread/INFO]: Loaded 10853 animations from 1264 animation groups
[22:09:30] [Render thread/INFO]: Loading varying Bedrock assets...
[22:09:30] [Render thread/ERROR]: Invalid path in pack: cobblemon:bedrock/pokemon/models/0699_aurorus/aurorus.geo (1).json, ignoring
[22:09:42] [Render thread/INFO]: Loaded 1513 models.
[22:09:46] [Render thread/INFO]: Loaded 1339 posers.
[22:09:56] [Render thread/INFO]: Loaded 4497 variations.
[22:09:56] [Render thread/INFO]: Loaded 0 models
[22:09:56] [Render thread/INFO]: Models: 
[22:09:56] [Render thread/INFO]: Loading animations...
[22:09:56] [Render thread/INFO]: Loaded 0 animations from 0 animation groups
[22:09:56] [Render thread/INFO]: Loaded 72 berry models
[22:09:56] [Render thread/INFO]: Loaded 5 misc models
[22:09:56] [Render thread/INFO]: Loaded assets
[22:09:56] [Render thread/INFO]: Loaded 3 biome platform render data
[22:09:56] [Render thread/INFO]: Loaded 1 dimension plates
[22:09:56] [Render thread/INFO]: Loaded 1 clouds
[22:09:58] [Render thread/INFO]: [FANCYMENU] Minecraft resource reload: FINISHED
[22:09:58] [Render thread/INFO]: [FANCYMENU] ScreenCustomizationLayer registered: title_screen
[22:09:58] [Render thread/INFO]: Glassential Renewed
[22:09:58] [Render thread/INFO]: MC Version: fabric-0.18.1-1.21.1
[22:09:59] [Render thread/INFO]: Creating pipeline for dimension minecraft:overworld
[22:09:59] [Render thread/INFO]: Glassential Renewed
[22:09:59] [Render thread/INFO]: MC Version: fabric-0.18.1-1.21.1
[22:09:59] [Render thread/INFO]: Glassential Renewed
[22:09:59] [Render thread/INFO]: MC Version: fabric-0.18.1-1.21.1
[22:09:59] [Render thread/INFO]: Glassential Renewed
[22:09:59] [Render thread/INFO]: MC Version: fabric-0.18.1-1.21.1
[22:09:59] [Render thread/INFO]: Glassential Renewed
[22:09:59] [Render thread/INFO]: MC Version: fabric-0.18.1-1.21.1
[22:09:59] [Render thread/INFO]: Glassential Renewed
[22:09:59] [Render thread/INFO]: MC Version: fabric-0.18.1-1.21.1
[22:09:59] [IO-Worker-2/INFO]: Could not authorize you against Realms server: java.lang.NullPointerException: Cannot invoke "java.util.List.size()" because "profiles" is null
[22:09:59] [IO-Worker-2/ERROR]: Couldn't connect to realms
net.minecraft.class_4355: Realms authentication error with message 'java.lang.NullPointerException: Cannot invoke "java.util.List.size()" because "profiles" is null'
	at knot/net.minecraft.class_4341.method_20998(class_4341.java:447) ~[client-intermediary.jar:?]
	at knot/net.minecraft.class_4341.method_21027(class_4341.java:232) ~[client-intermediary.jar:?]
	at knot/net.minecraft.class_8647.method_52627(class_8647.java:51) ~[client-intermediary.jar:?]
	at java.base/java.util.concurrent.CompletableFuture$AsyncSupply.run(Unknown Source) ~[?:?]
	at java.base/java.util.concurrent.ThreadPoolExecutor.runWorker(Unknown Source) ~[?:?]
	at java.base/java.util.concurrent.ThreadPoolExecutor$Worker.run(Unknown Source) ~[?:?]
	at java.base/java.lang.Thread.run(Unknown Source) [?:?]
[22:10:01] [Render thread/WARN]: Game took 194.312 seconds to start
[22:10:12] [Render thread/INFO]: [FANCYMENU] ScreenCustomizationLayer registered: com.bisecthosting.mods.bhmenu.modules.servercreatorbanner.screens.BHMultiplayerScreen
[22:10:14] [Render thread/INFO]: [FANCYMENU] ScreenCustomizationLayer registered: progress_screen
[22:10:14] [Render thread/INFO]: [FANCYMENU] ScreenCustomizationLayer registered: connect_screen
[22:10:14] [Render thread/INFO]: Connecting to cobblemonv2.hosterfy.eu, 25565
[22:10:14] [Render thread/INFO]: [FANCYMENU] ScreenCustomizationLayer registered: disconnected_screen
[22:10:16] [OkHttp https://api.cobblemon.academy/.../ERROR]: Failed to read from or write to the web socket.
[22:10:24] [Render thread/INFO]: Glassential Renewed
[22:10:24] [Render thread/INFO]: MC Version: fabric-0.18.1-1.21.1
[22:10:24] [Render thread/INFO]: Glassential Renewed
[22:10:24] [Render thread/INFO]: MC Version: fabric-0.18.1-1.21.1
[22:10:24] [Render thread/INFO]: Glassential Renewed
[22:10:24] [Render thread/INFO]: MC Version: fabric-0.18.1-1.21.1
[22:10:25] [Render thread/INFO]: [FANCYMENU] ScreenCustomizationLayer registered: select_world_screen
[22:10:26] [Render thread/INFO]: [FANCYMENU] ScreenCustomizationLayer registered: generic_dirt_message_screen
[22:10:26] [Render thread/INFO]: Found new data pack moonlight:mods_dynamic_assets, loading it automatically
[22:10:26] [Render thread/INFO]: Found new data pack $polymer-resources, loading it automatically
[22:10:26] [Render thread/INFO]: Found new data pack Trek 1.21.x B0.4.1, loading it automatically
[22:10:26] [Render thread/INFO]: Found new data pack stellarity_lite_3.0.5.6, loading it automatically
[22:10:26] [Render thread/INFO]: Found new data pack Journey Mounts, loading it automatically
[22:10:26] [Render thread/INFO]: Found new data pack CCC_1.9.2, loading it automatically
[22:10:26] [Render thread/INFO]: Found new data pack Academy, loading it automatically
[22:10:26] [Render thread/INFO]: Reloading dynamic packs before reloading data packs for SERVER_DATA
[22:10:26] [Render thread/INFO]: Generated runtime resources for 1 packs in a total of: 0 ms
[22:10:38] [Render thread/INFO]: StructureSet modified for minecraft:village : Now using custom village configuration (can be disabled in the better villages config: boolean.villages.enabled_custom_config).
[22:11:12] [Worker-ResourceReload-8/ERROR]: Couldn't parse element minecraft:loot_table/shutter:blocks/palm_shutter - Unknown registry key in ResourceKey[minecraft:root / minecraft:item]: shutter:palm_shutter
[22:11:12] [Worker-ResourceReload-8/ERROR]: Couldn't parse element minecraft:loot_table/academy:convenientdecor/umbrellas - Unknown registry key in ResourceKey[minecraft:root / minecraft:item]: convenientdecor:allerts_umbrella; Unknown registry key in ResourceKey[minecraft:root / minecraft:item]: convenientdecor:blue_umbrella; Unknown registry key in ResourceKey[minecraft:root / minecraft:item]: convenientdecor:gray_umbrella; Unknown registry key in ResourceKey[minecraft:root / minecraft:item]: convenientdecor:yellow_umbrella; Unknown registry key in ResourceKey[minecraft:root / minecraft:item]: convenientdecor:red_umbrella; Unknown registry key in ResourceKey[minecraft:root / minecraft:item]: convenientdecor:green_umbrella; Unknown registry key in ResourceKey[minecraft:root / minecraft:item]: convenientdecor:lime_umbrella; Unknown registry key in ResourceKey[minecraft:root / minecraft:item]: convenientdecor:orange_umbrella; Unknown registry key in ResourceKey[minecraft:root / minecraft:item]: convenientdecor:brown_umbrella; Unknown registry key in ResourceKey[minecraft:root / minecraft:item]: convenientdecor:cyan_umbrella; Unknown registry key in ResourceKey[minecraft:root / minecraft:item]: convenientdecor:black_umbrella; Unknown registry key in ResourceKey[minecraft:root / minecraft:item]: convenientdecor:light_gray_umbrella; Unknown registry key in ResourceKey[minecraft:root / minecraft:item]: convenientdecor:purple_umbrella; Unknown registry key in ResourceKey[minecraft:root / minecraft:item]: convenientdecor:white_umbrella; Unknown registry key in ResourceKey[minecraft:root / minecraft:item]: convenientdecor:light_blue_umbrella; Unknown registry key in ResourceKey[minecraft:root / minecraft:item]: convenientdecor:magenta_umbrella; Unknown registry key in ResourceKey[minecraft:root / minecraft:item]: convenientdecor:pink_umbrella
[22:11:12] [Worker-ResourceReload-8/ERROR]: Couldn't parse element minecraft:loot_table/stellarity:pandoras_barrel/helmet - Unknown registry key in ResourceKey[minecraft:root / minecraft:attribute]: minecraft:max_health; Unknown registry key in ResourceKey[minecraft:root / minecraft:attribute]: minecraft:max_health; Unknown registry key in ResourceKey[minecraft:root / minecraft:attribute]: minecraft:max_health; Unknown registry key in ResourceKey[minecraft:root / minecraft:attribute]: minecraft:max_health; Unknown registry key in ResourceKey[minecraft:root / minecraft:attribute]: minecraft:max_health; Unknown registry key in ResourceKey[minecraft:root / minecraft:attribute]: minecraft:max_health; Unknown registry key in ResourceKey[minecraft:root / minecraft:attribute]: minecraft:max_health; Unknown registry key in ResourceKey[minecraft:root / minecraft:attribute]: minecraft:max_health; Unknown registry key in ResourceKey[minecraft:root / minecraft:attribute]: minecraft:max_health; Unknown registry key in ResourceKey[minecraft:root / minecraft:attribute]: minecraft:max_health; Unknown registry key in ResourceKey[minecraft:root / minecraft:attribute]: minecraft:max_health; Unknown registry key in ResourceKey[minecraft:root / minecraft:attribute]: minecraft:max_health; Unknown registry key in ResourceKey[minecraft:root / minecraft:attribute]: minecraft:max_health; Unknown registry key in ResourceKey[minecraft:root / minecraft:attribute]: minecraft:max_health; Unknown registry key in ResourceKey[minecraft:root / minecraft:attribute]: minecraft:max_health; Unknown registry key in ResourceKey[minecraft:root / minecraft:attribute]: minecraft:max_health; Unknown registry key in ResourceKey[minecraft:root / minecraft:attribute]: minecraft:max_health; Unknown registry key in ResourceKey[minecraft:root / minecraft:attribute]: minecraft:max_health; Unknown registry key in ResourceKey[minecraft:root / minecraft:attribute]: minecraft:max_health; Unknown registry key in ResourceKey[minecraft:root / minecraft:attribute]: minecraft:max_health; Unknown registry key in ResourceKey[minecraft:root / minecraft:attribute]: minecraft:max_health; Unknown registry key in ResourceKey[minecraft:root / minecraft:attribute]: minecraft:max_health; Unknown registry key in ResourceKey[minecraft:root / minecraft:attribute]: minecraft:max_health; Unknown registry key in ResourceKey[minecraft:root / minecraft:attribute]: minecraft:max_health; Unknown registry key in ResourceKey[minecraft:root / minecraft:attribute]: minecraft:max_health
[22:11:13] [Worker-ResourceReload-8/ERROR]: Couldn't parse element minecraft:loot_table/stellarity:pandoras_barrel/helmet_generic - Unknown registry key in ResourceKey[minecraft:root / minecraft:attribute]: minecraft:max_health; Unknown registry key in ResourceKey[minecraft:root / minecraft:attribute]: minecraft:max_health; Unknown registry key in ResourceKey[minecraft:root / minecraft:attribute]: minecraft:max_health; Unknown registry key in ResourceKey[minecraft:root / minecraft:attribute]: minecraft:max_health
[22:11:13] [Worker-ResourceReload-8/INFO]: parsing loot tables
[22:11:16] [Worker-ResourceReload-8/INFO]: finished parsing loot tables in 2996
[22:11:16] [Worker-ResourceReload-7/WARN]: Found loot table element validation problem in {minecraft:loot_table/nova_structures:chests/ruin_loot_master}.pools[0].entries[3]->{nova_structures:chests/dungeon_4}.functions[0]: Unknown function table called nova_structures:loot_modifier
[22:11:16] [Worker-ResourceReload-7/WARN]: Found loot table element validation problem in {minecraft:loot_table/nova_structures:chests/illager_hideout_random}.pools[0].entries[6]->{nova_structures:chests/illager_hideout_trash}.functions[0]: Unknown function table called nova_structures:loot_modifier
[22:11:16] [Worker-ResourceReload-7/WARN]: Found loot table element validation problem in {minecraft:loot_table/nova_structures:chests/jungle_ruins/jungle_ruins_house}.pools[2].entries[0]->{nova_structures:chests/ruin_loot_master}.pools[0].entries[1]->{nova_structures:chests/dungeon_2}.pools[1].entries[1]->{minecraft:chests/simple_dungeon}.pools[4].entries[0]: Unknown loot table called academy:vanity/designs
[22:11:16] [Worker-ResourceReload-7/WARN]: Found loot table element validation problem in {minecraft:loot_table/nova_structures:chests/illager_hideout_random}.pools[0].entries[1]->{nova_structures:chests/illager_hideout_fishing}.functions[0]: Unknown function table called nova_structures:loot_modifier
[22:11:16] [Worker-ResourceReload-7/WARN]: Found loot table element validation problem in {minecraft:loot_table/nova_structures:chests/jungle_ruins/jungle_ruins_house}.pools[2].entries[0]->{nova_structures:chests/ruin_loot_master}.pools[0].entries[5]->{nova_structures:chests/dungeon_6}.pools[1].entries[1]->{minecraft:chests/simple_dungeon}.pools[4].entries[0]: Unknown loot table called academy:vanity/designs
[22:11:16] [Worker-ResourceReload-7/WARN]: Found loot table element validation problem in {minecraft:loot_table/nova_structures:chests/illager_hideout_lesser_tresure}.functions[0]: Unknown function table called nova_structures:loot_modifier
[22:11:16] [Worker-ResourceReload-7/WARN]: Found loot table element validation problem in {minecraft:loot_table/nova_structures:chests/jungle_ruins/jungle_ruins_house}.pools[2].entries[0]->{nova_structures:chests/ruin_loot_master}.pools[0].entries[2]->{nova_structures:chests/dungeon_3}.functions[0]: Unknown function table called nova_structures:loot_modifier
[22:11:16] [Worker-ResourceReload-7/WARN]: Found loot table element validation problem in {minecraft:loot_table/minecraft:chests/simple_dungeon}.pools[4].entries[0]: Unknown loot table called academy:vanity/designs
[22:11:16] [Worker-ResourceReload-7/WARN]: Found loot table element validation problem in {minecraft:loot_table/nova_structures:chests/illager_hideout_heart_loot}.functions[0]: Unknown function table called nova_structures:loot_modifier
[22:11:16] [Worker-ResourceReload-7/WARN]: Found loot table element validation problem in {minecraft:loot_table/minecraft:chests/illager_mansion/ancient_city_raid_chest}.functions[0]: Unknown function table called nova_structures:loot_modifier
[22:11:16] [Worker-ResourceReload-7/WARN]: Found loot table element validation problem in {minecraft:loot_table/minecraft:chests/illager_mansion/pillager_chest}.functions[0]: Unknown function table called nova_structures:loot_modifier
[22:11:16] [Worker-ResourceReload-7/WARN]: Found loot table element validation problem in {minecraft:loot_table/nova_structures:chests/jungle_ruins/jungle_ruins_house}.pools[2].entries[0]->{nova_structures:chests/ruin_loot_master}.pools[0].entries[4]->{nova_structures:chests/dungeon_5}.functions[0]: Unknown function table called nova_structures:loot_modifier
[22:11:16] [Worker-ResourceReload-7/WARN]: Found loot table element validation problem in {minecraft:loot_table/nova_structures:chests/ruin_loot_master}.functions[0]: Unknown function table called nova_structures:loot_modifier
[22:11:16] [Worker-ResourceReload-7/WARN]: Found loot table element validation problem in {minecraft:loot_table/nova_structures:chests/ruin_loot_master}.pools[0].entries[6]->{nova_structures:chests/dungeon_7}.pools[1].entries[1]->{minecraft:chests/simple_dungeon}.pools[4].entries[0]: Unknown loot table called academy:vanity/designs
[22:11:16] [Worker-ResourceReload-7/WARN]: Found loot table element validation problem in {minecraft:loot_table/nova_structures:chests/dungeon_2}.pools[1].entries[1]->{minecraft:chests/simple_dungeon}.pools[4].entries[0]: Unknown loot table called academy:vanity/designs
[22:11:16] [Worker-ResourceReload-7/WARN]: Found loot table element validation problem in {minecraft:loot_table/nova_structures:chests/dungeon_5}.functions[0]: Unknown function table called nova_structures:loot_modifier
[22:11:16] [Worker-ResourceReload-7/WARN]: Found loot table element validation problem in {minecraft:loot_table/nova_structures:chests/ruin_loot_master}.pools[0].entries[1]->{nova_structures:chests/dungeon_2}.pools[1].entries[1]->{minecraft:chests/simple_dungeon}.pools[4].entries[0]: Unknown loot table called academy:vanity/designs
[22:11:16] [Worker-ResourceReload-7/WARN]: Found loot table element validation problem in {minecraft:loot_table/nova_structures:chests/mining_supply}.functions[0]: Unknown function table called nova_structures:loot_modifier
[22:11:16] [Worker-ResourceReload-7/WARN]: Found loot table element validation problem in {minecraft:loot_table/nova_structures:chests/dungeon_5}.pools[1].entries[1]->{minecraft:chests/simple_dungeon}.pools[4].entries[0]: Unknown loot table called academy:vanity/designs
[22:11:16] [Worker-ResourceReload-7/WARN]: Found loot table element validation problem in {minecraft:loot_table/nova_structures:chests/desert_ruins/desert_ruin_lesser_treasure}.functions[0]: Unknown function table called nova_structures:loot_modifier
[22:11:16] [Worker-ResourceReload-7/WARN]: Found loot table element validation problem in {minecraft:loot_table/totw_modded:ocean_tower_chest}.pools[3].entries[0]: Unknown loot table called academy:mermod/accessories
[22:11:16] [Worker-ResourceReload-7/WARN]: Found loot table element validation problem in {minecraft:loot_table/nova_structures:chests/jungle_ruins/jungle_ruins_house}.pools[2].entries[0]->{nova_structures:chests/ruin_loot_master}.pools[0].entries[5]->{nova_structures:chests/dungeon_6}.functions[0]: Unknown function table called nova_structures:loot_modifier
[22:11:16] [Worker-ResourceReload-7/WARN]: Found loot table element validation problem in {minecraft:loot_table/minecraft:chests/illager_mansion/wool}.functions[0]: Unknown function table called nova_structures:loot_modifier
[22:11:16] [Worker-ResourceReload-7/WARN]: Found loot table element validation problem in {minecraft:loot_table/minecraft:chests/illager_mansion/vindicator_chest}.functions[0]: Unknown function table called nova_structures:loot_modifier
[22:11:16] [Worker-ResourceReload-7/WARN]: Found loot table element validation problem in {minecraft:loot_table/nova_structures:chests/ruin_loot_master}.pools[0].entries[1]->{nova_structures:chests/dungeon_2}.functions[0]: Unknown function table called nova_structures:loot_modifier
[22:11:16] [Worker-ResourceReload-7/WARN]: Found loot table element validation problem in {minecraft:loot_table/nova_structures:chests/dungeon_4}.pools[1].entries[1]->{minecraft:chests/simple_dungeon}.pools[4].entries[0]: Unknown loot table called academy:vanity/designs
[22:11:16] [Worker-ResourceReload-7/WARN]: Found loot table element validation problem in {minecraft:loot_table/nova_structures:chests/jungle_ruins/jungle_ruins_house}.pools[2].entries[0]->{nova_structures:chests/ruin_loot_master}.pools[0].entries[0]->{nova_structures:chests/dungeon_1}.functions[0]: Unknown function table called nova_structures:loot_modifier
[22:11:16] [Worker-ResourceReload-7/WARN]: Found loot table element validation problem in {minecraft:loot_table/nova_structures:chests/ruin_loot_master}.pools[0].entries[6]->{nova_structures:chests/dungeon_7}.functions[0]: Unknown function table called nova_structures:loot_modifier
[22:11:16] [Worker-ResourceReload-7/WARN]: Found loot table element validation problem in {minecraft:loot_table/minecraft:chests/illager_mansion/ravager_chest}.functions[0]: Unknown function table called nova_structures:loot_modifier
[22:11:16] [Worker-ResourceReload-7/WARN]: Found loot table element validation problem in {minecraft:loot_table/nova_structures:chests/dungeon_2}.functions[0]: Unknown function table called nova_structures:loot_modifier
[22:11:16] [Worker-ResourceReload-7/WARN]: Found loot table element validation problem in {minecraft:loot_table/nova_structures:chests/food_supply}.functions[0]: Unknown function table called nova_structures:loot_modifier
[22:11:16] [Worker-ResourceReload-7/WARN]: Found loot table element validation problem in {minecraft:loot_table/nova_structures:chests/jungle_ruins/jungle_ruins_house}.pools[2].entries[0]->{nova_structures:chests/ruin_loot_master}.pools[0].entries[6]->{nova_structures:chests/dungeon_7}.pools[1].entries[1]->{minecraft:chests/simple_dungeon}.pools[4].entries[0]: Unknown loot table called academy:vanity/designs
[22:11:16] [Worker-ResourceReload-7/WARN]: Found loot table element validation problem in {minecraft:loot_table/nova_structures:chests/ruin_loot_master}.pools[0].entries[5]->{nova_structures:chests/dungeon_6}.pools[1].entries[1]->{minecraft:chests/simple_dungeon}.pools[4].entries[0]: Unknown loot table called academy:vanity/designs
[22:11:16] [Worker-ResourceReload-7/WARN]: Found loot table element validation problem in {minecraft:loot_table/nova_structures:chests/jungle_ruins/jungle_ruins_house}.pools[2].entries[0]->{nova_structures:chests/ruin_loot_master}.pools[0].entries[0]->{nova_structures:chests/dungeon_1}.pools[1].entries[1]->{minecraft:chests/simple_dungeon}.pools[4].entries[0]: Unknown loot table called academy:vanity/designs
[22:11:16] [Worker-ResourceReload-7/WARN]: Found loot table element validation problem in {minecraft:loot_table/nova_structures:chests/ruin_loot_master}.pools[0].entries[4]->{nova_structures:chests/dungeon_5}.pools[1].entries[1]->{minecraft:chests/simple_dungeon}.pools[4].entries[0]: Unknown loot table called academy:vanity/designs
[22:11:16] [Worker-ResourceReload-7/WARN]: Found loot table element validation problem in {minecraft:loot_table/nova_structures:chests/jungle_ruins/jungle_ruins_main_temple}.functions[0]: Unknown function table called nova_structures:loot_modifier
[22:11:16] [Worker-ResourceReload-7/WARN]: Found loot table element validation problem in {minecraft:loot_table/nova_structures:chests/dungeon_3}.functions[0]: Unknown function table called nova_structures:loot_modifier
[22:11:16] [Worker-ResourceReload-7/WARN]: Found loot table element validation problem in {minecraft:loot_table/nova_structures:chests/badland_miner_outpost_towers}.functions[0]: Unknown function table called nova_structures:loot_modifier
[22:11:16] [Worker-ResourceReload-7/WARN]: Found loot table element validation problem in {minecraft:loot_table/nova_structures:chests/mangrove_witchhud}.functions[0]: Unknown function table called nova_structures:loot_modifier
[22:11:16] [Worker-ResourceReload-7/WARN]: Found loot table element validation problem in {minecraft:loot_table/nova_structures:chests/illager_hideout_tresure}.functions[0]: Unknown function table called nova_structures:loot_modifier
[22:11:16] [Worker-ResourceReload-7/WARN]: Found loot table element validation problem in {minecraft:loot_table/nova_structures:chests/dungeon_1}.pools[1].entries[1]->{minecraft:chests/simple_dungeon}.pools[4].entries[0]: Unknown loot table called academy:vanity/designs
[22:11:16] [Worker-ResourceReload-7/WARN]: Found loot table element validation problem in {minecraft:loot_table/nova_structures:chests/water_supply}.functions[0]: Unknown function table called nova_structures:loot_modifier
[22:11:16] [Worker-ResourceReload-7/WARN]: Found loot table element validation problem in {minecraft:loot_table/nova_structures:chests/illager_camp}.functions[0]: Unknown function table called nova_structures:loot_modifier
[22:11:16] [Worker-ResourceReload-7/WARN]: Found loot table element validation problem in {minecraft:loot_table/nova_structures:chests/ruin_loot_master}.pools[0].entries[0]->{nova_structures:chests/dungeon_1}.pools[1].entries[1]->{minecraft:chests/simple_dungeon}.pools[4].entries[0]: Unknown loot table called academy:vanity/designs
[22:11:16] [Worker-ResourceReload-7/WARN]: Found loot table element validation problem in {minecraft:loot_table/minecraft:chests/illager_mansion/evoker_chest}.functions[0]: Unknown function table called nova_structures:loot_modifier
[22:11:16] [Worker-ResourceReload-7/WARN]: Found loot table element validation problem in {minecraft:loot_table/nova_structures:chests/desert_ruins/desert_ruin_grave}.functions[0]: Unknown function table called nova_structures:loot_modifier
[22:11:16] [Worker-ResourceReload-7/WARN]: Found loot table element validation problem in {minecraft:loot_table/nova_structures:chests/pillager_outpost_kitchen}.functions[0]: Unknown function table called nova_structures:loot_modifier
[22:11:16] [Worker-ResourceReload-7/WARN]: Found loot table element validation problem in {minecraft:loot_table/minecraft:chests/illager_mansion/smithing_room}.functions[0]: Unknown function table called nova_structures:loot_modifier
[22:11:16] [Worker-ResourceReload-7/WARN]: Found loot table element validation problem in {minecraft:loot_table/nova_structures:chests/badland_miner_outpost_forge}.functions[0]: Unknown function table called nova_structures:loot_modifier
[22:11:16] [Worker-ResourceReload-7/WARN]: Found loot table element validation problem in {minecraft:loot_table/nova_structures:chests/ruin_loot_master}.pools[0].entries[4]->{nova_structures:chests/dungeon_5}.functions[0]: Unknown function table called nova_structures:loot_modifier
[22:11:16] [Worker-ResourceReload-7/WARN]: Found loot table element validation problem in {minecraft:loot_table/nova_structures:chests/illager_hideout_random}.pools[0].entries[9]->{nova_structures:chests/illager_hideout_vegitarian}.functions[0]: Unknown function table called nova_structures:loot_modifier
[22:11:16] [Worker-ResourceReload-7/WARN]: Found loot table element validation problem in {minecraft:loot_table/nova_structures:chests/illager_hideout_utility}.functions[0]: Unknown function table called nova_structures:loot_modifier
[22:11:16] [Worker-ResourceReload-7/WARN]: Found loot table element validation problem in {minecraft:loot_table/nova_structures:chests/illager_hideout_random}.functions[0]: Unknown function table called nova_structures:loot_modifier
[22:11:16] [Worker-ResourceReload-7/WARN]: Found loot table element validation problem in {minecraft:loot_table/nova_structures:chests/jungle_ruins/jungle_ruins_house}.pools[2].entries[0]->{nova_structures:chests/ruin_loot_master}.pools[0].entries[3]->{nova_structures:chests/dungeon_4}.functions[0]: Unknown function table called nova_structures:loot_modifier
[22:11:16] [Worker-ResourceReload-7/WARN]: Found loot table element validation problem in {minecraft:loot_table/nova_structures:chests/illager_hideout_fishing}.functions[0]: Unknown function table called nova_structures:loot_modifier
[22:11:16] [Worker-ResourceReload-7/WARN]: Found loot table element validation problem in {minecraft:loot_table/nova_structures:chests/dungeon_4}.functions[0]: Unknown function table called nova_structures:loot_modifier
[22:11:16] [Worker-ResourceReload-7/WARN]: Found loot table element validation problem in {minecraft:loot_table/nova_structures:chests/illager_hideout_meat}.functions[0]: Unknown function table called nova_structures:loot_modifier
[22:11:16] [Worker-ResourceReload-7/WARN]: Found loot table element validation problem in {minecraft:loot_table/minecraft:chests/illager_mansion/kitchen}.functions[0]: Unknown function table called nova_structures:loot_modifier
[22:11:16] [Worker-ResourceReload-7/WARN]: Found loot table element validation problem in {minecraft:loot_table/nova_structures:chests/undead_crypts_grave}.pools[1].entries[1]->{minecraft:chests/simple_dungeon}.pools[4].entries[0]: Unknown loot table called academy:vanity/designs
[22:11:16] [Worker-ResourceReload-7/WARN]: Found loot table element validation problem in {minecraft:loot_table/nova_structures:chests/illager_hideout_random}.pools[0].entries[2]->{nova_structures:chests/illager_hideout_lesser_tresure}.functions[0]: Unknown function table called nova_structures:loot_modifier
[22:11:16] [Worker-ResourceReload-7/WARN]: Found loot table element validation problem in {minecraft:loot_table/nova_structures:chests/pillager_outpost_treasure}.functions[0]: Unknown function table called nova_structures:loot_modifier
[22:11:16] [Worker-ResourceReload-7/WARN]: Found loot table element validation problem in {minecraft:loot_table/minecraft:chests/illager_mansion/library_chest}.functions[0]: Unknown function table called nova_structures:loot_modifier
[22:11:16] [Worker-ResourceReload-7/WARN]: Found loot table element validation problem in {minecraft:loot_table/nova_structures:chests/desert_ruins/desert_ruin_house}.functions[0]: Unknown function table called nova_structures:loot_modifier
[22:11:16] [Worker-ResourceReload-7/WARN]: Found loot table element validation problem in {minecraft:loot_table/nova_structures:chests/illager_hideout_random}.pools[0].entries[3]->{nova_structures:chests/illager_hideout_library}.functions[0]: Unknown function table called nova_structures:loot_modifier
[22:11:16] [Worker-ResourceReload-7/WARN]: Found loot table element validation problem in {minecraft:loot_table/nova_structures:chests/illager_hideout_random}.pools[0].entries[5]->{nova_structures:chests/illager_hideout_raw_ores}.functions[0]: Unknown function table called nova_structures:loot_modifier
[22:11:16] [Worker-ResourceReload-7/WARN]: Found loot table element validation problem in {minecraft:loot_table/nova_structures:chests/dungeon_3}.pools[1].entries[1]->{minecraft:chests/simple_dungeon}.pools[4].entries[0]: Unknown loot table called academy:vanity/designs
[22:11:16] [Worker-ResourceReload-7/WARN]: Found loot table element validation problem in {minecraft:loot_table/nova_structures:chests/illager_hideout_library}.functions[0]: Unknown function table called nova_structures:loot_modifier
[22:11:16] [Worker-ResourceReload-7/WARN]: Found loot table element validation problem in {minecraft:loot_table/nova_structures:chests/illager_hideout_raw_ores}.functions[0]: Unknown function table called nova_structures:loot_modifier
[22:11:16] [Worker-ResourceReload-7/WARN]: Found loot table element validation problem in {minecraft:loot_table/nova_structures:chests/dungeon_7}.pools[1].entries[1]->{minecraft:chests/simple_dungeon}.pools[4].entries[0]: Unknown loot table called academy:vanity/designs
[22:11:16] [Worker-ResourceReload-7/WARN]: Found loot table element validation problem in {minecraft:loot_table/nova_structures:chests/badland_miner_outpost}.functions[0]: Unknown function table called nova_structures:loot_modifier
[22:11:16] [Worker-ResourceReload-7/WARN]: Found loot table element validation problem in {minecraft:loot_table/nova_structures:chests/jungle_ruins/jungle_ruins_house}.pools[2].entries[0]->{nova_structures:chests/ruin_loot_master}.functions[0]: Unknown function table called nova_structures:loot_modifier
[22:11:16] [Worker-ResourceReload-7/WARN]: Found loot table element validation problem in {minecraft:loot_table/nova_structures:chests/ruin_loot_master}.pools[0].entries[3]->{nova_structures:chests/dungeon_4}.pools[1].entries[1]->{minecraft:chests/simple_dungeon}.pools[4].entries[0]: Unknown loot table called academy:vanity/designs
[22:11:16] [Worker-ResourceReload-7/WARN]: Found loot table element validation problem in {minecraft:loot_table/nova_structures:chests/ruin_loot_master}.pools[0].entries[2]->{nova_structures:chests/dungeon_3}.functions[0]: Unknown function table called nova_structures:loot_modifier
[22:11:16] [Worker-ResourceReload-7/WARN]: Found loot table element validation problem in {minecraft:loot_table/nova_structures:chests/undead_crypts_grave}.functions[0]: Unknown function table called nova_structures:loot_modifier
[22:11:16] [Worker-ResourceReload-7/WARN]: Found loot table element validation problem in {minecraft:loot_table/nova_structures:chests/illager_hideout_trash}.functions[0]: Unknown function table called nova_structures:loot_modifier
[22:11:16] [Worker-ResourceReload-7/WARN]: Found loot table element validation problem in {minecraft:loot_table/nova_structures:chests/illager_hideout_random}.pools[0].entries[10]->{nova_structures:chests/illager_hideout_weaponry}.functions[0]: Unknown function table called nova_structures:loot_modifier
[22:11:16] [Worker-ResourceReload-7/WARN]: Found loot table element validation problem in {minecraft:loot_table/nova_structures:pots/pot_jungle_ruin}.functions[0]: Unknown function table called nova_structures:loot_modifier
[22:11:16] [Worker-ResourceReload-7/WARN]: Found loot table element validation problem in {minecraft:loot_table/minecraft:chests/illager_mansion/secret_room}.functions[0]: Unknown function table called nova_structures:loot_modifier
[22:11:16] [Worker-ResourceReload-7/WARN]: Found loot table element validation problem in {minecraft:loot_table/nova_structures:chests/jungle_ruins/jungle_ruins_house}.pools[2].entries[0]->{nova_structures:chests/ruin_loot_master}.pools[0].entries[4]->{nova_structures:chests/dungeon_5}.pools[1].entries[1]->{minecraft:chests/simple_dungeon}.pools[4].entries[0]: Unknown loot table called academy:vanity/designs
[22:11:16] [Worker-ResourceReload-7/WARN]: Found loot table element validation problem in {minecraft:loot_table/nova_structures:chests/jungle_ruins/jungle_ruins_main_temple_wild}.functions[0]: Unknown function table called nova_structures:loot_modifier
[22:11:16] [Worker-ResourceReload-7/WARN]: Found loot table element validation problem in {minecraft:loot_table/nova_structures:chests/illager_hideout_weaponry}.functions[0]: Unknown function table called nova_structures:loot_modifier
[22:11:16] [Worker-ResourceReload-7/WARN]: Found loot table element validation problem in {minecraft:loot_table/nova_structures:chests/dungeon_1}.functions[0]: Unknown function table called nova_structures:loot_modifier
[22:11:16] [Worker-ResourceReload-7/WARN]: Found loot table element validation problem in {minecraft:loot_table/nova_structures:chests/jungle_ruins/jungle_ruins_house}.pools[2].entries[0]->{nova_structures:chests/ruin_loot_master}.pools[0].entries[2]->{nova_structures:chests/dungeon_3}.pools[1].entries[1]->{minecraft:chests/simple_dungeon}.pools[4].entries[0]: Unknown loot table called academy:vanity/designs
[22:11:16] [Worker-ResourceReload-7/WARN]: Found loot table element validation problem in {minecraft:loot_table/minecraft:chests/illager_mansion/map_chest}.functions[0]: Unknown function table called nova_structures:loot_modifier
[22:11:16] [Worker-ResourceReload-7/WARN]: Found loot table element validation problem in {minecraft:loot_table/nova_structures:chests/illager_hideout_random}.pools[0].entries[8]->{nova_structures:chests/illager_hideout_utility}.functions[0]: Unknown function table called nova_structures:loot_modifier
[22:11:16] [Worker-ResourceReload-7/WARN]: Found loot table element validation problem in {minecraft:loot_table/minecraft:chests/illager_mansion/witch_chest}.functions[0]: Unknown function table called nova_structures:loot_modifier
[22:11:16] [Worker-ResourceReload-7/WARN]: Found loot table element validation problem in {minecraft:loot_table/nova_structures:chests/jungle_ruins/jungle_ruins_house}.functions[0]: Unknown function table called nova_structures:loot_modifier
[22:11:16] [Worker-ResourceReload-7/WARN]: Found loot table element validation problem in {minecraft:loot_table/nova_structures:chests/dungeon_6}.functions[0]: Unknown function table called nova_structures:loot_modifier
[22:11:16] [Worker-ResourceReload-7/WARN]: Found loot table element validation problem in {minecraft:loot_table/nova_structures:chests/illager_hideout_random}.pools[0].entries[0]->{nova_structures:chests/illager_hideout_brewing}.functions[0]: Unknown function table called nova_structures:loot_modifier
[22:11:16] [Worker-ResourceReload-7/WARN]: Found loot table element validation problem in {minecraft:loot_table/nova_structures:chests/ruin_loot_master}.pools[0].entries[5]->{nova_structures:chests/dungeon_6}.functions[0]: Unknown function table called nova_structures:loot_modifier
[22:11:16] [Worker-ResourceReload-7/WARN]: Found loot table element validation problem in {minecraft:loot_table/nova_structures:chests/dungeon_7}.functions[0]: Unknown function table called nova_structures:loot_modifier
[22:11:16] [Worker-ResourceReload-7/WARN]: Found loot table element validation problem in {minecraft:loot_table/nova_structures:chests/desert_ruins/desert_ruin_main_temple}.functions[0]: Unknown function table called nova_structures:loot_modifier
[22:11:16] [Worker-ResourceReload-7/WARN]: Found loot table element validation problem in {minecraft:loot_table/nova_structures:chests/ruin_loot_master}.pools[0].entries[0]->{nova_structures:chests/dungeon_1}.functions[0]: Unknown function table called nova_structures:loot_modifier
[22:11:16] [Worker-ResourceReload-7/WARN]: Found loot table element validation problem in {minecraft:loot_table/minecraft:chests/illager_mansion/generic}.functions[0]: Unknown function table called nova_structures:loot_modifier
[22:11:16] [Worker-ResourceReload-7/WARN]: Found loot table element validation problem in {minecraft:loot_table/nova_structures:chests/illager_hideout_random}.pools[0].entries[4]->{nova_structures:chests/illager_hideout_meat}.functions[0]: Unknown function table called nova_structures:loot_modifier
[22:11:16] [Worker-ResourceReload-7/WARN]: Found loot table element validation problem in {minecraft:loot_table/nova_structures:chests/jungle_ruins/jungle_ruins_house}.pools[2].entries[0]->{nova_structures:chests/ruin_loot_master}.pools[0].entries[6]->{nova_structures:chests/dungeon_7}.functions[0]: Unknown function table called nova_structures:loot_modifier
[22:11:16] [Worker-ResourceReload-7/WARN]: Found loot table element validation problem in {minecraft:loot_table/nova_structures:chests/illager_hideout_brewing}.functions[0]: Unknown function table called nova_structures:loot_modifier
[22:11:16] [Worker-ResourceReload-7/WARN]: Found loot table element validation problem in {minecraft:loot_table/nova_structures:chests/illager_hideout_random}.pools[0].entries[7]->{nova_structures:chests/illager_hideout_tresure}.functions[0]: Unknown function table called nova_structures:loot_modifier
[22:11:16] [Worker-ResourceReload-7/WARN]: Found loot table element validation problem in {minecraft:loot_table/nova_structures:chests/jungle_ruins/jungle_ruins_house}.pools[2].entries[0]->{nova_structures:chests/ruin_loot_master}.pools[0].entries[1]->{nova_structures:chests/dungeon_2}.functions[0]: Unknown function table called nova_structures:loot_modifier
[22:11:16] [Worker-ResourceReload-7/WARN]: Found loot table element validation problem in {minecraft:loot_table/nova_structures:chests/dungeon_6}.pools[1].entries[1]->{minecraft:chests/simple_dungeon}.pools[4].entries[0]: Unknown loot table called academy:vanity/designs
[22:11:16] [Worker-ResourceReload-7/WARN]: Found loot table element validation problem in {minecraft:loot_table/nova_structures:chests/ruin_loot_master}.pools[0].entries[2]->{nova_structures:chests/dungeon_3}.pools[1].entries[1]->{minecraft:chests/simple_dungeon}.pools[4].entries[0]: Unknown loot table called academy:vanity/designs
[22:11:16] [Worker-ResourceReload-7/WARN]: Found loot table element validation problem in {minecraft:loot_table/nova_structures:chests/jungle_ruins/jungle_ruins_house}.pools[2].entries[0]->{nova_structures:chests/ruin_loot_master}.pools[0].entries[3]->{nova_structures:chests/dungeon_4}.pools[1].entries[1]->{minecraft:chests/simple_dungeon}.pools[4].entries[0]: Unknown loot table called academy:vanity/designs
[22:11:16] [Worker-ResourceReload-7/WARN]: Found loot table element validation problem in {minecraft:loot_table/nova_structures:chests/illager_hideout_vegitarian}.functions[0]: Unknown function table called nova_structures:loot_modifier
[22:11:18] [Worker-ResourceReload-7/INFO]: Registering commands with com.sk89q.worldedit.fabric.FabricPlatform
[22:11:18] [Worker-ResourceReload-4/ERROR]: Invalid path in mod resource-pack legendarymonuments: legendarymonuments:tags/worldgen/structure/traditional_village⁄ecruteak.json, ignoring
[22:11:19] [Worker-ResourceReload-11/INFO]: All Tags to be dealt with: [accessories:belt, accessories:trinket_group_legs-card_album, accessories:trinket_group_hand-mega_bracelet, accessories:trinket_group_chest-pauldron, accessories:trinket_group_hand-tera_orb, accessories:trinket_group_chest-pokebag]
[22:11:19] [Worker-ResourceReload-11/WARN]: [RuntimeTagModification] Adding Entries from [trinkets:legs/belt] to [accessories:belt]: 
     [toms_storage:adv_wireless_terminal (from toms_storage)]
[22:11:19] [Worker-ResourceReload-11/WARN]: [RuntimeTagModification] Adding Entries from [trinkets:legs/card_album] to [accessories:trinket_group_legs-card_album]: 
     [academy:card_album (from academy)]
[22:11:19] [Worker-ResourceReload-11/WARN]: [RuntimeTagModification] Adding Entries from [trinkets:hand/mega_bracelet] to [accessories:trinket_group_hand-mega_bracelet]: 
     [cobblemon:mega_bracelet (from cobblemon)]
[22:11:19] [Worker-ResourceReload-11/WARN]: [RuntimeTagModification] Adding Entries from [trinkets:chest/pauldron] to [accessories:trinket_group_chest-pauldron]: 
     [legendarymonuments:steel_pauldron (from legendarymonuments), legendarymonuments:electric_pauldron (from legendarymonuments), legendarymonuments:rock_pauldron (from legendarymonuments), legendarymonuments:ice_pauldron (from legendarymonuments), legendarymonuments:dragon_pauldron (from legendarymonuments), legendarymonuments:titan_pauldron (from legendarymonuments)]
[22:11:19] [Worker-ResourceReload-11/WARN]: [RuntimeTagModification] Adding Entries from [trinkets:hand/tera_orb] to [accessories:trinket_group_hand-tera_orb]: 
     [cobblemon:tera_orb (from cobblemon)]
[22:11:19] [Worker-ResourceReload-11/WARN]: [RuntimeTagModification] Adding Entries from [trinkets:chest/pokebag] to [accessories:trinket_group_chest-pokebag]: 
     [cobblemon:small_poke_bag (from cobblemon), cobblemon:medium_poke_bag (from cobblemon), cobblemon:large_poke_bag (from cobblemon), cobblemon:huge_poke_bag (from cobblemon)]
[22:11:21] [Worker-ResourceReload-1/ERROR]: Couldn't load tag cobblemon:hearty_grains_water_plantable as it is missing following references: #minecraft:gravel (from Academy)
[22:11:28] [Worker-ResourceReload-2/ERROR]: Couldn't load tag totw_modded:has_structure/aether_tower as it is missing following references: #aether:is_aether (from Academy)
[22:11:28] [Worker-ResourceReload-2/ERROR]: Couldn't load tag totw_modded:has_structure/tw_mangrove_tower as it is missing following references: twilightforest:swamp (from Academy), twilightforest:fire_swamp (from Academy)
[22:11:28] [Worker-ResourceReload-2/ERROR]: Couldn't load tag mss:has_structure/cherry_biomes as it is missing following references: regions_unexplored:cherry_hills (from Academy), regions_unexplored:poppy_field (from Academy)
[22:11:28] [Worker-ResourceReload-2/ERROR]: Couldn't load tag totw_modded:has_structure/venus_tower as it is missing following references: ad_astra:infernal_venus_barrens (from Academy)
[22:11:28] [Worker-ResourceReload-2/ERROR]: Couldn't load tag totw_modded:has_structure/moon_tower as it is missing following references: ad_astra:lunar_wastelands (from Academy)
[22:11:28] [Worker-ResourceReload-2/ERROR]: Couldn't load tag totw_modded:has_structure/desert_tower as it is missing following references: #minecraft:is_desert (from Academy)
[22:11:28] [Worker-ResourceReload-2/ERROR]: Couldn't load tag mvs:has_structure/flower_biomes as it is missing following references: regions_unexplored:clover_fields (from Academy), regions_unexplored:ecalyptus_forest (from Academy)
[22:11:28] [Worker-ResourceReload-2/ERROR]: Couldn't load tag totw_modded:has_structure/everbright_tower as it is missing following references: blue_skies:calming_skies (from Academy), blue_skies:brightlands (from Academy), blue_skies:slushlands (from Academy), blue_skies:frostbitten_forest (from Academy), blue_skies:frostbitten_forest_clearing (from Academy), blue_skies:snow_covered_pines (from Academy), blue_skies:brisk_meadow (from Academy), blue_skies:polar_highland (from Academy)
[22:11:28] [Worker-ResourceReload-2/ERROR]: Couldn't load tag totw_modded:has_structure/mars_tower as it is missing following references: ad_astra:martian_canyon_creek (from Academy), ad_astra:martian_wastelands (from Academy)
[22:11:28] [Worker-ResourceReload-2/ERROR]: Couldn't load tag totw_modded:has_structure/glacio_tower as it is missing following references: ad_astra:glacio_snowy_barrens (from Academy), ad_astra:glacio_ice_peaks (from Academy)
[22:11:28] [Worker-ResourceReload-2/ERROR]: Couldn't load tag totw_modded:has_structure/everdawn_tower as it is missing following references: blue_skies:unorthodox_valley (from Academy), blue_skies:shaded_woodlands (from Academy), blue_skies:crystal_dunes (from Academy), blue_skies:crystal_dunes_spikes (from Academy), blue_skies:sunset_maple_forest (from Academy), blue_skies:rising_creek (from Academy), blue_skies:crystal_roughs (from Academy), blue_skies:searing_grassland (from Academy), blue_skies:crescent_orchard (from Academy)
[22:11:28] [Worker-ResourceReload-2/ERROR]: Couldn't load tag mvs:has_structure/cherry_biomes as it is missing following references: regions_unexplored:cherry_hills (from Academy), regions_unexplored:poppy_field (from Academy)
[22:11:28] [Worker-ResourceReload-2/ERROR]: Couldn't load tag mss:has_structure/flower_biomes as it is missing following references: regions_unexplored:clover_fields (from Academy), regions_unexplored:ecalyptus_forest (from Academy)
[22:11:28] [Worker-ResourceReload-2/ERROR]: Couldn't load tag totw_modded:has_structure/ratlantis_tower as it is missing following references: rats:ratlantis (from Academy)
[22:11:28] [Worker-ResourceReload-2/ERROR]: Couldn't load tag totw_modded:has_structure/tw_canopy_tower as it is missing following references: twilightforest:forest (from Academy), twilightforest:spooky_forest (from Academy), twilightforest:mushroom_forest (from Academy)
[22:11:28] [Worker-ResourceReload-2/ERROR]: Couldn't load tag totw_modded:has_structure/mercury_tower as it is missing following references: ad_astra:mercury_deltas (from Academy)
[22:11:28] [Render thread/ERROR]: Failed to parse resource conditions for file of type recipe with id suppsquared:gold_candle_holder_mint, skipping: Unknown resource condition key: supplementaries:flag
[22:11:28] [Render thread/ERROR]: Failed to parse resource conditions for file of type recipe with id suppsquared:gold_candle_holder_slate, skipping: Unknown resource condition key: supplementaries:flag
[22:11:28] [Render thread/ERROR]: Failed to parse resource conditions for file of type recipe with id suppsquared:gold_candle_holder_olive, skipping: Unknown resource condition key: supplementaries:flag
[22:11:28] [Render thread/ERROR]: Failed to parse resource conditions for file of type recipe with id supplementaries:flag_teal, skipping: Unknown resource condition key: supplementaries:flag
[22:11:28] [Render thread/ERROR]: Failed to parse resource conditions for file of type recipe with id supplementaries:flag_amber, skipping: Unknown resource condition key: supplementaries:flag
[22:11:28] [Render thread/ERROR]: Failed to parse resource conditions for file of type recipe with id supplementaries:flag_indigo, skipping: Unknown resource condition key: supplementaries:flag
[22:11:28] [Render thread/ERROR]: Failed to parse resource conditions for file of type recipe with id supplementaries:flag_rose, skipping: Unknown resource condition key: supplementaries:flag
[22:11:28] [Render thread/ERROR]: Failed to parse resource conditions for file of type recipe with id supplementaries:candle_holder_indigo, skipping: Unknown resource condition key: supplementaries:flag
[22:11:28] [Render thread/ERROR]: Failed to parse resource conditions for file of type recipe with id supplementaries:candle_holder_beige, skipping: Unknown resource condition key: supplementaries:flag
[22:11:28] [Render thread/ERROR]: Failed to parse resource conditions for file of type recipe with id supplementaries:flag_navy, skipping: Unknown resource condition key: supplementaries:flag
[22:11:28] [Render thread/ERROR]: Failed to parse resource conditions for file of type recipe with id supplementaries:candle_holder_tan, skipping: Unknown resource condition key: supplementaries:flag
[22:11:28] [Render thread/ERROR]: Failed to parse resource conditions for file of type recipe with id supplementaries:candle_holder_navy, skipping: Unknown resource condition key: supplementaries:flag
[22:11:28] [Render thread/ERROR]: Failed to parse resource conditions for file of type recipe with id supplementaries:candle_holder_verdant, skipping: Unknown resource condition key: supplementaries:flag
[22:11:28] [Render thread/ERROR]: Failed to parse resource conditions for file of type recipe with id supplementaries:candle_holder_coral, skipping: Unknown resource condition key: supplementaries:flag
[22:11:28] [Render thread/ERROR]: Failed to parse resource conditions for file of type recipe with id suppsquared:gold_candle_holder_amber, skipping: Unknown resource condition key: supplementaries:flag
[22:11:28] [Render thread/ERROR]: Failed to parse resource conditions for file of type recipe with id suppsquared:gold_candle_holder_tan, skipping: Unknown resource condition key: supplementaries:flag
[22:11:28] [Render thread/ERROR]: Failed to parse resource conditions for file of type recipe with id suppsquared:gold_candle_holder_indigo, skipping: Unknown resource condition key: supplementaries:flag
[22:11:28] [Render thread/ERROR]: Failed to parse resource conditions for file of type recipe with id supplementaries:candle_holder_rose, skipping: Unknown resource condition key: supplementaries:flag
[22:11:28] [Render thread/ERROR]: Failed to parse resource conditions for file of type recipe with id suppsquared:gold_candle_holder_navy, skipping: Unknown resource condition key: supplementaries:flag
[22:11:28] [Render thread/ERROR]: Failed to parse resource conditions for file of type recipe with id supplementaries:candle_holder_teal, skipping: Unknown resource condition key: supplementaries:flag
[22:11:28] [Render thread/ERROR]: Failed to parse resource conditions for file of type recipe with id supplementaries:flag_coral, skipping: Unknown resource condition key: supplementaries:flag
[22:11:28] [Render thread/ERROR]: Failed to parse resource conditions for file of type recipe with id supplementaries:flag_beige, skipping: Unknown resource condition key: supplementaries:flag
[22:11:28] [Render thread/ERROR]: Failed to parse resource conditions for file of type recipe with id suppsquared:gold_candle_holder_beige, skipping: Unknown resource condition key: supplementaries:flag
[22:11:28] [Render thread/ERROR]: Failed to parse resource conditions for file of type recipe with id suppsquared:gold_candle_holder_teal, skipping: Unknown resource condition key: supplementaries:flag
[22:11:28] [Render thread/ERROR]: Failed to parse resource conditions for file of type recipe with id supplementaries:candle_holder_aqua, skipping: Unknown resource condition key: supplementaries:flag
[22:11:28] [Render thread/ERROR]: Failed to parse resource conditions for file of type recipe with id supplementaries:flag_tan, skipping: Unknown resource condition key: supplementaries:flag
[22:11:28] [Render thread/ERROR]: Failed to parse resource conditions for file of type recipe with id supplementaries:candle_holder_ginger, skipping: Unknown resource condition key: supplementaries:flag
[22:11:28] [Render thread/ERROR]: Failed to parse resource conditions for file of type recipe with id suppsquared:gold_candle_holder_rose, skipping: Unknown resource condition key: supplementaries:flag
[22:11:28] [Render thread/ERROR]: Failed to parse resource conditions for file of type recipe with id supplementaries:flag_mint, skipping: Unknown resource condition key: supplementaries:flag
[22:11:28] [Render thread/ERROR]: Failed to parse resource conditions for file of type recipe with id supplementaries:candle_holder_maroon, skipping: Unknown resource condition key: supplementaries:flag
[22:11:28] [Render thread/ERROR]: Failed to parse resource conditions for file of type recipe with id supplementaries:flag_ginger, skipping: Unknown resource condition key: supplementaries:flag
[22:11:28] [Render thread/ERROR]: Failed to parse resource conditions for file of type recipe with id supplementaries:flag_forest, skipping: Unknown resource condition key: supplementaries:flag
[22:11:28] [Render thread/ERROR]: Failed to parse resource conditions for file of type recipe with id supplementaries:candle_holder_slate, skipping: Unknown resource condition key: supplementaries:flag
[22:11:28] [Render thread/ERROR]: Failed to parse resource conditions for file of type recipe with id supplementaries:candle_holder_olive, skipping: Unknown resource condition key: supplementaries:flag
[22:11:28] [Render thread/ERROR]: Failed to parse resource conditions for file of type recipe with id suppsquared:gold_candle_holder_forest, skipping: Unknown resource condition key: supplementaries:flag
[22:11:28] [Render thread/ERROR]: Failed to parse resource conditions for file of type recipe with id suppsquared:gold_candle_holder_ginger, skipping: Unknown resource condition key: supplementaries:flag
[22:11:28] [Render thread/ERROR]: Failed to parse resource conditions for file of type recipe with id supplementaries:flag_verdant, skipping: Unknown resource condition key: supplementaries:flag
[22:11:28] [Render thread/ERROR]: Failed to parse resource conditions for file of type recipe with id suppsquared:gold_candle_holder_aqua, skipping: Unknown resource condition key: supplementaries:flag
[22:11:28] [Render thread/ERROR]: Failed to parse resource conditions for file of type recipe with id suppsquared:gold_candle_holder_verdant, skipping: Unknown resource condition key: supplementaries:flag
[22:11:28] [Render thread/ERROR]: Failed to parse resource conditions for file of type recipe with id supplementaries:flag_aqua, skipping: Unknown resource condition key: supplementaries:flag
[22:11:28] [Render thread/ERROR]: Failed to parse resource conditions for file of type recipe with id supplementaries:candle_holder_forest, skipping: Unknown resource condition key: supplementaries:flag
[22:11:28] [Render thread/ERROR]: Failed to parse resource conditions for file of type recipe with id supplementaries:flag_maroon, skipping: Unknown resource condition key: supplementaries:flag
[22:11:28] [Render thread/ERROR]: Failed to parse resource conditions for file of type recipe with id suppsquared:gold_candle_holder_maroon, skipping: Unknown resource condition key: supplementaries:flag
[22:11:28] [Render thread/ERROR]: Failed to parse resource conditions for file of type recipe with id supplementaries:flag_olive, skipping: Unknown resource condition key: supplementaries:flag
[22:11:28] [Render thread/ERROR]: Failed to parse resource conditions for file of type recipe with id supplementaries:flag_slate, skipping: Unknown resource condition key: supplementaries:flag
[22:11:28] [Render thread/ERROR]: Failed to parse resource conditions for file of type recipe with id supplementaries:candle_holder_mint, skipping: Unknown resource condition key: supplementaries:flag
[22:11:28] [Render thread/ERROR]: Failed to parse resource conditions for file of type recipe with id supplementaries:candle_holder_amber, skipping: Unknown resource condition key: supplementaries:flag
[22:11:28] [Render thread/ERROR]: Failed to parse resource conditions for file of type recipe with id suppsquared:gold_candle_holder_coral, skipping: Unknown resource condition key: supplementaries:flag
[22:11:29] [Render thread/ERROR]: Parsing error loading recipe suppsquared:gold_candle_holder_mint
com.google.gson.JsonParseException: Unknown registry key in ResourceKey[minecraft:root / minecraft:item]: suppsquared:gold_candle_holder_mint
	at knot/com.mojang.serialization.DataResult$Error.mde968eb$owo$lambda$addStackTraceToException$0$0(DataResult.java:565) ~[datafixerupper-8.0.16.jar:?]
	at knot/com.mojang.serialization.DataResult$Error.getOrThrow(DataResult.java:287) ~[datafixerupper-8.0.16.jar:?]
	at knot/net.minecraft.class_1863.method_20705(class_1863.java:62) ~[client-intermediary.jar:?]
	at knot/net.minecraft.class_1863.method_18788(class_1863.java:35) ~[client-intermediary.jar:?]
	at knot/net.minecraft.class_4080.method_18790(class_4080.java:13) ~[client-intermediary.jar:?]
	at java.base/java.util.concurrent.CompletableFuture$UniAccept.tryFire(Unknown Source) ~[?:?]
	at java.base/java.util.concurrent.CompletableFuture$Completion.run(Unknown Source) ~[?:?]
	at knot/net.minecraft.class_4014.method_18365(class_4014.java:69) ~[client-intermediary.jar:?]
	at knot/net.minecraft.class_1255.method_18859(class_1255.java:162) ~[client-intermediary.jar:?]
	at knot/net.minecraft.class_4093.method_18859(class_4093.java:23) ~[client-intermediary.jar:?]
	at knot/net.minecraft.class_1255.method_16075(class_1255.java:136) ~[client-intermediary.jar:?]
	at knot/net.minecraft.class_1255.method_18857(class_1255.java:145) ~[client-intermediary.jar:?]
	at knot/net.minecraft.class_310.method_18857(class_310.java:32678) ~[client-intermediary.jar:?]
	at knot/net.minecraft.class_525.method_31130(class_525.java:329) ~[client-intermediary.jar:?]
	at knot/net.minecraft.class_526.method_19944(class_526.java:54) ~[client-intermediary.jar:?]
	at knot/net.minecraft.class_4185.method_25306(class_4185.java:96) ~[client-intermediary.jar:?]
	at knot/net.minecraft.class_4264.method_25348(class_4264.java:48) ~[client-intermediary.jar:?]
	at knot/net.minecraft.class_339.method_25402(class_339.java:141) ~[client-intermediary.jar:?]
	at knot/net.minecraft.class_4069.method_25402(class_4069.java:38) ~[client-intermediary.jar:?]
	at knot/net.minecraft.class_312.method_1611(class_312.java:107) ~[client-intermediary.jar:?]
	at knot/net.minecraft.class_437.method_25412(class_437.java:431) ~[client-intermediary.jar:?]
	at knot/net.minecraft.class_312.method_1601(class_312.java:107) ~[client-intermediary.jar:?]
	at knot/net.minecraft.class_312.method_22686(class_312.java:196) ~[client-intermediary.jar:?]
	at knot/net.minecraft.class_1255.execute(class_1255.java:108) ~[client-intermediary.jar:?]
	at knot/net.minecraft.class_312.method_22684(class_312.java:196) ~[client-intermediary.jar:?]
	at knot/org.lwjgl.glfw.GLFWMouseButtonCallbackI.callback(GLFWMouseButtonCallbackI.java:43) [lwjgl-glfw-3.3.3.jar:?]
	at knot/org.lwjgl.system.JNI.invokeV(Native Method) ~[lwjgl-3.3.3.jar:?]
	at knot/org.lwjgl.glfw.GLFW.glfwWaitEventsTimeout(GLFW.java:3509) [lwjgl-glfw-3.3.3.jar:?]
	at knot/com.mojang.blaze3d.systems.RenderSystem.limitDisplayFPS(RenderSystem.java:184) [client-intermediary.jar:?]
	at knot/net.minecraft.class_310.method_1523(class_310.java:1310) [client-intermediary.jar:?]
	at knot/net.minecraft.class_310.method_1514(class_310.java:882) [client-intermediary.jar:?]
	at knot/net.minecraft.client.main.Main.main(Main.java:256) [client-intermediary.jar:?]
	at net.fabricmc.loader.impl.game.minecraft.MinecraftGameProvider.launch(MinecraftGameProvider.java:514) [fabric-loader-0.18.1.jar:?]
	at net.fabricmc.loader.impl.launch.knot.Knot.launch(Knot.java:72) [fabric-loader-0.18.1.jar:?]
	at net.fabricmc.loader.impl.launch.knot.KnotClient.main(KnotClient.java:23) [fabric-loader-0.18.1.jar:?]
[22:11:29] [Render thread/ERROR]: Parsing error loading recipe suppsquared:gold_candle_holder_slate
com.google.gson.JsonParseException: Unknown registry key in ResourceKey[minecraft:root / minecraft:item]: suppsquared:gold_candle_holder_slate
	at knot/com.mojang.serialization.DataResult$Error.mde968eb$owo$lambda$addStackTraceToException$0$0(DataResult.java:565) ~[datafixerupper-8.0.16.jar:?]
	at knot/com.mojang.serialization.DataResult$Error.getOrThrow(DataResult.java:287) ~[datafixerupper-8.0.16.jar:?]
	at knot/net.minecraft.class_1863.method_20705(class_1863.java:62) ~[client-intermediary.jar:?]
	at knot/net.minecraft.class_1863.method_18788(class_1863.java:35) ~[client-intermediary.jar:?]
	at knot/net.minecraft.class_4080.method_18790(class_4080.java:13) ~[client-intermediary.jar:?]
	at java.base/java.util.concurrent.CompletableFuture$UniAccept.tryFire(Unknown Source) ~[?:?]
	at java.base/java.util.concurrent.CompletableFuture$Completion.run(Unknown Source) ~[?:?]
	at knot/net.minecraft.class_4014.method_18365(class_4014.java:69) ~[client-intermediary.jar:?]
	at knot/net.minecraft.class_1255.method_18859(class_1255.java:162) ~[client-intermediary.jar:?]
	at knot/net.minecraft.class_4093.method_18859(class_4093.java:23) ~[client-intermediary.jar:?]
	at knot/net.minecraft.class_1255.method_16075(class_1255.java:136) ~[client-intermediary.jar:?]
	at knot/net.minecraft.class_1255.method_18857(class_1255.java:145) ~[client-intermediary.jar:?]
	at knot/net.minecraft.class_310.method_18857(class_310.java:32678) ~[client-intermediary.jar:?]
	at knot/net.minecraft.class_525.method_31130(class_525.java:329) ~[client-intermediary.jar:?]
	at knot/net.minecraft.class_526.method_19944(class_526.java:54) ~[client-intermediary.jar:?]
	at knot/net.minecraft.class_4185.method_25306(class_4185.java:96) ~[client-intermediary.jar:?]
	at knot/net.minecraft.class_4264.method_25348(class_4264.java:48) ~[client-intermediary.jar:?]
	at knot/net.minecraft.class_339.method_25402(class_339.java:141) ~[client-intermediary.jar:?]
	at knot/net.minecraft.class_4069.method_25402(class_4069.java:38) ~[client-intermediary.jar:?]
	at knot/net.minecraft.class_312.method_1611(class_312.java:107) ~[client-intermediary.jar:?]
	at knot/net.minecraft.class_437.method_25412(class_437.java:431) ~[client-intermediary.jar:?]
	at knot/net.minecraft.class_312.method_1601(class_312.java:107) ~[client-intermediary.jar:?]
	at knot/net.minecraft.class_312.method_22686(class_312.java:196) ~[client-intermediary.jar:?]
	at knot/net.minecraft.class_1255.execute(class_1255.java:108) ~[client-intermediary.jar:?]
	at knot/net.minecraft.class_312.method_22684(class_312.java:196) ~[client-intermediary.jar:?]
	at knot/org.lwjgl.glfw.GLFWMouseButtonCallbackI.callback(GLFWMouseButtonCallbackI.java:43) [lwjgl-glfw-3.3.3.jar:?]
	at knot/org.lwjgl.system.JNI.invokeV(Native Method) ~[lwjgl-3.3.3.jar:?]
	at knot/org.lwjgl.glfw.GLFW.glfwWaitEventsTimeout(GLFW.java:3509) [lwjgl-glfw-3.3.3.jar:?]
	at knot/com.mojang.blaze3d.systems.RenderSystem.limitDisplayFPS(RenderSystem.java:184) [client-intermediary.jar:?]
	at knot/net.minecraft.class_310.method_1523(class_310.java:1310) [client-intermediary.jar:?]
	at knot/net.minecraft.class_310.method_1514(class_310.java:882) [client-intermediary.jar:?]
	at knot/net.minecraft.client.main.Main.main(Main.java:256) [client-intermediary.jar:?]
	at net.fabricmc.loader.impl.game.minecraft.MinecraftGameProvider.launch(MinecraftGameProvider.java:514) [fabric-loader-0.18.1.jar:?]
	at net.fabricmc.loader.impl.launch.knot.Knot.launch(Knot.java:72) [fabric-loader-0.18.1.jar:?]
	at net.fabricmc.loader.impl.launch.knot.KnotClient.main(KnotClient.java:23) [fabric-loader-0.18.1.jar:?]
[22:11:29] [Render thread/ERROR]: Parsing error loading recipe suppsquared:gold_candle_holder_olive
com.google.gson.JsonParseException: Unknown registry key in ResourceKey[minecraft:root / minecraft:item]: suppsquared:gold_candle_holder_olive
	at knot/com.mojang.serialization.DataResult$Error.mde968eb$owo$lambda$addStackTraceToException$0$0(DataResult.java:565) ~[datafixerupper-8.0.16.jar:?]
	at knot/com.mojang.serialization.DataResult$Error.getOrThrow(DataResult.java:287) ~[datafixerupper-8.0.16.jar:?]
	at knot/net.minecraft.class_1863.method_20705(class_1863.java:62) ~[client-intermediary.jar:?]
	at knot/net.minecraft.class_1863.method_18788(class_1863.java:35) ~[client-intermediary.jar:?]
	at knot/net.minecraft.class_4080.method_18790(class_4080.java:13) ~[client-intermediary.jar:?]
	at java.base/java.util.concurrent.CompletableFuture$UniAccept.tryFire(Unknown Source) ~[?:?]
	at java.base/java.util.concurrent.CompletableFuture$Completion.run(Unknown Source) ~[?:?]
	at knot/net.minecraft.class_4014.method_18365(class_4014.java:69) ~[client-intermediary.jar:?]
	at knot/net.minecraft.class_1255.method_18859(class_1255.java:162) ~[client-intermediary.jar:?]
	at knot/net.minecraft.class_4093.method_18859(class_4093.java:23) ~[client-intermediary.jar:?]
	at knot/net.minecraft.class_1255.method_16075(class_1255.java:136) ~[client-intermediary.jar:?]
	at knot/net.minecraft.class_1255.method_18857(class_1255.java:145) ~[client-intermediary.jar:?]
	at knot/net.minecraft.class_310.method_18857(class_310.java:32678) ~[client-intermediary.jar:?]
	at knot/net.minecraft.class_525.method_31130(class_525.java:329) ~[client-intermediary.jar:?]
	at knot/net.minecraft.class_526.method_19944(class_526.java:54) ~[client-intermediary.jar:?]
	at knot/net.minecraft.class_4185.method_25306(class_4185.java:96) ~[client-intermediary.jar:?]
	at knot/net.minecraft.class_4264.method_25348(class_4264.java:48) ~[client-intermediary.jar:?]
	at knot/net.minecraft.class_339.method_25402(class_339.java:141) ~[client-intermediary.jar:?]
	at knot/net.minecraft.class_4069.method_25402(class_4069.java:38) ~[client-intermediary.jar:?]
	at knot/net.minecraft.class_312.method_1611(class_312.java:107) ~[client-intermediary.jar:?]
	at knot/net.minecraft.class_437.method_25412(class_437.java:431) ~[client-intermediary.jar:?]
	at knot/net.minecraft.class_312.method_1601(class_312.java:107) ~[client-intermediary.jar:?]
	at knot/net.minecraft.class_312.method_22686(class_312.java:196) ~[client-intermediary.jar:?]
	at knot/net.minecraft.class_1255.execute(class_1255.java:108) ~[client-intermediary.jar:?]
	at knot/net.minecraft.class_312.method_22684(class_312.java:196) ~[client-intermediary.jar:?]
	at knot/org.lwjgl.glfw.GLFWMouseButtonCallbackI.callback(GLFWMouseButtonCallbackI.java:43) [lwjgl-glfw-3.3.3.jar:?]
	at knot/org.lwjgl.system.JNI.invokeV(Native Method) ~[lwjgl-3.3.3.jar:?]
	at knot/org.lwjgl.glfw.GLFW.glfwWaitEventsTimeout(GLFW.java:3509) [lwjgl-glfw-3.3.3.jar:?]
	at knot/com.mojang.blaze3d.systems.RenderSystem.limitDisplayFPS(RenderSystem.java:184) [client-intermediary.jar:?]
	at knot/net.minecraft.class_310.method_1523(class_310.java:1310) [client-intermediary.jar:?]
	at knot/net.minecraft.class_310.method_1514(class_310.java:882) [client-intermediary.jar:?]
	at knot/net.minecraft.client.main.Main.main(Main.java:256) [client-intermediary.jar:?]
	at net.fabricmc.loader.impl.game.minecraft.MinecraftGameProvider.launch(MinecraftGameProvider.java:514) [fabric-loader-0.18.1.jar:?]
	at net.fabricmc.loader.impl.launch.knot.Knot.launch(Knot.java:72) [fabric-loader-0.18.1.jar:?]
	at net.fabricmc.loader.impl.launch.knot.KnotClient.main(KnotClient.java:23) [fabric-loader-0.18.1.jar:?]
[22:11:29] [Render thread/ERROR]: Parsing error loading recipe shutter:palm_shutter
com.google.gson.JsonParseException: Unknown registry key in ResourceKey[minecraft:root / minecraft:item]: shutter:palm_shutter; Map entry '_' : Failed to parse either. First: Input does not contain a key [fabric:type]: MapLike[{"item":"beachparty:palm_slab"}]; Second: Failed to parse either. First: Not a json array: {"item":"beachparty:palm_slab"}; Second: No key tag in MapLike[{"item":"beachparty:palm_slab"}]; Unknown registry key in ResourceKey[minecraft:root / minecraft:item]: beachparty:palm_slab
	at knot/com.mojang.serialization.DataResult$Error.mde968eb$owo$lambda$addStackTraceToException$0$0(DataResult.java:565) ~[datafixerupper-8.0.16.jar:?]
	at knot/com.mojang.serialization.DataResult$Error.getOrThrow(DataResult.java:287) ~[datafixerupper-8.0.16.jar:?]
	at knot/net.minecraft.class_1863.method_20705(class_1863.java:62) ~[client-intermediary.jar:?]
	at knot/net.minecraft.class_1863.method_18788(class_1863.java:35) ~[client-intermediary.jar:?]
	at knot/net.minecraft.class_4080.method_18790(class_4080.java:13) ~[client-intermediary.jar:?]
	at java.base/java.util.concurrent.CompletableFuture$UniAccept.tryFire(Unknown Source) ~[?:?]
	at java.base/java.util.concurrent.CompletableFuture$Completion.run(Unknown Source) ~[?:?]
	at knot/net.minecraft.class_4014.method_18365(class_4014.java:69) ~[client-intermediary.jar:?]
	at knot/net.minecraft.class_1255.method_18859(class_1255.java:162) ~[client-intermediary.jar:?]
	at knot/net.minecraft.class_4093.method_18859(class_4093.java:23) ~[client-intermediary.jar:?]
	at knot/net.minecraft.class_1255.method_16075(class_1255.java:136) ~[client-intermediary.jar:?]
	at knot/net.minecraft.class_1255.method_18857(class_1255.java:145) ~[client-intermediary.jar:?]
	at knot/net.minecraft.class_310.method_18857(class_310.java:32678) ~[client-intermediary.jar:?]
	at knot/net.minecraft.class_525.method_31130(class_525.java:329) ~[client-intermediary.jar:?]
	at knot/net.minecraft.class_526.method_19944(class_526.java:54) ~[client-intermediary.jar:?]
	at knot/net.minecraft.class_4185.method_25306(class_4185.java:96) ~[client-intermediary.jar:?]
	at knot/net.minecraft.class_4264.method_25348(class_4264.java:48) ~[client-intermediary.jar:?]
	at knot/net.minecraft.class_339.method_25402(class_339.java:141) ~[client-intermediary.jar:?]
	at knot/net.minecraft.class_4069.method_25402(class_4069.java:38) ~[client-intermediary.jar:?]
	at knot/net.minecraft.class_312.method_1611(class_312.java:107) ~[client-intermediary.jar:?]
	at knot/net.minecraft.class_437.method_25412(class_437.java:431) ~[client-intermediary.jar:?]
	at knot/net.minecraft.class_312.method_1601(class_312.java:107) ~[client-intermediary.jar:?]
	at knot/net.minecraft.class_312.method_22686(class_312.java:196) ~[client-intermediary.jar:?]
	at knot/net.minecraft.class_1255.execute(class_1255.java:108) ~[client-intermediary.jar:?]
	at knot/net.minecraft.class_312.method_22684(class_312.java:196) ~[client-intermediary.jar:?]
	at knot/org.lwjgl.glfw.GLFWMouseButtonCallbackI.callback(GLFWMouseButtonCallbackI.java:43) [lwjgl-glfw-3.3.3.jar:?]
	at knot/org.lwjgl.system.JNI.invokeV(Native Method) ~[lwjgl-3.3.3.jar:?]
	at knot/org.lwjgl.glfw.GLFW.glfwWaitEventsTimeout(GLFW.java:3509) [lwjgl-glfw-3.3.3.jar:?]
	at knot/com.mojang.blaze3d.systems.RenderSystem.limitDisplayFPS(RenderSystem.java:184) [client-intermediary.jar:?]
	at knot/net.minecraft.class_310.method_1523(class_310.java:1310) [client-intermediary.jar:?]
	at knot/net.minecraft.class_310.method_1514(class_310.java:882) [client-intermediary.jar:?]
	at knot/net.minecraft.client.main.Main.main(Main.java:256) [client-intermediary.jar:?]
	at net.fabricmc.loader.impl.game.minecraft.MinecraftGameProvider.launch(MinecraftGameProvider.java:514) [fabric-loader-0.18.1.jar:?]
	at net.fabricmc.loader.impl.launch.knot.Knot.launch(Knot.java:72) [fabric-loader-0.18.1.jar:?]
	at net.fabricmc.loader.impl.launch.knot.KnotClient.main(KnotClient.java:23) [fabric-loader-0.18.1.jar:?]
[22:11:29] [Render thread/ERROR]: Parsing error loading recipe supplementaries:flag_teal
com.google.gson.JsonParseException: Unknown registry key in ResourceKey[minecraft:root / minecraft:item]: supplementaries:flag_teal
	at knot/com.mojang.serialization.DataResult$Error.mde968eb$owo$lambda$addStackTraceToException$0$0(DataResult.java:565) ~[datafixerupper-8.0.16.jar:?]
	at knot/com.mojang.serialization.DataResult$Error.getOrThrow(DataResult.java:287) ~[datafixerupper-8.0.16.jar:?]
	at knot/net.minecraft.class_1863.method_20705(class_1863.java:62) ~[client-intermediary.jar:?]
	at knot/net.minecraft.class_1863.method_18788(class_1863.java:35) ~[client-intermediary.jar:?]
	at knot/net.minecraft.class_4080.method_18790(class_4080.java:13) ~[client-intermediary.jar:?]
	at java.base/java.util.concurrent.CompletableFuture$UniAccept.tryFire(Unknown Source) ~[?:?]
	at java.base/java.util.concurrent.CompletableFuture$Completion.run(Unknown Source) ~[?:?]
	at knot/net.minecraft.class_4014.method_18365(class_4014.java:69) ~[client-intermediary.jar:?]
	at knot/net.minecraft.class_1255.method_18859(class_1255.java:162) ~[client-intermediary.jar:?]
	at knot/net.minecraft.class_4093.method_18859(class_4093.java:23) ~[client-intermediary.jar:?]
	at knot/net.minecraft.class_1255.method_16075(class_1255.java:136) ~[client-intermediary.jar:?]
	at knot/net.minecraft.class_1255.method_18857(class_1255.java:145) ~[client-intermediary.jar:?]
	at knot/net.minecraft.class_310.method_18857(class_310.java:32678) ~[client-intermediary.jar:?]
	at knot/net.minecraft.class_525.method_31130(class_525.java:329) ~[client-intermediary.jar:?]
	at knot/net.minecraft.class_526.method_19944(class_526.java:54) ~[client-intermediary.jar:?]
	at knot/net.minecraft.class_4185.method_25306(class_4185.java:96) ~[client-intermediary.jar:?]
	at knot/net.minecraft.class_4264.method_25348(class_4264.java:48) ~[client-intermediary.jar:?]
	at knot/net.minecraft.class_339.method_25402(class_339.java:141) ~[client-intermediary.jar:?]
	at knot/net.minecraft.class_4069.method_25402(class_4069.java:38) ~[client-intermediary.jar:?]
	at knot/net.minecraft.class_312.method_1611(class_312.java:107) ~[client-intermediary.jar:?]
	at knot/net.minecraft.class_437.method_25412(class_437.java:431) ~[client-intermediary.jar:?]
	at knot/net.minecraft.class_312.method_1601(class_312.java:107) ~[client-intermediary.jar:?]
	at knot/net.minecraft.class_312.method_22686(class_312.java:196) ~[client-intermediary.jar:?]
	at knot/net.minecraft.class_1255.execute(class_1255.java:108) ~[client-intermediary.jar:?]
	at knot/net.minecraft.class_312.method_22684(class_312.java:196) ~[client-intermediary.jar:?]
	at knot/org.lwjgl.glfw.GLFWMouseButtonCallbackI.callback(GLFWMouseButtonCallbackI.java:43) [lwjgl-glfw-3.3.3.jar:?]
	at knot/org.lwjgl.system.JNI.invokeV(Native Method) ~[lwjgl-3.3.3.jar:?]
	at knot/org.lwjgl.glfw.GLFW.glfwWaitEventsTimeout(GLFW.java:3509) [lwjgl-glfw-3.3.3.jar:?]
	at knot/com.mojang.blaze3d.systems.RenderSystem.limitDisplayFPS(RenderSystem.java:184) [client-intermediary.jar:?]
	at knot/net.minecraft.class_310.method_1523(class_310.java:1310) [client-intermediary.jar:?]
	at knot/net.minecraft.class_310.method_1514(class_310.java:882) [client-intermediary.jar:?]
	at knot/net.minecraft.client.main.Main.main(Main.java:256) [client-intermediary.jar:?]
	at net.fabricmc.loader.impl.game.minecraft.MinecraftGameProvider.launch(MinecraftGameProvider.java:514) [fabric-loader-0.18.1.jar:?]
	at net.fabricmc.loader.impl.launch.knot.Knot.launch(Knot.java:72) [fabric-loader-0.18.1.jar:?]
	at net.fabricmc.loader.impl.launch.knot.KnotClient.main(KnotClient.java:23) [fabric-loader-0.18.1.jar:?]
[22:11:29] [Render thread/ERROR]: Parsing error loading recipe shutter:azalea_quark_shutter
com.google.gson.JsonParseException: Map entry '_' : Failed to parse either. First: Input does not contain a key [fabric:type]: MapLike[{"item":"quark:azalea_planks_slab"}]; Second: Failed to parse either. First: Not a json array: {"item":"quark:azalea_planks_slab"}; Second: No key tag in MapLike[{"item":"quark:azalea_planks_slab"}]; Unknown registry key in ResourceKey[minecraft:root / minecraft:item]: quark:azalea_planks_slab
	at knot/com.mojang.serialization.DataResult$Error.mde968eb$owo$lambda$addStackTraceToException$0$0(DataResult.java:565) ~[datafixerupper-8.0.16.jar:?]
	at knot/com.mojang.serialization.DataResult$Error.getOrThrow(DataResult.java:287) ~[datafixerupper-8.0.16.jar:?]
	at knot/net.minecraft.class_1863.method_20705(class_1863.java:62) ~[client-intermediary.jar:?]
	at knot/net.minecraft.class_1863.method_18788(class_1863.java:35) ~[client-intermediary.jar:?]
	at knot/net.minecraft.class_4080.method_18790(class_4080.java:13) ~[client-intermediary.jar:?]
	at java.base/java.util.concurrent.CompletableFuture$UniAccept.tryFire(Unknown Source) ~[?:?]
	at java.base/java.util.concurrent.CompletableFuture$Completion.run(Unknown Source) ~[?:?]
	at knot/net.minecraft.class_4014.method_18365(class_4014.java:69) ~[client-intermediary.jar:?]
	at knot/net.minecraft.class_1255.method_18859(class_1255.java:162) ~[client-intermediary.jar:?]
	at knot/net.minecraft.class_4093.method_18859(class_4093.java:23) ~[client-intermediary.jar:?]
	at knot/net.minecraft.class_1255.method_16075(class_1255.java:136) ~[client-intermediary.jar:?]
	at knot/net.minecraft.class_1255.method_18857(class_1255.java:145) ~[client-intermediary.jar:?]
	at knot/net.minecraft.class_310.method_18857(class_310.java:32678) ~[client-intermediary.jar:?]
	at knot/net.minecraft.class_525.method_31130(class_525.java:329) ~[client-intermediary.jar:?]
	at knot/net.minecraft.class_526.method_19944(class_526.java:54) ~[client-intermediary.jar:?]
	at knot/net.minecraft.class_4185.method_25306(class_4185.java:96) ~[client-intermediary.jar:?]
	at knot/net.minecraft.class_4264.method_25348(class_4264.java:48) ~[client-intermediary.jar:?]
	at knot/net.minecraft.class_339.method_25402(class_339.java:141) ~[client-intermediary.jar:?]
	at knot/net.minecraft.class_4069.method_25402(class_4069.java:38) ~[client-intermediary.jar:?]
	at knot/net.minecraft.class_312.method_1611(class_312.java:107) ~[client-intermediary.jar:?]
	at knot/net.minecraft.class_437.method_25412(class_437.java:431) ~[client-intermediary.jar:?]
	at knot/net.minecraft.class_312.method_1601(class_312.java:107) ~[client-intermediary.jar:?]
	at knot/net.minecraft.class_312.method_22686(class_312.java:196) ~[client-intermediary.jar:?]
	at knot/net.minecraft.class_1255.execute(class_1255.java:108) ~[client-intermediary.jar:?]
	at knot/net.minecraft.class_312.method_22684(class_312.java:196) ~[client-intermediary.jar:?]
	at knot/org.lwjgl.glfw.GLFWMouseButtonCallbackI.callback(GLFWMouseButtonCallbackI.java:43) [lwjgl-glfw-3.3.3.jar:?]
	at knot/org.lwjgl.system.JNI.invokeV(Native Method) ~[lwjgl-3.3.3.jar:?]
	at knot/org.lwjgl.glfw.GLFW.glfwWaitEventsTimeout(GLFW.java:3509) [lwjgl-glfw-3.3.3.jar:?]
	at knot/com.mojang.blaze3d.systems.RenderSystem.limitDisplayFPS(RenderSystem.java:184) [client-intermediary.jar:?]
	at knot/net.minecraft.class_310.method_1523(class_310.java:1310) [client-intermediary.jar:?]
	at knot/net.minecraft.class_310.method_1514(class_310.java:882) [client-intermediary.jar:?]
	at knot/net.minecraft.client.main.Main.main(Main.java:256) [client-intermediary.jar:?]
	at net.fabricmc.loader.impl.game.minecraft.MinecraftGameProvider.launch(MinecraftGameProvider.java:514) [fabric-loader-0.18.1.jar:?]
	at net.fabricmc.loader.impl.launch.knot.Knot.launch(Knot.java:72) [fabric-loader-0.18.1.jar:?]
	at net.fabricmc.loader.impl.launch.knot.KnotClient.main(KnotClient.java:23) [fabric-loader-0.18.1.jar:?]
[22:11:29] [Render thread/ERROR]: Parsing error loading recipe supplementaries:flag_amber
com.google.gson.JsonParseException: Unknown registry key in ResourceKey[minecraft:root / minecraft:item]: supplementaries:flag_amber
	at knot/com.mojang.serialization.DataResult$Error.mde968eb$owo$lambda$addStackTraceToException$0$0(DataResult.java:565) ~[datafixerupper-8.0.16.jar:?]
	at knot/com.mojang.serialization.DataResult$Error.getOrThrow(DataResult.java:287) ~[datafixerupper-8.0.16.jar:?]
	at knot/net.minecraft.class_1863.method_20705(class_1863.java:62) ~[client-intermediary.jar:?]
	at knot/net.minecraft.class_1863.method_18788(class_1863.java:35) ~[client-intermediary.jar:?]
	at knot/net.minecraft.class_4080.method_18790(class_4080.java:13) ~[client-intermediary.jar:?]
	at java.base/java.util.concurrent.CompletableFuture$UniAccept.tryFire(Unknown Source) ~[?:?]
	at java.base/java.util.concurrent.CompletableFuture$Completion.run(Unknown Source) ~[?:?]
	at knot/net.minecraft.class_4014.method_18365(class_4014.java:69) ~[client-intermediary.jar:?]
	at knot/net.minecraft.class_1255.method_18859(class_1255.java:162) ~[client-intermediary.jar:?]
	at knot/net.minecraft.class_4093.method_18859(class_4093.java:23) ~[client-intermediary.jar:?]
	at knot/net.minecraft.class_1255.method_16075(class_1255.java:136) ~[client-intermediary.jar:?]
	at knot/net.minecraft.class_1255.method_18857(class_1255.java:145) ~[client-intermediary.jar:?]
	at knot/net.minecraft.class_310.method_18857(class_310.java:32678) ~[client-intermediary.jar:?]
	at knot/net.minecraft.class_525.method_31130(class_525.java:329) ~[client-intermediary.jar:?]
	at knot/net.minecraft.class_526.method_19944(class_526.java:54) ~[client-intermediary.jar:?]
	at knot/net.minecraft.class_4185.method_25306(class_4185.java:96) ~[client-intermediary.jar:?]
	at knot/net.minecraft.class_4264.method_25348(class_4264.java:48) ~[client-intermediary.jar:?]
	at knot/net.minecraft.class_339.method_25402(class_339.java:141) ~[client-intermediary.jar:?]
	at knot/net.minecraft.class_4069.method_25402(class_4069.java:38) ~[client-intermediary.jar:?]
	at knot/net.minecraft.class_312.method_1611(class_312.java:107) ~[client-intermediary.jar:?]
	at knot/net.minecraft.class_437.method_25412(class_437.java:431) ~[client-intermediary.jar:?]
	at knot/net.minecraft.class_312.method_1601(class_312.java:107) ~[client-intermediary.jar:?]
	at knot/net.minecraft.class_312.method_22686(class_312.java:196) ~[client-intermediary.jar:?]
	at knot/net.minecraft.class_1255.execute(class_1255.java:108) ~[client-intermediary.jar:?]
	at knot/net.minecraft.class_312.method_22684(class_312.java:196) ~[client-intermediary.jar:?]
	at knot/org.lwjgl.glfw.GLFWMouseButtonCallbackI.callback(GLFWMouseButtonCallbackI.java:43) [lwjgl-glfw-3.3.3.jar:?]
	at knot/org.lwjgl.system.JNI.invokeV(Native Method) ~[lwjgl-3.3.3.jar:?]
	at knot/org.lwjgl.glfw.GLFW.glfwWaitEventsTimeout(GLFW.java:3509) [lwjgl-glfw-3.3.3.jar:?]
	at knot/com.mojang.blaze3d.systems.RenderSystem.limitDisplayFPS(RenderSystem.java:184) [client-intermediary.jar:?]
	at knot/net.minecraft.class_310.method_1523(class_310.java:1310) [client-intermediary.jar:?]
	at knot/net.minecraft.class_310.method_1514(class_310.java:882) [client-intermediary.jar:?]
	at knot/net.minecraft.client.main.Main.main(Main.java:256) [client-intermediary.jar:?]
	at net.fabricmc.loader.impl.game.minecraft.MinecraftGameProvider.launch(MinecraftGameProvider.java:514) [fabric-loader-0.18.1.jar:?]
	at net.fabricmc.loader.impl.launch.knot.Knot.launch(Knot.java:72) [fabric-loader-0.18.1.jar:?]
	at net.fabricmc.loader.impl.launch.knot.KnotClient.main(KnotClient.java:23) [fabric-loader-0.18.1.jar:?]
[22:11:29] [Render thread/ERROR]: Parsing error loading recipe supplementaries:flag_indigo
com.google.gson.JsonParseException: Unknown registry key in ResourceKey[minecraft:root / minecraft:item]: supplementaries:flag_indigo
	at knot/com.mojang.serialization.DataResult$Error.mde968eb$owo$lambda$addStackTraceToException$0$0(DataResult.java:565) ~[datafixerupper-8.0.16.jar:?]
	at knot/com.mojang.serialization.DataResult$Error.getOrThrow(DataResult.java:287) ~[datafixerupper-8.0.16.jar:?]
	at knot/net.minecraft.class_1863.method_20705(class_1863.java:62) ~[client-intermediary.jar:?]
	at knot/net.minecraft.class_1863.method_18788(class_1863.java:35) ~[client-intermediary.jar:?]
	at knot/net.minecraft.class_4080.method_18790(class_4080.java:13) ~[client-intermediary.jar:?]
	at java.base/java.util.concurrent.CompletableFuture$UniAccept.tryFire(Unknown Source) ~[?:?]
	at java.base/java.util.concurrent.CompletableFuture$Completion.run(Unknown Source) ~[?:?]
	at knot/net.minecraft.class_4014.method_18365(class_4014.java:69) ~[client-intermediary.jar:?]
	at knot/net.minecraft.class_1255.method_18859(class_1255.java:162) ~[client-intermediary.jar:?]
	at knot/net.minecraft.class_4093.method_18859(class_4093.java:23) ~[client-intermediary.jar:?]
	at knot/net.minecraft.class_1255.method_16075(class_1255.java:136) ~[client-intermediary.jar:?]
	at knot/net.minecraft.class_1255.method_18857(class_1255.java:145) ~[client-intermediary.jar:?]
	at knot/net.minecraft.class_310.method_18857(class_310.java:32678) ~[client-intermediary.jar:?]
	at knot/net.minecraft.class_525.method_31130(class_525.java:329) ~[client-intermediary.jar:?]
	at knot/net.minecraft.class_526.method_19944(class_526.java:54) ~[client-intermediary.jar:?]
	at knot/net.minecraft.class_4185.method_25306(class_4185.java:96) ~[client-intermediary.jar:?]
	at knot/net.minecraft.class_4264.method_25348(class_4264.java:48) ~[client-intermediary.jar:?]
	at knot/net.minecraft.class_339.method_25402(class_339.java:141) ~[client-intermediary.jar:?]
	at knot/net.minecraft.class_4069.method_25402(class_4069.java:38) ~[client-intermediary.jar:?]
	at knot/net.minecraft.class_312.method_1611(class_312.java:107) ~[client-intermediary.jar:?]
	at knot/net.minecraft.class_437.method_25412(class_437.java:431) ~[client-intermediary.jar:?]
	at knot/net.minecraft.class_312.method_1601(class_312.java:107) ~[client-intermediary.jar:?]
	at knot/net.minecraft.class_312.method_22686(class_312.java:196) ~[client-intermediary.jar:?]
	at knot/net.minecraft.class_1255.execute(class_1255.java:108) ~[client-intermediary.jar:?]
	at knot/net.minecraft.class_312.method_22684(class_312.java:196) ~[client-intermediary.jar:?]
	at knot/org.lwjgl.glfw.GLFWMouseButtonCallbackI.callback(GLFWMouseButtonCallbackI.java:43) [lwjgl-glfw-3.3.3.jar:?]
	at knot/org.lwjgl.system.JNI.invokeV(Native Method) ~[lwjgl-3.3.3.jar:?]
	at knot/org.lwjgl.glfw.GLFW.glfwWaitEventsTimeout(GLFW.java:3509) [lwjgl-glfw-3.3.3.jar:?]
	at knot/com.mojang.blaze3d.systems.RenderSystem.limitDisplayFPS(RenderSystem.java:184) [client-intermediary.jar:?]
	at knot/net.minecraft.class_310.method_1523(class_310.java:1310) [client-intermediary.jar:?]
	at knot/net.minecraft.class_310.method_1514(class_310.java:882) [client-intermediary.jar:?]
	at knot/net.minecraft.client.main.Main.main(Main.java:256) [client-intermediary.jar:?]
	at net.fabricmc.loader.impl.game.minecraft.MinecraftGameProvider.launch(MinecraftGameProvider.java:514) [fabric-loader-0.18.1.jar:?]
	at net.fabricmc.loader.impl.launch.knot.Knot.launch(Knot.java:72) [fabric-loader-0.18.1.jar:?]
	at net.fabricmc.loader.impl.launch.knot.KnotClient.main(KnotClient.java:23) [fabric-loader-0.18.1.jar:?]
[22:11:29] [Render thread/ERROR]: Parsing error loading recipe supplementaries:flag_rose
com.google.gson.JsonParseException: Unknown registry key in ResourceKey[minecraft:root / minecraft:item]: supplementaries:flag_rose
	at knot/com.mojang.serialization.DataResult$Error.mde968eb$owo$lambda$addStackTraceToException$0$0(DataResult.java:565) ~[datafixerupper-8.0.16.jar:?]
	at knot/com.mojang.serialization.DataResult$Error.getOrThrow(DataResult.java:287) ~[datafixerupper-8.0.16.jar:?]
	at knot/net.minecraft.class_1863.method_20705(class_1863.java:62) ~[client-intermediary.jar:?]
	at knot/net.minecraft.class_1863.method_18788(class_1863.java:35) ~[client-intermediary.jar:?]
	at knot/net.minecraft.class_4080.method_18790(class_4080.java:13) ~[client-intermediary.jar:?]
	at java.base/java.util.concurrent.CompletableFuture$UniAccept.tryFire(Unknown Source) ~[?:?]
	at java.base/java.util.concurrent.CompletableFuture$Completion.run(Unknown Source) ~[?:?]
	at knot/net.minecraft.class_4014.method_18365(class_4014.java:69) ~[client-intermediary.jar:?]
	at knot/net.minecraft.class_1255.method_18859(class_1255.java:162) ~[client-intermediary.jar:?]
	at knot/net.minecraft.class_4093.method_18859(class_4093.java:23) ~[client-intermediary.jar:?]
	at knot/net.minecraft.class_1255.method_16075(class_1255.java:136) ~[client-intermediary.jar:?]
	at knot/net.minecraft.class_1255.method_18857(class_1255.java:145) ~[client-intermediary.jar:?]
	at knot/net.minecraft.class_310.method_18857(class_310.java:32678) ~[client-intermediary.jar:?]
	at knot/net.minecraft.class_525.method_31130(class_525.java:329) ~[client-intermediary.jar:?]
	at knot/net.minecraft.class_526.method_19944(class_526.java:54) ~[client-intermediary.jar:?]
	at knot/net.minecraft.class_4185.method_25306(class_4185.java:96) ~[client-intermediary.jar:?]
	at knot/net.minecraft.class_4264.method_25348(class_4264.java:48) ~[client-intermediary.jar:?]
	at knot/net.minecraft.class_339.method_25402(class_339.java:141) ~[client-intermediary.jar:?]
	at knot/net.minecraft.class_4069.method_25402(class_4069.java:38) ~[client-intermediary.jar:?]
	at knot/net.minecraft.class_312.method_1611(class_312.java:107) ~[client-intermediary.jar:?]
	at knot/net.minecraft.class_437.method_25412(class_437.java:431) ~[client-intermediary.jar:?]
	at knot/net.minecraft.class_312.method_1601(class_312.java:107) ~[client-intermediary.jar:?]
	at knot/net.minecraft.class_312.method_22686(class_312.java:196) ~[client-intermediary.jar:?]
	at knot/net.minecraft.class_1255.execute(class_1255.java:108) ~[client-intermediary.jar:?]
	at knot/net.minecraft.class_312.method_22684(class_312.java:196) ~[client-intermediary.jar:?]
	at knot/org.lwjgl.glfw.GLFWMouseButtonCallbackI.callback(GLFWMouseButtonCallbackI.java:43) [lwjgl-glfw-3.3.3.jar:?]
	at knot/org.lwjgl.system.JNI.invokeV(Native Method) ~[lwjgl-3.3.3.jar:?]
	at knot/org.lwjgl.glfw.GLFW.glfwWaitEventsTimeout(GLFW.java:3509) [lwjgl-glfw-3.3.3.jar:?]
	at knot/com.mojang.blaze3d.systems.RenderSystem.limitDisplayFPS(RenderSystem.java:184) [client-intermediary.jar:?]
	at knot/net.minecraft.class_310.method_1523(class_310.java:1310) [client-intermediary.jar:?]
	at knot/net.minecraft.class_310.method_1514(class_310.java:882) [client-intermediary.jar:?]
	at knot/net.minecraft.client.main.Main.main(Main.java:256) [client-intermediary.jar:?]
	at net.fabricmc.loader.impl.game.minecraft.MinecraftGameProvider.launch(MinecraftGameProvider.java:514) [fabric-loader-0.18.1.jar:?]
	at net.fabricmc.loader.impl.launch.knot.Knot.launch(Knot.java:72) [fabric-loader-0.18.1.jar:?]
	at net.fabricmc.loader.impl.launch.knot.KnotClient.main(KnotClient.java:23) [fabric-loader-0.18.1.jar:?]
[22:11:29] [Render thread/ERROR]: Parsing error loading recipe supplementaries:candle_holder_indigo
com.google.gson.JsonParseException: Unknown registry key in ResourceKey[minecraft:root / minecraft:item]: supplementaries:candle_holder_indigo
	at knot/com.mojang.serialization.DataResult$Error.mde968eb$owo$lambda$addStackTraceToException$0$0(DataResult.java:565) ~[datafixerupper-8.0.16.jar:?]
	at knot/com.mojang.serialization.DataResult$Error.getOrThrow(DataResult.java:287) ~[datafixerupper-8.0.16.jar:?]
	at knot/net.minecraft.class_1863.method_20705(class_1863.java:62) ~[client-intermediary.jar:?]
	at knot/net.minecraft.class_1863.method_18788(class_1863.java:35) ~[client-intermediary.jar:?]
	at knot/net.minecraft.class_4080.method_18790(class_4080.java:13) ~[client-intermediary.jar:?]
	at java.base/java.util.concurrent.CompletableFuture$UniAccept.tryFire(Unknown Source) ~[?:?]
	at java.base/java.util.concurrent.CompletableFuture$Completion.run(Unknown Source) ~[?:?]
	at knot/net.minecraft.class_4014.method_18365(class_4014.java:69) ~[client-intermediary.jar:?]
	at knot/net.minecraft.class_1255.method_18859(class_1255.java:162) ~[client-intermediary.jar:?]
	at knot/net.minecraft.class_4093.method_18859(class_4093.java:23) ~[client-intermediary.jar:?]
	at knot/net.minecraft.class_1255.method_16075(class_1255.java:136) ~[client-intermediary.jar:?]
	at knot/net.minecraft.class_1255.method_18857(class_1255.java:145) ~[client-intermediary.jar:?]
	at knot/net.minecraft.class_310.method_18857(class_310.java:32678) ~[client-intermediary.jar:?]
	at knot/net.minecraft.class_525.method_31130(class_525.java:329) ~[client-intermediary.jar:?]
	at knot/net.minecraft.class_526.method_19944(class_526.java:54) ~[client-intermediary.jar:?]
	at knot/net.minecraft.class_4185.method_25306(class_4185.java:96) ~[client-intermediary.jar:?]
	at knot/net.minecraft.class_4264.method_25348(class_4264.java:48) ~[client-intermediary.jar:?]
	at knot/net.minecraft.class_339.method_25402(class_339.java:141) ~[client-intermediary.jar:?]
	at knot/net.minecraft.class_4069.method_25402(class_4069.java:38) ~[client-intermediary.jar:?]
	at knot/net.minecraft.class_312.method_1611(class_312.java:107) ~[client-intermediary.jar:?]
	at knot/net.minecraft.class_437.method_25412(class_437.java:431) ~[client-intermediary.jar:?]
	at knot/net.minecraft.class_312.method_1601(class_312.java:107) ~[client-intermediary.jar:?]
	at knot/net.minecraft.class_312.method_22686(class_312.java:196) ~[client-intermediary.jar:?]
	at knot/net.minecraft.class_1255.execute(class_1255.java:108) ~[client-intermediary.jar:?]
	at knot/net.minecraft.class_312.method_22684(class_312.java:196) ~[client-intermediary.jar:?]
	at knot/org.lwjgl.glfw.GLFWMouseButtonCallbackI.callback(GLFWMouseButtonCallbackI.java:43) [lwjgl-glfw-3.3.3.jar:?]
	at knot/org.lwjgl.system.JNI.invokeV(Native Method) ~[lwjgl-3.3.3.jar:?]
	at knot/org.lwjgl.glfw.GLFW.glfwWaitEventsTimeout(GLFW.java:3509) [lwjgl-glfw-3.3.3.jar:?]
	at knot/com.mojang.blaze3d.systems.RenderSystem.limitDisplayFPS(RenderSystem.java:184) [client-intermediary.jar:?]
	at knot/net.minecraft.class_310.method_1523(class_310.java:1310) [client-intermediary.jar:?]
	at knot/net.minecraft.class_310.method_1514(class_310.java:882) [client-intermediary.jar:?]
	at knot/net.minecraft.client.main.Main.main(Main.java:256) [client-intermediary.jar:?]
	at net.fabricmc.loader.impl.game.minecraft.MinecraftGameProvider.launch(MinecraftGameProvider.java:514) [fabric-loader-0.18.1.jar:?]
	at net.fabricmc.loader.impl.launch.knot.Knot.launch(Knot.java:72) [fabric-loader-0.18.1.jar:?]
	at net.fabricmc.loader.impl.launch.knot.KnotClient.main(KnotClient.java:23) [fabric-loader-0.18.1.jar:?]
[22:11:29] [Render thread/ERROR]: Parsing error loading recipe supplementaries:candle_holder_beige
com.google.gson.JsonParseException: Unknown registry key in ResourceKey[minecraft:root / minecraft:item]: supplementaries:candle_holder_beige
	at knot/com.mojang.serialization.DataResult$Error.mde968eb$owo$lambda$addStackTraceToException$0$0(DataResult.java:565) ~[datafixerupper-8.0.16.jar:?]
	at knot/com.mojang.serialization.DataResult$Error.getOrThrow(DataResult.java:287) ~[datafixerupper-8.0.16.jar:?]
	at knot/net.minecraft.class_1863.method_20705(class_1863.java:62) ~[client-intermediary.jar:?]
	at knot/net.minecraft.class_1863.method_18788(class_1863.java:35) ~[client-intermediary.jar:?]
	at knot/net.minecraft.class_4080.method_18790(class_4080.java:13) ~[client-intermediary.jar:?]
	at java.base/java.util.concurrent.CompletableFuture$UniAccept.tryFire(Unknown Source) ~[?:?]
	at java.base/java.util.concurrent.CompletableFuture$Completion.run(Unknown Source) ~[?:?]
	at knot/net.minecraft.class_4014.method_18365(class_4014.java:69) ~[client-intermediary.jar:?]
	at knot/net.minecraft.class_1255.method_18859(class_1255.java:162) ~[client-intermediary.jar:?]
	at knot/net.minecraft.class_4093.method_18859(class_4093.java:23) ~[client-intermediary.jar:?]
	at knot/net.minecraft.class_1255.method_16075(class_1255.java:136) ~[client-intermediary.jar:?]
	at knot/net.minecraft.class_1255.method_18857(class_1255.java:145) ~[client-intermediary.jar:?]
	at knot/net.minecraft.class_310.method_18857(class_310.java:32678) ~[client-intermediary.jar:?]
	at knot/net.minecraft.class_525.method_31130(class_525.java:329) ~[client-intermediary.jar:?]
	at knot/net.minecraft.class_526.method_19944(class_526.java:54) ~[client-intermediary.jar:?]
	at knot/net.minecraft.class_4185.method_25306(class_4185.java:96) ~[client-intermediary.jar:?]
	at knot/net.minecraft.class_4264.method_25348(class_4264.java:48) ~[client-intermediary.jar:?]
	at knot/net.minecraft.class_339.method_25402(class_339.java:141) ~[client-intermediary.jar:?]
	at knot/net.minecraft.class_4069.method_25402(class_4069.java:38) ~[client-intermediary.jar:?]
	at knot/net.minecraft.class_312.method_1611(class_312.java:107) ~[client-intermediary.jar:?]
	at knot/net.minecraft.class_437.method_25412(class_437.java:431) ~[client-intermediary.jar:?]
	at knot/net.minecraft.class_312.method_1601(class_312.java:107) ~[client-intermediary.jar:?]
	at knot/net.minecraft.class_312.method_22686(class_312.java:196) ~[client-intermediary.jar:?]
	at knot/net.minecraft.class_1255.execute(class_1255.java:108) ~[client-intermediary.jar:?]
	at knot/net.minecraft.class_312.method_22684(class_312.java:196) ~[client-intermediary.jar:?]
	at knot/org.lwjgl.glfw.GLFWMouseButtonCallbackI.callback(GLFWMouseButtonCallbackI.java:43) [lwjgl-glfw-3.3.3.jar:?]
	at knot/org.lwjgl.system.JNI.invokeV(Native Method) ~[lwjgl-3.3.3.jar:?]
	at knot/org.lwjgl.glfw.GLFW.glfwWaitEventsTimeout(GLFW.java:3509) [lwjgl-glfw-3.3.3.jar:?]
	at knot/com.mojang.blaze3d.systems.RenderSystem.limitDisplayFPS(RenderSystem.java:184) [client-intermediary.jar:?]
	at knot/net.minecraft.class_310.method_1523(class_310.java:1310) [client-intermediary.jar:?]
	at knot/net.minecraft.class_310.method_1514(class_310.java:882) [client-intermediary.jar:?]
	at knot/net.minecraft.client.main.Main.main(Main.java:256) [client-intermediary.jar:?]
	at net.fabricmc.loader.impl.game.minecraft.MinecraftGameProvider.launch(MinecraftGameProvider.java:514) [fabric-loader-0.18.1.jar:?]
	at net.fabricmc.loader.impl.launch.knot.Knot.launch(Knot.java:72) [fabric-loader-0.18.1.jar:?]
	at net.fabricmc.loader.impl.launch.knot.KnotClient.main(KnotClient.java:23) [fabric-loader-0.18.1.jar:?]
[22:11:29] [Render thread/ERROR]: Parsing error loading recipe supplementaries:flag_navy
com.google.gson.JsonParseException: Unknown registry key in ResourceKey[minecraft:root / minecraft:item]: supplementaries:flag_navy
	at knot/com.mojang.serialization.DataResult$Error.mde968eb$owo$lambda$addStackTraceToException$0$0(DataResult.java:565) ~[datafixerupper-8.0.16.jar:?]
	at knot/com.mojang.serialization.DataResult$Error.getOrThrow(DataResult.java:287) ~[datafixerupper-8.0.16.jar:?]
	at knot/net.minecraft.class_1863.method_20705(class_1863.java:62) ~[client-intermediary.jar:?]
	at knot/net.minecraft.class_1863.method_18788(class_1863.java:35) ~[client-intermediary.jar:?]
	at knot/net.minecraft.class_4080.method_18790(class_4080.java:13) ~[client-intermediary.jar:?]
	at java.base/java.util.concurrent.CompletableFuture$UniAccept.tryFire(Unknown Source) ~[?:?]
	at java.base/java.util.concurrent.CompletableFuture$Completion.run(Unknown Source) ~[?:?]
	at knot/net.minecraft.class_4014.method_18365(class_4014.java:69) ~[client-intermediary.jar:?]
	at knot/net.minecraft.class_1255.method_18859(class_1255.java:162) ~[client-intermediary.jar:?]
	at knot/net.minecraft.class_4093.method_18859(class_4093.java:23) ~[client-intermediary.jar:?]
	at knot/net.minecraft.class_1255.method_16075(class_1255.java:136) ~[client-intermediary.jar:?]
	at knot/net.minecraft.class_1255.method_18857(class_1255.java:145) ~[client-intermediary.jar:?]
	at knot/net.minecraft.class_310.method_18857(class_310.java:32678) ~[client-intermediary.jar:?]
	at knot/net.minecraft.class_525.method_31130(class_525.java:329) ~[client-intermediary.jar:?]
	at knot/net.minecraft.class_526.method_19944(class_526.java:54) ~[client-intermediary.jar:?]
	at knot/net.minecraft.class_4185.method_25306(class_4185.java:96) ~[client-intermediary.jar:?]
	at knot/net.minecraft.class_4264.method_25348(class_4264.java:48) ~[client-intermediary.jar:?]
	at knot/net.minecraft.class_339.method_25402(class_339.java:141) ~[client-intermediary.jar:?]
	at knot/net.minecraft.class_4069.method_25402(class_4069.java:38) ~[client-intermediary.jar:?]
	at knot/net.minecraft.class_312.method_1611(class_312.java:107) ~[client-intermediary.jar:?]
	at knot/net.minecraft.class_437.method_25412(class_437.java:431) ~[client-intermediary.jar:?]
	at knot/net.minecraft.class_312.method_1601(class_312.java:107) ~[client-intermediary.jar:?]
	at knot/net.minecraft.class_312.method_22686(class_312.java:196) ~[client-intermediary.jar:?]
	at knot/net.minecraft.class_1255.execute(class_1255.java:108) ~[client-intermediary.jar:?]
	at knot/net.minecraft.class_312.method_22684(class_312.java:196) ~[client-intermediary.jar:?]
	at knot/org.lwjgl.glfw.GLFWMouseButtonCallbackI.callback(GLFWMouseButtonCallbackI.java:43) [lwjgl-glfw-3.3.3.jar:?]
	at knot/org.lwjgl.system.JNI.invokeV(Native Method) ~[lwjgl-3.3.3.jar:?]
	at knot/org.lwjgl.glfw.GLFW.glfwWaitEventsTimeout(GLFW.java:3509) [lwjgl-glfw-3.3.3.jar:?]
	at knot/com.mojang.blaze3d.systems.RenderSystem.limitDisplayFPS(RenderSystem.java:184) [client-intermediary.jar:?]
	at knot/net.minecraft.class_310.method_1523(class_310.java:1310) [client-intermediary.jar:?]
	at knot/net.minecraft.class_310.method_1514(class_310.java:882) [client-intermediary.jar:?]
	at knot/net.minecraft.client.main.Main.main(Main.java:256) [client-intermediary.jar:?]
	at net.fabricmc.loader.impl.game.minecraft.MinecraftGameProvider.launch(MinecraftGameProvider.java:514) [fabric-loader-0.18.1.jar:?]
	at net.fabricmc.loader.impl.launch.knot.Knot.launch(Knot.java:72) [fabric-loader-0.18.1.jar:?]
	at net.fabricmc.loader.impl.launch.knot.KnotClient.main(KnotClient.java:23) [fabric-loader-0.18.1.jar:?]
[22:11:29] [Render thread/ERROR]: Parsing error loading recipe shutter:walnut_shutter
com.google.gson.JsonParseException: Map entry '_' : Failed to parse either. First: Input does not contain a key [fabric:type]: MapLike[{"item":"ecologics:walnut_slab"}]; Second: Failed to parse either. First: Not a json array: {"item":"ecologics:walnut_slab"}; Second: No key tag in MapLike[{"item":"ecologics:walnut_slab"}]; Unknown registry key in ResourceKey[minecraft:root / minecraft:item]: ecologics:walnut_slab
	at knot/com.mojang.serialization.DataResult$Error.mde968eb$owo$lambda$addStackTraceToException$0$0(DataResult.java:565) ~[datafixerupper-8.0.16.jar:?]
	at knot/com.mojang.serialization.DataResult$Error.getOrThrow(DataResult.java:287) ~[datafixerupper-8.0.16.jar:?]
	at knot/net.minecraft.class_1863.method_20705(class_1863.java:62) ~[client-intermediary.jar:?]
	at knot/net.minecraft.class_1863.method_18788(class_1863.java:35) ~[client-intermediary.jar:?]
	at knot/net.minecraft.class_4080.method_18790(class_4080.java:13) ~[client-intermediary.jar:?]
	at java.base/java.util.concurrent.CompletableFuture$UniAccept.tryFire(Unknown Source) ~[?:?]
	at java.base/java.util.concurrent.CompletableFuture$Completion.run(Unknown Source) ~[?:?]
	at knot/net.minecraft.class_4014.method_18365(class_4014.java:69) ~[client-intermediary.jar:?]
	at knot/net.minecraft.class_1255.method_18859(class_1255.java:162) ~[client-intermediary.jar:?]
	at knot/net.minecraft.class_4093.method_18859(class_4093.java:23) ~[client-intermediary.jar:?]
	at knot/net.minecraft.class_1255.method_16075(class_1255.java:136) ~[client-intermediary.jar:?]
	at knot/net.minecraft.class_1255.method_18857(class_1255.java:145) ~[client-intermediary.jar:?]
	at knot/net.minecraft.class_310.method_18857(class_310.java:32678) ~[client-intermediary.jar:?]
	at knot/net.minecraft.class_525.method_31130(class_525.java:329) ~[client-intermediary.jar:?]
	at knot/net.minecraft.class_526.method_19944(class_526.java:54) ~[client-intermediary.jar:?]
	at knot/net.minecraft.class_4185.method_25306(class_4185.java:96) ~[client-intermediary.jar:?]
	at knot/net.minecraft.class_4264.method_25348(class_4264.java:48) ~[client-intermediary.jar:?]
	at knot/net.minecraft.class_339.method_25402(class_339.java:141) ~[client-intermediary.jar:?]
	at knot/net.minecraft.class_4069.method_25402(class_4069.java:38) ~[client-intermediary.jar:?]
	at knot/net.minecraft.class_312.method_1611(class_312.java:107) ~[client-intermediary.jar:?]
	at knot/net.minecraft.class_437.method_25412(class_437.java:431) ~[client-intermediary.jar:?]
	at knot/net.minecraft.class_312.method_1601(class_312.java:107) ~[client-intermediary.jar:?]
	at knot/net.minecraft.class_312.method_22686(class_312.java:196) ~[client-intermediary.jar:?]
	at knot/net.minecraft.class_1255.execute(class_1255.java:108) ~[client-intermediary.jar:?]
	at knot/net.minecraft.class_312.method_22684(class_312.java:196) ~[client-intermediary.jar:?]
	at knot/org.lwjgl.glfw.GLFWMouseButtonCallbackI.callback(GLFWMouseButtonCallbackI.java:43) [lwjgl-glfw-3.3.3.jar:?]
	at knot/org.lwjgl.system.JNI.invokeV(Native Method) ~[lwjgl-3.3.3.jar:?]
	at knot/org.lwjgl.glfw.GLFW.glfwWaitEventsTimeout(GLFW.java:3509) [lwjgl-glfw-3.3.3.jar:?]
	at knot/com.mojang.blaze3d.systems.RenderSystem.limitDisplayFPS(RenderSystem.java:184) [client-intermediary.jar:?]
	at knot/net.minecraft.class_310.method_1523(class_310.java:1310) [client-intermediary.jar:?]
	at knot/net.minecraft.class_310.method_1514(class_310.java:882) [client-intermediary.jar:?]
	at knot/net.minecraft.client.main.Main.main(Main.java:256) [client-intermediary.jar:?]
	at net.fabricmc.loader.impl.game.minecraft.MinecraftGameProvider.launch(MinecraftGameProvider.java:514) [fabric-loader-0.18.1.jar:?]
	at net.fabricmc.loader.impl.launch.knot.Knot.launch(Knot.java:72) [fabric-loader-0.18.1.jar:?]
	at net.fabricmc.loader.impl.launch.knot.KnotClient.main(KnotClient.java:23) [fabric-loader-0.18.1.jar:?]
[22:11:29] [Render thread/ERROR]: Parsing error loading recipe supplementaries:candle_holder_tan
com.google.gson.JsonParseException: Unknown registry key in ResourceKey[minecraft:root / minecraft:item]: supplementaries:candle_holder_tan
	at knot/com.mojang.serialization.DataResult$Error.mde968eb$owo$lambda$addStackTraceToException$0$0(DataResult.java:565) ~[datafixerupper-8.0.16.jar:?]
	at knot/com.mojang.serialization.DataResult$Error.getOrThrow(DataResult.java:287) ~[datafixerupper-8.0.16.jar:?]
	at knot/net.minecraft.class_1863.method_20705(class_1863.java:62) ~[client-intermediary.jar:?]
	at knot/net.minecraft.class_1863.method_18788(class_1863.java:35) ~[client-intermediary.jar:?]
	at knot/net.minecraft.class_4080.method_18790(class_4080.java:13) ~[client-intermediary.jar:?]
	at java.base/java.util.concurrent.CompletableFuture$UniAccept.tryFire(Unknown Source) ~[?:?]
	at java.base/java.util.concurrent.CompletableFuture$Completion.run(Unknown Source) ~[?:?]
	at knot/net.minecraft.class_4014.method_18365(class_4014.java:69) ~[client-intermediary.jar:?]
	at knot/net.minecraft.class_1255.method_18859(class_1255.java:162) ~[client-intermediary.jar:?]
	at knot/net.minecraft.class_4093.method_18859(class_4093.java:23) ~[client-intermediary.jar:?]
	at knot/net.minecraft.class_1255.method_16075(class_1255.java:136) ~[client-intermediary.jar:?]
	at knot/net.minecraft.class_1255.method_18857(class_1255.java:145) ~[client-intermediary.jar:?]
	at knot/net.minecraft.class_310.method_18857(class_310.java:32678) ~[client-intermediary.jar:?]
	at knot/net.minecraft.class_525.method_31130(class_525.java:329) ~[client-intermediary.jar:?]
	at knot/net.minecraft.class_526.method_19944(class_526.java:54) ~[client-intermediary.jar:?]
	at knot/net.minecraft.class_4185.method_25306(class_4185.java:96) ~[client-intermediary.jar:?]
	at knot/net.minecraft.class_4264.method_25348(class_4264.java:48) ~[client-intermediary.jar:?]
	at knot/net.minecraft.class_339.method_25402(class_339.java:141) ~[client-intermediary.jar:?]
	at knot/net.minecraft.class_4069.method_25402(class_4069.java:38) ~[client-intermediary.jar:?]
	at knot/net.minecraft.class_312.method_1611(class_312.java:107) ~[client-intermediary.jar:?]
	at knot/net.minecraft.class_437.method_25412(class_437.java:431) ~[client-intermediary.jar:?]
	at knot/net.minecraft.class_312.method_1601(class_312.java:107) ~[client-intermediary.jar:?]
	at knot/net.minecraft.class_312.method_22686(class_312.java:196) ~[client-intermediary.jar:?]
	at knot/net.minecraft.class_1255.execute(class_1255.java:108) ~[client-intermediary.jar:?]
	at knot/net.minecraft.class_312.method_22684(class_312.java:196) ~[client-intermediary.jar:?]
	at knot/org.lwjgl.glfw.GLFWMouseButtonCallbackI.callback(GLFWMouseButtonCallbackI.java:43) [lwjgl-glfw-3.3.3.jar:?]
	at knot/org.lwjgl.system.JNI.invokeV(Native Method) ~[lwjgl-3.3.3.jar:?]
	at knot/org.lwjgl.glfw.GLFW.glfwWaitEventsTimeout(GLFW.java:3509) [lwjgl-glfw-3.3.3.jar:?]
	at knot/com.mojang.blaze3d.systems.RenderSystem.limitDisplayFPS(RenderSystem.java:184) [client-intermediary.jar:?]
	at knot/net.minecraft.class_310.method_1523(class_310.java:1310) [client-intermediary.jar:?]
	at knot/net.minecraft.class_310.method_1514(class_310.java:882) [client-intermediary.jar:?]
	at knot/net.minecraft.client.main.Main.main(Main.java:256) [client-intermediary.jar:?]
	at net.fabricmc.loader.impl.game.minecraft.MinecraftGameProvider.launch(MinecraftGameProvider.java:514) [fabric-loader-0.18.1.jar:?]
	at net.fabricmc.loader.impl.launch.knot.Knot.launch(Knot.java:72) [fabric-loader-0.18.1.jar:?]
	at net.fabricmc.loader.impl.launch.knot.KnotClient.main(KnotClient.java:23) [fabric-loader-0.18.1.jar:?]
[22:11:29] [Render thread/ERROR]: Parsing error loading recipe supplementaries:candle_holder_navy
com.google.gson.JsonParseException: Unknown registry key in ResourceKey[minecraft:root / minecraft:item]: supplementaries:candle_holder_navy
	at knot/com.mojang.serialization.DataResult$Error.mde968eb$owo$lambda$addStackTraceToException$0$0(DataResult.java:565) ~[datafixerupper-8.0.16.jar:?]
	at knot/com.mojang.serialization.DataResult$Error.getOrThrow(DataResult.java:287) ~[datafixerupper-8.0.16.jar:?]
	at knot/net.minecraft.class_1863.method_20705(class_1863.java:62) ~[client-intermediary.jar:?]
	at knot/net.minecraft.class_1863.method_18788(class_1863.java:35) ~[client-intermediary.jar:?]
	at knot/net.minecraft.class_4080.method_18790(class_4080.java:13) ~[client-intermediary.jar:?]
	at java.base/java.util.concurrent.CompletableFuture$UniAccept.tryFire(Unknown Source) ~[?:?]
	at java.base/java.util.concurrent.CompletableFuture$Completion.run(Unknown Source) ~[?:?]
	at knot/net.minecraft.class_4014.method_18365(class_4014.java:69) ~[client-intermediary.jar:?]
	at knot/net.minecraft.class_1255.method_18859(class_1255.java:162) ~[client-intermediary.jar:?]
	at knot/net.minecraft.class_4093.method_18859(class_4093.java:23) ~[client-intermediary.jar:?]
	at knot/net.minecraft.class_1255.method_16075(class_1255.java:136) ~[client-intermediary.jar:?]
	at knot/net.minecraft.class_1255.method_18857(class_1255.java:145) ~[client-intermediary.jar:?]
	at knot/net.minecraft.class_310.method_18857(class_310.java:32678) ~[client-intermediary.jar:?]
	at knot/net.minecraft.class_525.method_31130(class_525.java:329) ~[client-intermediary.jar:?]
	at knot/net.minecraft.class_526.method_19944(class_526.java:54) ~[client-intermediary.jar:?]
	at knot/net.minecraft.class_4185.method_25306(class_4185.java:96) ~[client-intermediary.jar:?]
	at knot/net.minecraft.class_4264.method_25348(class_4264.java:48) ~[client-intermediary.jar:?]
	at knot/net.minecraft.class_339.method_25402(class_339.java:141) ~[client-intermediary.jar:?]
	at knot/net.minecraft.class_4069.method_25402(class_4069.java:38) ~[client-intermediary.jar:?]
	at knot/net.minecraft.class_312.method_1611(class_312.java:107) ~[client-intermediary.jar:?]
	at knot/net.minecraft.class_437.method_25412(class_437.java:431) ~[client-intermediary.jar:?]
	at knot/net.minecraft.class_312.method_1601(class_312.java:107) ~[client-intermediary.jar:?]
	at knot/net.minecraft.class_312.method_22686(class_312.java:196) ~[client-intermediary.jar:?]
	at knot/net.minecraft.class_1255.execute(class_1255.java:108) ~[client-intermediary.jar:?]
	at knot/net.minecraft.class_312.method_22684(class_312.java:196) ~[client-intermediary.jar:?]
	at knot/org.lwjgl.glfw.GLFWMouseButtonCallbackI.callback(GLFWMouseButtonCallbackI.java:43) [lwjgl-glfw-3.3.3.jar:?]
	at knot/org.lwjgl.system.JNI.invokeV(Native Method) ~[lwjgl-3.3.3.jar:?]
	at knot/org.lwjgl.glfw.GLFW.glfwWaitEventsTimeout(GLFW.java:3509) [lwjgl-glfw-3.3.3.jar:?]
	at knot/com.mojang.blaze3d.systems.RenderSystem.limitDisplayFPS(RenderSystem.java:184) [client-intermediary.jar:?]
	at knot/net.minecraft.class_310.method_1523(class_310.java:1310) [client-intermediary.jar:?]
	at knot/net.minecraft.class_310.method_1514(class_310.java:882) [client-intermediary.jar:?]
	at knot/net.minecraft.client.main.Main.main(Main.java:256) [client-intermediary.jar:?]
	at net.fabricmc.loader.impl.game.minecraft.MinecraftGameProvider.launch(MinecraftGameProvider.java:514) [fabric-loader-0.18.1.jar:?]
	at net.fabricmc.loader.impl.launch.knot.Knot.launch(Knot.java:72) [fabric-loader-0.18.1.jar:?]
	at net.fabricmc.loader.impl.launch.knot.KnotClient.main(KnotClient.java:23) [fabric-loader-0.18.1.jar:?]
[22:11:29] [Render thread/ERROR]: Parsing error loading recipe supplementaries:candle_holder_verdant
com.google.gson.JsonParseException: Unknown registry key in ResourceKey[minecraft:root / minecraft:item]: supplementaries:candle_holder_verdant
	at knot/com.mojang.serialization.DataResult$Error.mde968eb$owo$lambda$addStackTraceToException$0$0(DataResult.java:565) ~[datafixerupper-8.0.16.jar:?]
	at knot/com.mojang.serialization.DataResult$Error.getOrThrow(DataResult.java:287) ~[datafixerupper-8.0.16.jar:?]
	at knot/net.minecraft.class_1863.method_20705(class_1863.java:62) ~[client-intermediary.jar:?]
	at knot/net.minecraft.class_1863.method_18788(class_1863.java:35) ~[client-intermediary.jar:?]
	at knot/net.minecraft.class_4080.method_18790(class_4080.java:13) ~[client-intermediary.jar:?]
	at java.base/java.util.concurrent.CompletableFuture$UniAccept.tryFire(Unknown Source) ~[?:?]
	at java.base/java.util.concurrent.CompletableFuture$Completion.run(Unknown Source) ~[?:?]
	at knot/net.minecraft.class_4014.method_18365(class_4014.java:69) ~[client-intermediary.jar:?]
	at knot/net.minecraft.class_1255.method_18859(class_1255.java:162) ~[client-intermediary.jar:?]
	at knot/net.minecraft.class_4093.method_18859(class_4093.java:23) ~[client-intermediary.jar:?]
	at knot/net.minecraft.class_1255.method_16075(class_1255.java:136) ~[client-intermediary.jar:?]
	at knot/net.minecraft.class_1255.method_18857(class_1255.java:145) ~[client-intermediary.jar:?]
	at knot/net.minecraft.class_310.method_18857(class_310.java:32678) ~[client-intermediary.jar:?]
	at knot/net.minecraft.class_525.method_31130(class_525.java:329) ~[client-intermediary.jar:?]
	at knot/net.minecraft.class_526.method_19944(class_526.java:54) ~[client-intermediary.jar:?]
	at knot/net.minecraft.class_4185.method_25306(class_4185.java:96) ~[client-intermediary.jar:?]
	at knot/net.minecraft.class_4264.method_25348(class_4264.java:48) ~[client-intermediary.jar:?]
	at knot/net.minecraft.class_339.method_25402(class_339.java:141) ~[client-intermediary.jar:?]
	at knot/net.minecraft.class_4069.method_25402(class_4069.java:38) ~[client-intermediary.jar:?]
	at knot/net.minecraft.class_312.method_1611(class_312.java:107) ~[client-intermediary.jar:?]
	at knot/net.minecraft.class_437.method_25412(class_437.java:431) ~[client-intermediary.jar:?]
	at knot/net.minecraft.class_312.method_1601(class_312.java:107) ~[client-intermediary.jar:?]
	at knot/net.minecraft.class_312.method_22686(class_312.java:196) ~[client-intermediary.jar:?]
	at knot/net.minecraft.class_1255.execute(class_1255.java:108) ~[client-intermediary.jar:?]
	at knot/net.minecraft.class_312.method_22684(class_312.java:196) ~[client-intermediary.jar:?]
	at knot/org.lwjgl.glfw.GLFWMouseButtonCallbackI.callback(GLFWMouseButtonCallbackI.java:43) [lwjgl-glfw-3.3.3.jar:?]
	at knot/org.lwjgl.system.JNI.invokeV(Native Method) ~[lwjgl-3.3.3.jar:?]
	at knot/org.lwjgl.glfw.GLFW.glfwWaitEventsTimeout(GLFW.java:3509) [lwjgl-glfw-3.3.3.jar:?]
	at knot/com.mojang.blaze3d.systems.RenderSystem.limitDisplayFPS(RenderSystem.java:184) [client-intermediary.jar:?]
	at knot/net.minecraft.class_310.method_1523(class_310.java:1310) [client-intermediary.jar:?]
	at knot/net.minecraft.class_310.method_1514(class_310.java:882) [client-intermediary.jar:?]
	at knot/net.minecraft.client.main.Main.main(Main.java:256) [client-intermediary.jar:?]
	at net.fabricmc.loader.impl.game.minecraft.MinecraftGameProvider.launch(MinecraftGameProvider.java:514) [fabric-loader-0.18.1.jar:?]
	at net.fabricmc.loader.impl.launch.knot.Knot.launch(Knot.java:72) [fabric-loader-0.18.1.jar:?]
	at net.fabricmc.loader.impl.launch.knot.KnotClient.main(KnotClient.java:23) [fabric-loader-0.18.1.jar:?]
[22:11:29] [Render thread/ERROR]: Parsing error loading recipe supplementaries:candle_holder_coral
com.google.gson.JsonParseException: Unknown registry key in ResourceKey[minecraft:root / minecraft:item]: supplementaries:candle_holder_coral
	at knot/com.mojang.serialization.DataResult$Error.mde968eb$owo$lambda$addStackTraceToException$0$0(DataResult.java:565) ~[datafixerupper-8.0.16.jar:?]
	at knot/com.mojang.serialization.DataResult$Error.getOrThrow(DataResult.java:287) ~[datafixerupper-8.0.16.jar:?]
	at knot/net.minecraft.class_1863.method_20705(class_1863.java:62) ~[client-intermediary.jar:?]
	at knot/net.minecraft.class_1863.method_18788(class_1863.java:35) ~[client-intermediary.jar:?]
	at knot/net.minecraft.class_4080.method_18790(class_4080.java:13) ~[client-intermediary.jar:?]
	at java.base/java.util.concurrent.CompletableFuture$UniAccept.tryFire(Unknown Source) ~[?:?]
	at java.base/java.util.concurrent.CompletableFuture$Completion.run(Unknown Source) ~[?:?]
	at knot/net.minecraft.class_4014.method_18365(class_4014.java:69) ~[client-intermediary.jar:?]
	at knot/net.minecraft.class_1255.method_18859(class_1255.java:162) ~[client-intermediary.jar:?]
	at knot/net.minecraft.class_4093.method_18859(class_4093.java:23) ~[client-intermediary.jar:?]
	at knot/net.minecraft.class_1255.method_16075(class_1255.java:136) ~[client-intermediary.jar:?]
	at knot/net.minecraft.class_1255.method_18857(class_1255.java:145) ~[client-intermediary.jar:?]
	at knot/net.minecraft.class_310.method_18857(class_310.java:32678) ~[client-intermediary.jar:?]
	at knot/net.minecraft.class_525.method_31130(class_525.java:329) ~[client-intermediary.jar:?]
	at knot/net.minecraft.class_526.method_19944(class_526.java:54) ~[client-intermediary.jar:?]
	at knot/net.minecraft.class_4185.method_25306(class_4185.java:96) ~[client-intermediary.jar:?]
	at knot/net.minecraft.class_4264.method_25348(class_4264.java:48) ~[client-intermediary.jar:?]
	at knot/net.minecraft.class_339.method_25402(class_339.java:141) ~[client-intermediary.jar:?]
	at knot/net.minecraft.class_4069.method_25402(class_4069.java:38) ~[client-intermediary.jar:?]
	at knot/net.minecraft.class_312.method_1611(class_312.java:107) ~[client-intermediary.jar:?]
	at knot/net.minecraft.class_437.method_25412(class_437.java:431) ~[client-intermediary.jar:?]
	at knot/net.minecraft.class_312.method_1601(class_312.java:107) ~[client-intermediary.jar:?]
	at knot/net.minecraft.class_312.method_22686(class_312.java:196) ~[client-intermediary.jar:?]
	at knot/net.minecraft.class_1255.execute(class_1255.java:108) ~[client-intermediary.jar:?]
	at knot/net.minecraft.class_312.method_22684(class_312.java:196) ~[client-intermediary.jar:?]
	at knot/org.lwjgl.glfw.GLFWMouseButtonCallbackI.callback(GLFWMouseButtonCallbackI.java:43) [lwjgl-glfw-3.3.3.jar:?]
	at knot/org.lwjgl.system.JNI.invokeV(Native Method) ~[lwjgl-3.3.3.jar:?]
	at knot/org.lwjgl.glfw.GLFW.glfwWaitEventsTimeout(GLFW.java:3509) [lwjgl-glfw-3.3.3.jar:?]
	at knot/com.mojang.blaze3d.systems.RenderSystem.limitDisplayFPS(RenderSystem.java:184) [client-intermediary.jar:?]
	at knot/net.minecraft.class_310.method_1523(class_310.java:1310) [client-intermediary.jar:?]
	at knot/net.minecraft.class_310.method_1514(class_310.java:882) [client-intermediary.jar:?]
	at knot/net.minecraft.client.main.Main.main(Main.java:256) [client-intermediary.jar:?]
	at net.fabricmc.loader.impl.game.minecraft.MinecraftGameProvider.launch(MinecraftGameProvider.java:514) [fabric-loader-0.18.1.jar:?]
	at net.fabricmc.loader.impl.launch.knot.Knot.launch(Knot.java:72) [fabric-loader-0.18.1.jar:?]
	at net.fabricmc.loader.impl.launch.knot.KnotClient.main(KnotClient.java:23) [fabric-loader-0.18.1.jar:?]
[22:11:29] [Render thread/ERROR]: Parsing error loading recipe create:sequenced_assembly/hicap_color_film_developing
com.google.gson.JsonParseException: Unknown registry key in ResourceKey[minecraft:root / minecraft:recipe_serializer]: create:sequenced_assembly
	at knot/com.mojang.serialization.DataResult$Error.mde968eb$owo$lambda$addStackTraceToException$0$0(DataResult.java:565) ~[datafixerupper-8.0.16.jar:?]
	at knot/com.mojang.serialization.DataResult$Error.getOrThrow(DataResult.java:287) ~[datafixerupper-8.0.16.jar:?]
	at knot/net.minecraft.class_1863.method_20705(class_1863.java:62) ~[client-intermediary.jar:?]
	at knot/net.minecraft.class_1863.method_18788(class_1863.java:35) ~[client-intermediary.jar:?]
	at knot/net.minecraft.class_4080.method_18790(class_4080.java:13) ~[client-intermediary.jar:?]
	at java.base/java.util.concurrent.CompletableFuture$UniAccept.tryFire(Unknown Source) ~[?:?]
	at java.base/java.util.concurrent.CompletableFuture$Completion.run(Unknown Source) ~[?:?]
	at knot/net.minecraft.class_4014.method_18365(class_4014.java:69) ~[client-intermediary.jar:?]
	at knot/net.minecraft.class_1255.method_18859(class_1255.java:162) ~[client-intermediary.jar:?]
	at knot/net.minecraft.class_4093.method_18859(class_4093.java:23) ~[client-intermediary.jar:?]
	at knot/net.minecraft.class_1255.method_16075(class_1255.java:136) ~[client-intermediary.jar:?]
	at knot/net.minecraft.class_1255.method_18857(class_1255.java:145) ~[client-intermediary.jar:?]
	at knot/net.minecraft.class_310.method_18857(class_310.java:32678) ~[client-intermediary.jar:?]
	at knot/net.minecraft.class_525.method_31130(class_525.java:329) ~[client-intermediary.jar:?]
	at knot/net.minecraft.class_526.method_19944(class_526.java:54) ~[client-intermediary.jar:?]
	at knot/net.minecraft.class_4185.method_25306(class_4185.java:96) ~[client-intermediary.jar:?]
	at knot/net.minecraft.class_4264.method_25348(class_4264.java:48) ~[client-intermediary.jar:?]
	at knot/net.minecraft.class_339.method_25402(class_339.java:141) ~[client-intermediary.jar:?]
	at knot/net.minecraft.class_4069.method_25402(class_4069.java:38) ~[client-intermediary.jar:?]
	at knot/net.minecraft.class_312.method_1611(class_312.java:107) ~[client-intermediary.jar:?]
	at knot/net.minecraft.class_437.method_25412(class_437.java:431) ~[client-intermediary.jar:?]
	at knot/net.minecraft.class_312.method_1601(class_312.java:107) ~[client-intermediary.jar:?]
	at knot/net.minecraft.class_312.method_22686(class_312.java:196) ~[client-intermediary.jar:?]
	at knot/net.minecraft.class_1255.execute(class_1255.java:108) ~[client-intermediary.jar:?]
	at knot/net.minecraft.class_312.method_22684(class_312.java:196) ~[client-intermediary.jar:?]
	at knot/org.lwjgl.glfw.GLFWMouseButtonCallbackI.callback(GLFWMouseButtonCallbackI.java:43) [lwjgl-glfw-3.3.3.jar:?]
	at knot/org.lwjgl.system.JNI.invokeV(Native Method) ~[lwjgl-3.3.3.jar:?]
	at knot/org.lwjgl.glfw.GLFW.glfwWaitEventsTimeout(GLFW.java:3509) [lwjgl-glfw-3.3.3.jar:?]
	at knot/com.mojang.blaze3d.systems.RenderSystem.limitDisplayFPS(RenderSystem.java:184) [client-intermediary.jar:?]
	at knot/net.minecraft.class_310.method_1523(class_310.java:1310) [client-intermediary.jar:?]
	at knot/net.minecraft.class_310.method_1514(class_310.java:882) [client-intermediary.jar:?]
	at knot/net.minecraft.client.main.Main.main(Main.java:256) [client-intermediary.jar:?]
	at net.fabricmc.loader.impl.game.minecraft.MinecraftGameProvider.launch(MinecraftGameProvider.java:514) [fabric-loader-0.18.1.jar:?]
	at net.fabricmc.loader.impl.launch.knot.Knot.launch(Knot.java:72) [fabric-loader-0.18.1.jar:?]
	at net.fabricmc.loader.impl.launch.knot.KnotClient.main(KnotClient.java:23) [fabric-loader-0.18.1.jar:?]
[22:11:29] [Render thread/ERROR]: Parsing error loading recipe suppsquared:gold_candle_holder_amber
com.google.gson.JsonParseException: Unknown registry key in ResourceKey[minecraft:root / minecraft:item]: suppsquared:gold_candle_holder_amber
	at knot/com.mojang.serialization.DataResult$Error.mde968eb$owo$lambda$addStackTraceToException$0$0(DataResult.java:565) ~[datafixerupper-8.0.16.jar:?]
	at knot/com.mojang.serialization.DataResult$Error.getOrThrow(DataResult.java:287) ~[datafixerupper-8.0.16.jar:?]
	at knot/net.minecraft.class_1863.method_20705(class_1863.java:62) ~[client-intermediary.jar:?]
	at knot/net.minecraft.class_1863.method_18788(class_1863.java:35) ~[client-intermediary.jar:?]
	at knot/net.minecraft.class_4080.method_18790(class_4080.java:13) ~[client-intermediary.jar:?]
	at java.base/java.util.concurrent.CompletableFuture$UniAccept.tryFire(Unknown Source) ~[?:?]
	at java.base/java.util.concurrent.CompletableFuture$Completion.run(Unknown Source) ~[?:?]
	at knot/net.minecraft.class_4014.method_18365(class_4014.java:69) ~[client-intermediary.jar:?]
	at knot/net.minecraft.class_1255.method_18859(class_1255.java:162) ~[client-intermediary.jar:?]
	at knot/net.minecraft.class_4093.method_18859(class_4093.java:23) ~[client-intermediary.jar:?]
	at knot/net.minecraft.class_1255.method_16075(class_1255.java:136) ~[client-intermediary.jar:?]
	at knot/net.minecraft.class_1255.method_18857(class_1255.java:145) ~[client-intermediary.jar:?]
	at knot/net.minecraft.class_310.method_18857(class_310.java:32678) ~[client-intermediary.jar:?]
	at knot/net.minecraft.class_525.method_31130(class_525.java:329) ~[client-intermediary.jar:?]
	at knot/net.minecraft.class_526.method_19944(class_526.java:54) ~[client-intermediary.jar:?]
	at knot/net.minecraft.class_4185.method_25306(class_4185.java:96) ~[client-intermediary.jar:?]
	at knot/net.minecraft.class_4264.method_25348(class_4264.java:48) ~[client-intermediary.jar:?]
	at knot/net.minecraft.class_339.method_25402(class_339.java:141) ~[client-intermediary.jar:?]
	at knot/net.minecraft.class_4069.method_25402(class_4069.java:38) ~[client-intermediary.jar:?]
	at knot/net.minecraft.class_312.method_1611(class_312.java:107) ~[client-intermediary.jar:?]
	at knot/net.minecraft.class_437.method_25412(class_437.java:431) ~[client-intermediary.jar:?]
	at knot/net.minecraft.class_312.method_1601(class_312.java:107) ~[client-intermediary.jar:?]
	at knot/net.minecraft.class_312.method_22686(class_312.java:196) ~[client-intermediary.jar:?]
	at knot/net.minecraft.class_1255.execute(class_1255.java:108) ~[client-intermediary.jar:?]
	at knot/net.minecraft.class_312.method_22684(class_312.java:196) ~[client-intermediary.jar:?]
	at knot/org.lwjgl.glfw.GLFWMouseButtonCallbackI.callback(GLFWMouseButtonCallbackI.java:43) [lwjgl-glfw-3.3.3.jar:?]
	at knot/org.lwjgl.system.JNI.invokeV(Native Method) ~[lwjgl-3.3.3.jar:?]
	at knot/org.lwjgl.glfw.GLFW.glfwWaitEventsTimeout(GLFW.java:3509) [lwjgl-glfw-3.3.3.jar:?]
	at knot/com.mojang.blaze3d.systems.RenderSystem.limitDisplayFPS(RenderSystem.java:184) [client-intermediary.jar:?]
	at knot/net.minecraft.class_310.method_1523(class_310.java:1310) [client-intermediary.jar:?]
	at knot/net.minecraft.class_310.method_1514(class_310.java:882) [client-intermediary.jar:?]
	at knot/net.minecraft.client.main.Main.main(Main.java:256) [client-intermediary.jar:?]
	at net.fabricmc.loader.impl.game.minecraft.MinecraftGameProvider.launch(MinecraftGameProvider.java:514) [fabric-loader-0.18.1.jar:?]
	at net.fabricmc.loader.impl.launch.knot.Knot.launch(Knot.java:72) [fabric-loader-0.18.1.jar:?]
	at net.fabricmc.loader.impl.launch.knot.KnotClient.main(KnotClient.java:23) [fabric-loader-0.18.1.jar:?]
[22:11:29] [Render thread/ERROR]: Parsing error loading recipe create:sequenced_assembly/hires_black_and_white_film_developing
com.google.gson.JsonParseException: Unknown registry key in ResourceKey[minecraft:root / minecraft:recipe_serializer]: create:sequenced_assembly
	at knot/com.mojang.serialization.DataResult$Error.mde968eb$owo$lambda$addStackTraceToException$0$0(DataResult.java:565) ~[datafixerupper-8.0.16.jar:?]
	at knot/com.mojang.serialization.DataResult$Error.getOrThrow(DataResult.java:287) ~[datafixerupper-8.0.16.jar:?]
	at knot/net.minecraft.class_1863.method_20705(class_1863.java:62) ~[client-intermediary.jar:?]
	at knot/net.minecraft.class_1863.method_18788(class_1863.java:35) ~[client-intermediary.jar:?]
	at knot/net.minecraft.class_4080.method_18790(class_4080.java:13) ~[client-intermediary.jar:?]
	at java.base/java.util.concurrent.CompletableFuture$UniAccept.tryFire(Unknown Source) ~[?:?]
	at java.base/java.util.concurrent.CompletableFuture$Completion.run(Unknown Source) ~[?:?]
	at knot/net.minecraft.class_4014.method_18365(class_4014.java:69) ~[client-intermediary.jar:?]
	at knot/net.minecraft.class_1255.method_18859(class_1255.java:162) ~[client-intermediary.jar:?]
	at knot/net.minecraft.class_4093.method_18859(class_4093.java:23) ~[client-intermediary.jar:?]
	at knot/net.minecraft.class_1255.method_16075(class_1255.java:136) ~[client-intermediary.jar:?]
	at knot/net.minecraft.class_1255.method_18857(class_1255.java:145) ~[client-intermediary.jar:?]
	at knot/net.minecraft.class_310.method_18857(class_310.java:32678) ~[client-intermediary.jar:?]
	at knot/net.minecraft.class_525.method_31130(class_525.java:329) ~[client-intermediary.jar:?]
	at knot/net.minecraft.class_526.method_19944(class_526.java:54) ~[client-intermediary.jar:?]
	at knot/net.minecraft.class_4185.method_25306(class_4185.java:96) ~[client-intermediary.jar:?]
	at knot/net.minecraft.class_4264.method_25348(class_4264.java:48) ~[client-intermediary.jar:?]
	at knot/net.minecraft.class_339.method_25402(class_339.java:141) ~[client-intermediary.jar:?]
	at knot/net.minecraft.class_4069.method_25402(class_4069.java:38) ~[client-intermediary.jar:?]
	at knot/net.minecraft.class_312.method_1611(class_312.java:107) ~[client-intermediary.jar:?]
	at knot/net.minecraft.class_437.method_25412(class_437.java:431) ~[client-intermediary.jar:?]
	at knot/net.minecraft.class_312.method_1601(class_312.java:107) ~[client-intermediary.jar:?]
	at knot/net.minecraft.class_312.method_22686(class_312.java:196) ~[client-intermediary.jar:?]
	at knot/net.minecraft.class_1255.execute(class_1255.java:108) ~[client-intermediary.jar:?]
	at knot/net.minecraft.class_312.method_22684(class_312.java:196) ~[client-intermediary.jar:?]
	at knot/org.lwjgl.glfw.GLFWMouseButtonCallbackI.callback(GLFWMouseButtonCallbackI.java:43) [lwjgl-glfw-3.3.3.jar:?]
	at knot/org.lwjgl.system.JNI.invokeV(Native Method) ~[lwjgl-3.3.3.jar:?]
	at knot/org.lwjgl.glfw.GLFW.glfwWaitEventsTimeout(GLFW.java:3509) [lwjgl-glfw-3.3.3.jar:?]
	at knot/com.mojang.blaze3d.systems.RenderSystem.limitDisplayFPS(RenderSystem.java:184) [client-intermediary.jar:?]
	at knot/net.minecraft.class_310.method_1523(class_310.java:1310) [client-intermediary.jar:?]
	at knot/net.minecraft.class_310.method_1514(class_310.java:882) [client-intermediary.jar:?]
	at knot/net.minecraft.client.main.Main.main(Main.java:256) [client-intermediary.jar:?]
	at net.fabricmc.loader.impl.game.minecraft.MinecraftGameProvider.launch(MinecraftGameProvider.java:514) [fabric-loader-0.18.1.jar:?]
	at net.fabricmc.loader.impl.launch.knot.Knot.launch(Knot.java:72) [fabric-loader-0.18.1.jar:?]
	at net.fabricmc.loader.impl.launch.knot.KnotClient.main(KnotClient.java:23) [fabric-loader-0.18.1.jar:?]
[22:11:29] [Render thread/ERROR]: Parsing error loading recipe suppsquared:gold_candle_holder_tan
com.google.gson.JsonParseException: Unknown registry key in ResourceKey[minecraft:root / minecraft:item]: suppsquared:gold_candle_holder_tan
	at knot/com.mojang.serialization.DataResult$Error.mde968eb$owo$lambda$addStackTraceToException$0$0(DataResult.java:565) ~[datafixerupper-8.0.16.jar:?]
	at knot/com.mojang.serialization.DataResult$Error.getOrThrow(DataResult.java:287) ~[datafixerupper-8.0.16.jar:?]
	at knot/net.minecraft.class_1863.method_20705(class_1863.java:62) ~[client-intermediary.jar:?]
	at knot/net.minecraft.class_1863.method_18788(class_1863.java:35) ~[client-intermediary.jar:?]
	at knot/net.minecraft.class_4080.method_18790(class_4080.java:13) ~[client-intermediary.jar:?]
	at java.base/java.util.concurrent.CompletableFuture$UniAccept.tryFire(Unknown Source) ~[?:?]
	at java.base/java.util.concurrent.CompletableFuture$Completion.run(Unknown Source) ~[?:?]
	at knot/net.minecraft.class_4014.method_18365(class_4014.java:69) ~[client-intermediary.jar:?]
	at knot/net.minecraft.class_1255.method_18859(class_1255.java:162) ~[client-intermediary.jar:?]
	at knot/net.minecraft.class_4093.method_18859(class_4093.java:23) ~[client-intermediary.jar:?]
	at knot/net.minecraft.class_1255.method_16075(class_1255.java:136) ~[client-intermediary.jar:?]
	at knot/net.minecraft.class_1255.method_18857(class_1255.java:145) ~[client-intermediary.jar:?]
	at knot/net.minecraft.class_310.method_18857(class_310.java:32678) ~[client-intermediary.jar:?]
	at knot/net.minecraft.class_525.method_31130(class_525.java:329) ~[client-intermediary.jar:?]
	at knot/net.minecraft.class_526.method_19944(class_526.java:54) ~[client-intermediary.jar:?]
	at knot/net.minecraft.class_4185.method_25306(class_4185.java:96) ~[client-intermediary.jar:?]
	at knot/net.minecraft.class_4264.method_25348(class_4264.java:48) ~[client-intermediary.jar:?]
	at knot/net.minecraft.class_339.method_25402(class_339.java:141) ~[client-intermediary.jar:?]
	at knot/net.minecraft.class_4069.method_25402(class_4069.java:38) ~[client-intermediary.jar:?]
	at knot/net.minecraft.class_312.method_1611(class_312.java:107) ~[client-intermediary.jar:?]
	at knot/net.minecraft.class_437.method_25412(class_437.java:431) ~[client-intermediary.jar:?]
	at knot/net.minecraft.class_312.method_1601(class_312.java:107) ~[client-intermediary.jar:?]
	at knot/net.minecraft.class_312.method_22686(class_312.java:196) ~[client-intermediary.jar:?]
	at knot/net.minecraft.class_1255.execute(class_1255.java:108) ~[client-intermediary.jar:?]
	at knot/net.minecraft.class_312.method_22684(class_312.java:196) ~[client-intermediary.jar:?]
	at knot/org.lwjgl.glfw.GLFWMouseButtonCallbackI.callback(GLFWMouseButtonCallbackI.java:43) [lwjgl-glfw-3.3.3.jar:?]
	at knot/org.lwjgl.system.JNI.invokeV(Native Method) ~[lwjgl-3.3.3.jar:?]
	at knot/org.lwjgl.glfw.GLFW.glfwWaitEventsTimeout(GLFW.java:3509) [lwjgl-glfw-3.3.3.jar:?]
	at knot/com.mojang.blaze3d.systems.RenderSystem.limitDisplayFPS(RenderSystem.java:184) [client-intermediary.jar:?]
	at knot/net.minecraft.class_310.method_1523(class_310.java:1310) [client-intermediary.jar:?]
	at knot/net.minecraft.class_310.method_1514(class_310.java:882) [client-intermediary.jar:?]
	at knot/net.minecraft.client.main.Main.main(Main.java:256) [client-intermediary.jar:?]
	at net.fabricmc.loader.impl.game.minecraft.MinecraftGameProvider.launch(MinecraftGameProvider.java:514) [fabric-loader-0.18.1.jar:?]
	at net.fabricmc.loader.impl.launch.knot.Knot.launch(Knot.java:72) [fabric-loader-0.18.1.jar:?]
	at net.fabricmc.loader.impl.launch.knot.KnotClient.main(KnotClient.java:23) [fabric-loader-0.18.1.jar:?]
[22:11:29] [Render thread/ERROR]: Parsing error loading recipe suppsquared:gold_candle_holder_indigo
com.google.gson.JsonParseException: Unknown registry key in ResourceKey[minecraft:root / minecraft:item]: suppsquared:gold_candle_holder_indigo
	at knot/com.mojang.serialization.DataResult$Error.mde968eb$owo$lambda$addStackTraceToException$0$0(DataResult.java:565) ~[datafixerupper-8.0.16.jar:?]
	at knot/com.mojang.serialization.DataResult$Error.getOrThrow(DataResult.java:287) ~[datafixerupper-8.0.16.jar:?]
	at knot/net.minecraft.class_1863.method_20705(class_1863.java:62) ~[client-intermediary.jar:?]
	at knot/net.minecraft.class_1863.method_18788(class_1863.java:35) ~[client-intermediary.jar:?]
	at knot/net.minecraft.class_4080.method_18790(class_4080.java:13) ~[client-intermediary.jar:?]
	at java.base/java.util.concurrent.CompletableFuture$UniAccept.tryFire(Unknown Source) ~[?:?]
	at java.base/java.util.concurrent.CompletableFuture$Completion.run(Unknown Source) ~[?:?]
	at knot/net.minecraft.class_4014.method_18365(class_4014.java:69) ~[client-intermediary.jar:?]
	at knot/net.minecraft.class_1255.method_18859(class_1255.java:162) ~[client-intermediary.jar:?]
	at knot/net.minecraft.class_4093.method_18859(class_4093.java:23) ~[client-intermediary.jar:?]
	at knot/net.minecraft.class_1255.method_16075(class_1255.java:136) ~[client-intermediary.jar:?]
	at knot/net.minecraft.class_1255.method_18857(class_1255.java:145) ~[client-intermediary.jar:?]
	at knot/net.minecraft.class_310.method_18857(class_310.java:32678) ~[client-intermediary.jar:?]
	at knot/net.minecraft.class_525.method_31130(class_525.java:329) ~[client-intermediary.jar:?]
	at knot/net.minecraft.class_526.method_19944(class_526.java:54) ~[client-intermediary.jar:?]
	at knot/net.minecraft.class_4185.method_25306(class_4185.java:96) ~[client-intermediary.jar:?]
	at knot/net.minecraft.class_4264.method_25348(class_4264.java:48) ~[client-intermediary.jar:?]
	at knot/net.minecraft.class_339.method_25402(class_339.java:141) ~[client-intermediary.jar:?]
	at knot/net.minecraft.class_4069.method_25402(class_4069.java:38) ~[client-intermediary.jar:?]
	at knot/net.minecraft.class_312.method_1611(class_312.java:107) ~[client-intermediary.jar:?]
	at knot/net.minecraft.class_437.method_25412(class_437.java:431) ~[client-intermediary.jar:?]
	at knot/net.minecraft.class_312.method_1601(class_312.java:107) ~[client-intermediary.jar:?]
	at knot/net.minecraft.class_312.method_22686(class_312.java:196) ~[client-intermediary.jar:?]
	at knot/net.minecraft.class_1255.execute(class_1255.java:108) ~[client-intermediary.jar:?]
	at knot/net.minecraft.class_312.method_22684(class_312.java:196) ~[client-intermediary.jar:?]
	at knot/org.lwjgl.glfw.GLFWMouseButtonCallbackI.callback(GLFWMouseButtonCallbackI.java:43) [lwjgl-glfw-3.3.3.jar:?]
	at knot/org.lwjgl.system.JNI.invokeV(Native Method) ~[lwjgl-3.3.3.jar:?]
	at knot/org.lwjgl.glfw.GLFW.glfwWaitEventsTimeout(GLFW.java:3509) [lwjgl-glfw-3.3.3.jar:?]
	at knot/com.mojang.blaze3d.systems.RenderSystem.limitDisplayFPS(RenderSystem.java:184) [client-intermediary.jar:?]
	at knot/net.minecraft.class_310.method_1523(class_310.java:1310) [client-intermediary.jar:?]
	at knot/net.minecraft.class_310.method_1514(class_310.java:882) [client-intermediary.jar:?]
	at knot/net.minecraft.client.main.Main.main(Main.java:256) [client-intermediary.jar:?]
	at net.fabricmc.loader.impl.game.minecraft.MinecraftGameProvider.launch(MinecraftGameProvider.java:514) [fabric-loader-0.18.1.jar:?]
	at net.fabricmc.loader.impl.launch.knot.Knot.launch(Knot.java:72) [fabric-loader-0.18.1.jar:?]
	at net.fabricmc.loader.impl.launch.knot.KnotClient.main(KnotClient.java:23) [fabric-loader-0.18.1.jar:?]
[22:11:29] [Render thread/ERROR]: Parsing error loading recipe supplementaries:candle_holder_rose
com.google.gson.JsonParseException: Unknown registry key in ResourceKey[minecraft:root / minecraft:item]: supplementaries:candle_holder_rose
	at knot/com.mojang.serialization.DataResult$Error.mde968eb$owo$lambda$addStackTraceToException$0$0(DataResult.java:565) ~[datafixerupper-8.0.16.jar:?]
	at knot/com.mojang.serialization.DataResult$Error.getOrThrow(DataResult.java:287) ~[datafixerupper-8.0.16.jar:?]
	at knot/net.minecraft.class_1863.method_20705(class_1863.java:62) ~[client-intermediary.jar:?]
	at knot/net.minecraft.class_1863.method_18788(class_1863.java:35) ~[client-intermediary.jar:?]
	at knot/net.minecraft.class_4080.method_18790(class_4080.java:13) ~[client-intermediary.jar:?]
	at java.base/java.util.concurrent.CompletableFuture$UniAccept.tryFire(Unknown Source) ~[?:?]
	at java.base/java.util.concurrent.CompletableFuture$Completion.run(Unknown Source) ~[?:?]
	at knot/net.minecraft.class_4014.method_18365(class_4014.java:69) ~[client-intermediary.jar:?]
	at knot/net.minecraft.class_1255.method_18859(class_1255.java:162) ~[client-intermediary.jar:?]
	at knot/net.minecraft.class_4093.method_18859(class_4093.java:23) ~[client-intermediary.jar:?]
	at knot/net.minecraft.class_1255.method_16075(class_1255.java:136) ~[client-intermediary.jar:?]
	at knot/net.minecraft.class_1255.method_18857(class_1255.java:145) ~[client-intermediary.jar:?]
	at knot/net.minecraft.class_310.method_18857(class_310.java:32678) ~[client-intermediary.jar:?]
	at knot/net.minecraft.class_525.method_31130(class_525.java:329) ~[client-intermediary.jar:?]
	at knot/net.minecraft.class_526.method_19944(class_526.java:54) ~[client-intermediary.jar:?]
	at knot/net.minecraft.class_4185.method_25306(class_4185.java:96) ~[client-intermediary.jar:?]
	at knot/net.minecraft.class_4264.method_25348(class_4264.java:48) ~[client-intermediary.jar:?]
	at knot/net.minecraft.class_339.method_25402(class_339.java:141) ~[client-intermediary.jar:?]
	at knot/net.minecraft.class_4069.method_25402(class_4069.java:38) ~[client-intermediary.jar:?]
	at knot/net.minecraft.class_312.method_1611(class_312.java:107) ~[client-intermediary.jar:?]
	at knot/net.minecraft.class_437.method_25412(class_437.java:431) ~[client-intermediary.jar:?]
	at knot/net.minecraft.class_312.method_1601(class_312.java:107) ~[client-intermediary.jar:?]
	at knot/net.minecraft.class_312.method_22686(class_312.java:196) ~[client-intermediary.jar:?]
	at knot/net.minecraft.class_1255.execute(class_1255.java:108) ~[client-intermediary.jar:?]
	at knot/net.minecraft.class_312.method_22684(class_312.java:196) ~[client-intermediary.jar:?]
	at knot/org.lwjgl.glfw.GLFWMouseButtonCallbackI.callback(GLFWMouseButtonCallbackI.java:43) [lwjgl-glfw-3.3.3.jar:?]
	at knot/org.lwjgl.system.JNI.invokeV(Native Method) ~[lwjgl-3.3.3.jar:?]
	at knot/org.lwjgl.glfw.GLFW.glfwWaitEventsTimeout(GLFW.java:3509) [lwjgl-glfw-3.3.3.jar:?]
	at knot/com.mojang.blaze3d.systems.RenderSystem.limitDisplayFPS(RenderSystem.java:184) [client-intermediary.jar:?]
	at knot/net.minecraft.class_310.method_1523(class_310.java:1310) [client-intermediary.jar:?]
	at knot/net.minecraft.class_310.method_1514(class_310.java:882) [client-intermediary.jar:?]
	at knot/net.minecraft.client.main.Main.main(Main.java:256) [client-intermediary.jar:?]
	at net.fabricmc.loader.impl.game.minecraft.MinecraftGameProvider.launch(MinecraftGameProvider.java:514) [fabric-loader-0.18.1.jar:?]
	at net.fabricmc.loader.impl.launch.knot.Knot.launch(Knot.java:72) [fabric-loader-0.18.1.jar:?]
	at net.fabricmc.loader.impl.launch.knot.KnotClient.main(KnotClient.java:23) [fabric-loader-0.18.1.jar:?]
[22:11:29] [Render thread/ERROR]: Parsing error loading recipe suppsquared:gold_candle_holder_navy
com.google.gson.JsonParseException: Unknown registry key in ResourceKey[minecraft:root / minecraft:item]: suppsquared:gold_candle_holder_navy
	at knot/com.mojang.serialization.DataResult$Error.mde968eb$owo$lambda$addStackTraceToException$0$0(DataResult.java:565) ~[datafixerupper-8.0.16.jar:?]
	at knot/com.mojang.serialization.DataResult$Error.getOrThrow(DataResult.java:287) ~[datafixerupper-8.0.16.jar:?]
	at knot/net.minecraft.class_1863.method_20705(class_1863.java:62) ~[client-intermediary.jar:?]
	at knot/net.minecraft.class_1863.method_18788(class_1863.java:35) ~[client-intermediary.jar:?]
	at knot/net.minecraft.class_4080.method_18790(class_4080.java:13) ~[client-intermediary.jar:?]
	at java.base/java.util.concurrent.CompletableFuture$UniAccept.tryFire(Unknown Source) ~[?:?]
	at java.base/java.util.concurrent.CompletableFuture$Completion.run(Unknown Source) ~[?:?]
	at knot/net.minecraft.class_4014.method_18365(class_4014.java:69) ~[client-intermediary.jar:?]
	at knot/net.minecraft.class_1255.method_18859(class_1255.java:162) ~[client-intermediary.jar:?]
	at knot/net.minecraft.class_4093.method_18859(class_4093.java:23) ~[client-intermediary.jar:?]
	at knot/net.minecraft.class_1255.method_16075(class_1255.java:136) ~[client-intermediary.jar:?]
	at knot/net.minecraft.class_1255.method_18857(class_1255.java:145) ~[client-intermediary.jar:?]
	at knot/net.minecraft.class_310.method_18857(class_310.java:32678) ~[client-intermediary.jar:?]
	at knot/net.minecraft.class_525.method_31130(class_525.java:329) ~[client-intermediary.jar:?]
	at knot/net.minecraft.class_526.method_19944(class_526.java:54) ~[client-intermediary.jar:?]
	at knot/net.minecraft.class_4185.method_25306(class_4185.java:96) ~[client-intermediary.jar:?]
	at knot/net.minecraft.class_4264.method_25348(class_4264.java:48) ~[client-intermediary.jar:?]
	at knot/net.minecraft.class_339.method_25402(class_339.java:141) ~[client-intermediary.jar:?]
	at knot/net.minecraft.class_4069.method_25402(class_4069.java:38) ~[client-intermediary.jar:?]
	at knot/net.minecraft.class_312.method_1611(class_312.java:107) ~[client-intermediary.jar:?]
	at knot/net.minecraft.class_437.method_25412(class_437.java:431) ~[client-intermediary.jar:?]
	at knot/net.minecraft.class_312.method_1601(class_312.java:107) ~[client-intermediary.jar:?]
	at knot/net.minecraft.class_312.method_22686(class_312.java:196) ~[client-intermediary.jar:?]
	at knot/net.minecraft.class_1255.execute(class_1255.java:108) ~[client-intermediary.jar:?]
	at knot/net.minecraft.class_312.method_22684(class_312.java:196) ~[client-intermediary.jar:?]
	at knot/org.lwjgl.glfw.GLFWMouseButtonCallbackI.callback(GLFWMouseButtonCallbackI.java:43) [lwjgl-glfw-3.3.3.jar:?]
	at knot/org.lwjgl.system.JNI.invokeV(Native Method) ~[lwjgl-3.3.3.jar:?]
	at knot/org.lwjgl.glfw.GLFW.glfwWaitEventsTimeout(GLFW.java:3509) [lwjgl-glfw-3.3.3.jar:?]
	at knot/com.mojang.blaze3d.systems.RenderSystem.limitDisplayFPS(RenderSystem.java:184) [client-intermediary.jar:?]
	at knot/net.minecraft.class_310.method_1523(class_310.java:1310) [client-intermediary.jar:?]
	at knot/net.minecraft.class_310.method_1514(class_310.java:882) [client-intermediary.jar:?]
	at knot/net.minecraft.client.main.Main.main(Main.java:256) [client-intermediary.jar:?]
	at net.fabricmc.loader.impl.game.minecraft.MinecraftGameProvider.launch(MinecraftGameProvider.java:514) [fabric-loader-0.18.1.jar:?]
	at net.fabricmc.loader.impl.launch.knot.Knot.launch(Knot.java:72) [fabric-loader-0.18.1.jar:?]
	at net.fabricmc.loader.impl.launch.knot.KnotClient.main(KnotClient.java:23) [fabric-loader-0.18.1.jar:?]
[22:11:29] [Render thread/ERROR]: Parsing error loading recipe create:sequenced_assembly/hicap_black_and_white_film_developing
com.google.gson.JsonParseException: Unknown registry key in ResourceKey[minecraft:root / minecraft:recipe_serializer]: create:sequenced_assembly
	at knot/com.mojang.serialization.DataResult$Error.mde968eb$owo$lambda$addStackTraceToException$0$0(DataResult.java:565) ~[datafixerupper-8.0.16.jar:?]
	at knot/com.mojang.serialization.DataResult$Error.getOrThrow(DataResult.java:287) ~[datafixerupper-8.0.16.jar:?]
	at knot/net.minecraft.class_1863.method_20705(class_1863.java:62) ~[client-intermediary.jar:?]
	at knot/net.minecraft.class_1863.method_18788(class_1863.java:35) ~[client-intermediary.jar:?]
	at knot/net.minecraft.class_4080.method_18790(class_4080.java:13) ~[client-intermediary.jar:?]
	at java.base/java.util.concurrent.CompletableFuture$UniAccept.tryFire(Unknown Source) ~[?:?]
	at java.base/java.util.concurrent.CompletableFuture$Completion.run(Unknown Source) ~[?:?]
	at knot/net.minecraft.class_4014.method_18365(class_4014.java:69) ~[client-intermediary.jar:?]
	at knot/net.minecraft.class_1255.method_18859(class_1255.java:162) ~[client-intermediary.jar:?]
	at knot/net.minecraft.class_4093.method_18859(class_4093.java:23) ~[client-intermediary.jar:?]
	at knot/net.minecraft.class_1255.method_16075(class_1255.java:136) ~[client-intermediary.jar:?]
	at knot/net.minecraft.class_1255.method_18857(class_1255.java:145) ~[client-intermediary.jar:?]
	at knot/net.minecraft.class_310.method_18857(class_310.java:32678) ~[client-intermediary.jar:?]
	at knot/net.minecraft.class_525.method_31130(class_525.java:329) ~[client-intermediary.jar:?]
	at knot/net.minecraft.class_526.method_19944(class_526.java:54) ~[client-intermediary.jar:?]
	at knot/net.minecraft.class_4185.method_25306(class_4185.java:96) ~[client-intermediary.jar:?]
	at knot/net.minecraft.class_4264.method_25348(class_4264.java:48) ~[client-intermediary.jar:?]
	at knot/net.minecraft.class_339.method_25402(class_339.java:141) ~[client-intermediary.jar:?]
	at knot/net.minecraft.class_4069.method_25402(class_4069.java:38) ~[client-intermediary.jar:?]
	at knot/net.minecraft.class_312.method_1611(class_312.java:107) ~[client-intermediary.jar:?]
	at knot/net.minecraft.class_437.method_25412(class_437.java:431) ~[client-intermediary.jar:?]
	at knot/net.minecraft.class_312.method_1601(class_312.java:107) ~[client-intermediary.jar:?]
	at knot/net.minecraft.class_312.method_22686(class_312.java:196) ~[client-intermediary.jar:?]
	at knot/net.minecraft.class_1255.execute(class_1255.java:108) ~[client-intermediary.jar:?]
	at knot/net.minecraft.class_312.method_22684(class_312.java:196) ~[client-intermediary.jar:?]
	at knot/org.lwjgl.glfw.GLFWMouseButtonCallbackI.callback(GLFWMouseButtonCallbackI.java:43) [lwjgl-glfw-3.3.3.jar:?]
	at knot/org.lwjgl.system.JNI.invokeV(Native Method) ~[lwjgl-3.3.3.jar:?]
	at knot/org.lwjgl.glfw.GLFW.glfwWaitEventsTimeout(GLFW.java:3509) [lwjgl-glfw-3.3.3.jar:?]
	at knot/com.mojang.blaze3d.systems.RenderSystem.limitDisplayFPS(RenderSystem.java:184) [client-intermediary.jar:?]
	at knot/net.minecraft.class_310.method_1523(class_310.java:1310) [client-intermediary.jar:?]
	at knot/net.minecraft.class_310.method_1514(class_310.java:882) [client-intermediary.jar:?]
	at knot/net.minecraft.client.main.Main.main(Main.java:256) [client-intermediary.jar:?]
	at net.fabricmc.loader.impl.game.minecraft.MinecraftGameProvider.launch(MinecraftGameProvider.java:514) [fabric-loader-0.18.1.jar:?]
	at net.fabricmc.loader.impl.launch.knot.Knot.launch(Knot.java:72) [fabric-loader-0.18.1.jar:?]
	at net.fabricmc.loader.impl.launch.knot.KnotClient.main(KnotClient.java:23) [fabric-loader-0.18.1.jar:?]
[22:11:29] [Render thread/ERROR]: Parsing error loading recipe supplementaries:candle_holder_teal
com.google.gson.JsonParseException: Unknown registry key in ResourceKey[minecraft:root / minecraft:item]: supplementaries:candle_holder_teal
	at knot/com.mojang.serialization.DataResult$Error.mde968eb$owo$lambda$addStackTraceToException$0$0(DataResult.java:565) ~[datafixerupper-8.0.16.jar:?]
	at knot/com.mojang.serialization.DataResult$Error.getOrThrow(DataResult.java:287) ~[datafixerupper-8.0.16.jar:?]
	at knot/net.minecraft.class_1863.method_20705(class_1863.java:62) ~[client-intermediary.jar:?]
	at knot/net.minecraft.class_1863.method_18788(class_1863.java:35) ~[client-intermediary.jar:?]
	at knot/net.minecraft.class_4080.method_18790(class_4080.java:13) ~[client-intermediary.jar:?]
	at java.base/java.util.concurrent.CompletableFuture$UniAccept.tryFire(Unknown Source) ~[?:?]
	at java.base/java.util.concurrent.CompletableFuture$Completion.run(Unknown Source) ~[?:?]
	at knot/net.minecraft.class_4014.method_18365(class_4014.java:69) ~[client-intermediary.jar:?]
	at knot/net.minecraft.class_1255.method_18859(class_1255.java:162) ~[client-intermediary.jar:?]
	at knot/net.minecraft.class_4093.method_18859(class_4093.java:23) ~[client-intermediary.jar:?]
	at knot/net.minecraft.class_1255.method_16075(class_1255.java:136) ~[client-intermediary.jar:?]
	at knot/net.minecraft.class_1255.method_18857(class_1255.java:145) ~[client-intermediary.jar:?]
	at knot/net.minecraft.class_310.method_18857(class_310.java:32678) ~[client-intermediary.jar:?]
	at knot/net.minecraft.class_525.method_31130(class_525.java:329) ~[client-intermediary.jar:?]
	at knot/net.minecraft.class_526.method_19944(class_526.java:54) ~[client-intermediary.jar:?]
	at knot/net.minecraft.class_4185.method_25306(class_4185.java:96) ~[client-intermediary.jar:?]
	at knot/net.minecraft.class_4264.method_25348(class_4264.java:48) ~[client-intermediary.jar:?]
	at knot/net.minecraft.class_339.method_25402(class_339.java:141) ~[client-intermediary.jar:?]
	at knot/net.minecraft.class_4069.method_25402(class_4069.java:38) ~[client-intermediary.jar:?]
	at knot/net.minecraft.class_312.method_1611(class_312.java:107) ~[client-intermediary.jar:?]
	at knot/net.minecraft.class_437.method_25412(class_437.java:431) ~[client-intermediary.jar:?]
	at knot/net.minecraft.class_312.method_1601(class_312.java:107) ~[client-intermediary.jar:?]
	at knot/net.minecraft.class_312.method_22686(class_312.java:196) ~[client-intermediary.jar:?]
	at knot/net.minecraft.class_1255.execute(class_1255.java:108) ~[client-intermediary.jar:?]
	at knot/net.minecraft.class_312.method_22684(class_312.java:196) ~[client-intermediary.jar:?]
	at knot/org.lwjgl.glfw.GLFWMouseButtonCallbackI.callback(GLFWMouseButtonCallbackI.java:43) [lwjgl-glfw-3.3.3.jar:?]
	at knot/org.lwjgl.system.JNI.invokeV(Native Method) ~[lwjgl-3.3.3.jar:?]
	at knot/org.lwjgl.glfw.GLFW.glfwWaitEventsTimeout(GLFW.java:3509) [lwjgl-glfw-3.3.3.jar:?]
	at knot/com.mojang.blaze3d.systems.RenderSystem.limitDisplayFPS(RenderSystem.java:184) [client-intermediary.jar:?]
	at knot/net.minecraft.class_310.method_1523(class_310.java:1310) [client-intermediary.jar:?]
	at knot/net.minecraft.class_310.method_1514(class_310.java:882) [client-intermediary.jar:?]
	at knot/net.minecraft.client.main.Main.main(Main.java:256) [client-intermediary.jar:?]
	at net.fabricmc.loader.impl.game.minecraft.MinecraftGameProvider.launch(MinecraftGameProvider.java:514) [fabric-loader-0.18.1.jar:?]
	at net.fabricmc.loader.impl.launch.knot.Knot.launch(Knot.java:72) [fabric-loader-0.18.1.jar:?]
	at net.fabricmc.loader.impl.launch.knot.KnotClient.main(KnotClient.java:23) [fabric-loader-0.18.1.jar:?]
[22:11:29] [Render thread/ERROR]: Parsing error loading recipe create:sequenced_assembly/nes_film_developing
com.google.gson.JsonParseException: Unknown registry key in ResourceKey[minecraft:root / minecraft:recipe_serializer]: create:sequenced_assembly
	at knot/com.mojang.serialization.DataResult$Error.mde968eb$owo$lambda$addStackTraceToException$0$0(DataResult.java:565) ~[datafixerupper-8.0.16.jar:?]
	at knot/com.mojang.serialization.DataResult$Error.getOrThrow(DataResult.java:287) ~[datafixerupper-8.0.16.jar:?]
	at knot/net.minecraft.class_1863.method_20705(class_1863.java:62) ~[client-intermediary.jar:?]
	at knot/net.minecraft.class_1863.method_18788(class_1863.java:35) ~[client-intermediary.jar:?]
	at knot/net.minecraft.class_4080.method_18790(class_4080.java:13) ~[client-intermediary.jar:?]
	at java.base/java.util.concurrent.CompletableFuture$UniAccept.tryFire(Unknown Source) ~[?:?]
	at java.base/java.util.concurrent.CompletableFuture$Completion.run(Unknown Source) ~[?:?]
	at knot/net.minecraft.class_4014.method_18365(class_4014.java:69) ~[client-intermediary.jar:?]
	at knot/net.minecraft.class_1255.method_18859(class_1255.java:162) ~[client-intermediary.jar:?]
	at knot/net.minecraft.class_4093.method_18859(class_4093.java:23) ~[client-intermediary.jar:?]
	at knot/net.minecraft.class_1255.method_16075(class_1255.java:136) ~[client-intermediary.jar:?]
	at knot/net.minecraft.class_1255.method_18857(class_1255.java:145) ~[client-intermediary.jar:?]
	at knot/net.minecraft.class_310.method_18857(class_310.java:32678) ~[client-intermediary.jar:?]
	at knot/net.minecraft.class_525.method_31130(class_525.java:329) ~[client-intermediary.jar:?]
	at knot/net.minecraft.class_526.method_19944(class_526.java:54) ~[client-intermediary.jar:?]
	at knot/net.minecraft.class_4185.method_25306(class_4185.java:96) ~[client-intermediary.jar:?]
	at knot/net.minecraft.class_4264.method_25348(class_4264.java:48) ~[client-intermediary.jar:?]
	at knot/net.minecraft.class_339.method_25402(class_339.java:141) ~[client-intermediary.jar:?]
	at knot/net.minecraft.class_4069.method_25402(class_4069.java:38) ~[client-intermediary.jar:?]
	at knot/net.minecraft.class_312.method_1611(class_312.java:107) ~[client-intermediary.jar:?]
	at knot/net.minecraft.class_437.method_25412(class_437.java:431) ~[client-intermediary.jar:?]
	at knot/net.minecraft.class_312.method_1601(class_312.java:107) ~[client-intermediary.jar:?]
	at knot/net.minecraft.class_312.method_22686(class_312.java:196) ~[client-intermediary.jar:?]
	at knot/net.minecraft.class_1255.execute(class_1255.java:108) ~[client-intermediary.jar:?]
	at knot/net.minecraft.class_312.method_22684(class_312.java:196) ~[client-intermediary.jar:?]
	at knot/org.lwjgl.glfw.GLFWMouseButtonCallbackI.callback(GLFWMouseButtonCallbackI.java:43) [lwjgl-glfw-3.3.3.jar:?]
	at knot/org.lwjgl.system.JNI.invokeV(Native Method) ~[lwjgl-3.3.3.jar:?]
	at knot/org.lwjgl.glfw.GLFW.glfwWaitEventsTimeout(GLFW.java:3509) [lwjgl-glfw-3.3.3.jar:?]
	at knot/com.mojang.blaze3d.systems.RenderSystem.limitDisplayFPS(RenderSystem.java:184) [client-intermediary.jar:?]
	at knot/net.minecraft.class_310.method_1523(class_310.java:1310) [client-intermediary.jar:?]
	at knot/net.minecraft.class_310.method_1514(class_310.java:882) [client-intermediary.jar:?]
	at knot/net.minecraft.client.main.Main.main(Main.java:256) [client-intermediary.jar:?]
	at net.fabricmc.loader.impl.game.minecraft.MinecraftGameProvider.launch(MinecraftGameProvider.java:514) [fabric-loader-0.18.1.jar:?]
	at net.fabricmc.loader.impl.launch.knot.Knot.launch(Knot.java:72) [fabric-loader-0.18.1.jar:?]
	at net.fabricmc.loader.impl.launch.knot.KnotClient.main(KnotClient.java:23) [fabric-loader-0.18.1.jar:?]
[22:11:29] [Render thread/ERROR]: Parsing error loading recipe shutter:wisteria_shutter
com.google.gson.JsonParseException: Map entry '_' : Failed to parse either. First: Input does not contain a key [fabric:type]: MapLike[{"item":"environmental:wisteria_slab"}]; Second: Failed to parse either. First: Not a json array: {"item":"environmental:wisteria_slab"}; Second: No key tag in MapLike[{"item":"environmental:wisteria_slab"}]; Unknown registry key in ResourceKey[minecraft:root / minecraft:item]: environmental:wisteria_slab
	at knot/com.mojang.serialization.DataResult$Error.mde968eb$owo$lambda$addStackTraceToException$0$0(DataResult.java:565) ~[datafixerupper-8.0.16.jar:?]
	at knot/com.mojang.serialization.DataResult$Error.getOrThrow(DataResult.java:287) ~[datafixerupper-8.0.16.jar:?]
	at knot/net.minecraft.class_1863.method_20705(class_1863.java:62) ~[client-intermediary.jar:?]
	at knot/net.minecraft.class_1863.method_18788(class_1863.java:35) ~[client-intermediary.jar:?]
	at knot/net.minecraft.class_4080.method_18790(class_4080.java:13) ~[client-intermediary.jar:?]
	at java.base/java.util.concurrent.CompletableFuture$UniAccept.tryFire(Unknown Source) ~[?:?]
	at java.base/java.util.concurrent.CompletableFuture$Completion.run(Unknown Source) ~[?:?]
	at knot/net.minecraft.class_4014.method_18365(class_4014.java:69) ~[client-intermediary.jar:?]
	at knot/net.minecraft.class_1255.method_18859(class_1255.java:162) ~[client-intermediary.jar:?]
	at knot/net.minecraft.class_4093.method_18859(class_4093.java:23) ~[client-intermediary.jar:?]
	at knot/net.minecraft.class_1255.method_16075(class_1255.java:136) ~[client-intermediary.jar:?]
	at knot/net.minecraft.class_1255.method_18857(class_1255.java:145) ~[client-intermediary.jar:?]
	at knot/net.minecraft.class_310.method_18857(class_310.java:32678) ~[client-intermediary.jar:?]
	at knot/net.minecraft.class_525.method_31130(class_525.java:329) ~[client-intermediary.jar:?]
	at knot/net.minecraft.class_526.method_19944(class_526.java:54) ~[client-intermediary.jar:?]
	at knot/net.minecraft.class_4185.method_25306(class_4185.java:96) ~[client-intermediary.jar:?]
	at knot/net.minecraft.class_4264.method_25348(class_4264.java:48) ~[client-intermediary.jar:?]
	at knot/net.minecraft.class_339.method_25402(class_339.java:141) ~[client-intermediary.jar:?]
	at knot/net.minecraft.class_4069.method_25402(class_4069.java:38) ~[client-intermediary.jar:?]
	at knot/net.minecraft.class_312.method_1611(class_312.java:107) ~[client-intermediary.jar:?]
	at knot/net.minecraft.class_437.method_25412(class_437.java:431) ~[client-intermediary.jar:?]
	at knot/net.minecraft.class_312.method_1601(class_312.java:107) ~[client-intermediary.jar:?]
	at knot/net.minecraft.class_312.method_22686(class_312.java:196) ~[client-intermediary.jar:?]
	at knot/net.minecraft.class_1255.execute(class_1255.java:108) ~[client-intermediary.jar:?]
	at knot/net.minecraft.class_312.method_22684(class_312.java:196) ~[client-intermediary.jar:?]
	at knot/org.lwjgl.glfw.GLFWMouseButtonCallbackI.callback(GLFWMouseButtonCallbackI.java:43) [lwjgl-glfw-3.3.3.jar:?]
	at knot/org.lwjgl.system.JNI.invokeV(Native Method) ~[lwjgl-3.3.3.jar:?]
	at knot/org.lwjgl.glfw.GLFW.glfwWaitEventsTimeout(GLFW.java:3509) [lwjgl-glfw-3.3.3.jar:?]
	at knot/com.mojang.blaze3d.systems.RenderSystem.limitDisplayFPS(RenderSystem.java:184) [client-intermediary.jar:?]
	at knot/net.minecraft.class_310.method_1523(class_310.java:1310) [client-intermediary.jar:?]
	at knot/net.minecraft.class_310.method_1514(class_310.java:882) [client-intermediary.jar:?]
	at knot/net.minecraft.client.main.Main.main(Main.java:256) [client-intermediary.jar:?]
	at net.fabricmc.loader.impl.game.minecraft.MinecraftGameProvider.launch(MinecraftGameProvider.java:514) [fabric-loader-0.18.1.jar:?]
	at net.fabricmc.loader.impl.launch.knot.Knot.launch(Knot.java:72) [fabric-loader-0.18.1.jar:?]
	at net.fabricmc.loader.impl.launch.knot.KnotClient.main(KnotClient.java:23) [fabric-loader-0.18.1.jar:?]
[22:11:29] [Render thread/ERROR]: Parsing error loading recipe supplementaries:flag_coral
com.google.gson.JsonParseException: Unknown registry key in ResourceKey[minecraft:root / minecraft:item]: supplementaries:flag_coral
	at knot/com.mojang.serialization.DataResult$Error.mde968eb$owo$lambda$addStackTraceToException$0$0(DataResult.java:565) ~[datafixerupper-8.0.16.jar:?]
	at knot/com.mojang.serialization.DataResult$Error.getOrThrow(DataResult.java:287) ~[datafixerupper-8.0.16.jar:?]
	at knot/net.minecraft.class_1863.method_20705(class_1863.java:62) ~[client-intermediary.jar:?]
	at knot/net.minecraft.class_1863.method_18788(class_1863.java:35) ~[client-intermediary.jar:?]
	at knot/net.minecraft.class_4080.method_18790(class_4080.java:13) ~[client-intermediary.jar:?]
	at java.base/java.util.concurrent.CompletableFuture$UniAccept.tryFire(Unknown Source) ~[?:?]
	at java.base/java.util.concurrent.CompletableFuture$Completion.run(Unknown Source) ~[?:?]
	at knot/net.minecraft.class_4014.method_18365(class_4014.java:69) ~[client-intermediary.jar:?]
	at knot/net.minecraft.class_1255.method_18859(class_1255.java:162) ~[client-intermediary.jar:?]
	at knot/net.minecraft.class_4093.method_18859(class_4093.java:23) ~[client-intermediary.jar:?]
	at knot/net.minecraft.class_1255.method_16075(class_1255.java:136) ~[client-intermediary.jar:?]
	at knot/net.minecraft.class_1255.method_18857(class_1255.java:145) ~[client-intermediary.jar:?]
	at knot/net.minecraft.class_310.method_18857(class_310.java:32678) ~[client-intermediary.jar:?]
	at knot/net.minecraft.class_525.method_31130(class_525.java:329) ~[client-intermediary.jar:?]
	at knot/net.minecraft.class_526.method_19944(class_526.java:54) ~[client-intermediary.jar:?]
	at knot/net.minecraft.class_4185.method_25306(class_4185.java:96) ~[client-intermediary.jar:?]
	at knot/net.minecraft.class_4264.method_25348(class_4264.java:48) ~[client-intermediary.jar:?]
	at knot/net.minecraft.class_339.method_25402(class_339.java:141) ~[client-intermediary.jar:?]
	at knot/net.minecraft.class_4069.method_25402(class_4069.java:38) ~[client-intermediary.jar:?]
	at knot/net.minecraft.class_312.method_1611(class_312.java:107) ~[client-intermediary.jar:?]
	at knot/net.minecraft.class_437.method_25412(class_437.java:431) ~[client-intermediary.jar:?]
	at knot/net.minecraft.class_312.method_1601(class_312.java:107) ~[client-intermediary.jar:?]
	at knot/net.minecraft.class_312.method_22686(class_312.java:196) ~[client-intermediary.jar:?]
	at knot/net.minecraft.class_1255.execute(class_1255.java:108) ~[client-intermediary.jar:?]
	at knot/net.minecraft.class_312.method_22684(class_312.java:196) ~[client-intermediary.jar:?]
	at knot/org.lwjgl.glfw.GLFWMouseButtonCallbackI.callback(GLFWMouseButtonCallbackI.java:43) [lwjgl-glfw-3.3.3.jar:?]
	at knot/org.lwjgl.system.JNI.invokeV(Native Method) ~[lwjgl-3.3.3.jar:?]
	at knot/org.lwjgl.glfw.GLFW.glfwWaitEventsTimeout(GLFW.java:3509) [lwjgl-glfw-3.3.3.jar:?]
	at knot/com.mojang.blaze3d.systems.RenderSystem.limitDisplayFPS(RenderSystem.java:184) [client-intermediary.jar:?]
	at knot/net.minecraft.class_310.method_1523(class_310.java:1310) [client-intermediary.jar:?]
	at knot/net.minecraft.class_310.method_1514(class_310.java:882) [client-intermediary.jar:?]
	at knot/net.minecraft.client.main.Main.main(Main.java:256) [client-intermediary.jar:?]
	at net.fabricmc.loader.impl.game.minecraft.MinecraftGameProvider.launch(MinecraftGameProvider.java:514) [fabric-loader-0.18.1.jar:?]
	at net.fabricmc.loader.impl.launch.knot.Knot.launch(Knot.java:72) [fabric-loader-0.18.1.jar:?]
	at net.fabricmc.loader.impl.launch.knot.KnotClient.main(KnotClient.java:23) [fabric-loader-0.18.1.jar:?]
[22:11:29] [Render thread/ERROR]: Parsing error loading recipe create:sequenced_assembly/cga_film_developing
com.google.gson.JsonParseException: Unknown registry key in ResourceKey[minecraft:root / minecraft:recipe_serializer]: create:sequenced_assembly
	at knot/com.mojang.serialization.DataResult$Error.mde968eb$owo$lambda$addStackTraceToException$0$0(DataResult.java:565) ~[datafixerupper-8.0.16.jar:?]
	at knot/com.mojang.serialization.DataResult$Error.getOrThrow(DataResult.java:287) ~[datafixerupper-8.0.16.jar:?]
	at knot/net.minecraft.class_1863.method_20705(class_1863.java:62) ~[client-intermediary.jar:?]
	at knot/net.minecraft.class_1863.method_18788(class_1863.java:35) ~[client-intermediary.jar:?]
	at knot/net.minecraft.class_4080.method_18790(class_4080.java:13) ~[client-intermediary.jar:?]
	at java.base/java.util.concurrent.CompletableFuture$UniAccept.tryFire(Unknown Source) ~[?:?]
	at java.base/java.util.concurrent.CompletableFuture$Completion.run(Unknown Source) ~[?:?]
	at knot/net.minecraft.class_4014.method_18365(class_4014.java:69) ~[client-intermediary.jar:?]
	at knot/net.minecraft.class_1255.method_18859(class_1255.java:162) ~[client-intermediary.jar:?]
	at knot/net.minecraft.class_4093.method_18859(class_4093.java:23) ~[client-intermediary.jar:?]
	at knot/net.minecraft.class_1255.method_16075(class_1255.java:136) ~[client-intermediary.jar:?]
	at knot/net.minecraft.class_1255.method_18857(class_1255.java:145) ~[client-intermediary.jar:?]
	at knot/net.minecraft.class_310.method_18857(class_310.java:32678) ~[client-intermediary.jar:?]
	at knot/net.minecraft.class_525.method_31130(class_525.java:329) ~[client-intermediary.jar:?]
	at knot/net.minecraft.class_526.method_19944(class_526.java:54) ~[client-intermediary.jar:?]
	at knot/net.minecraft.class_4185.method_25306(class_4185.java:96) ~[client-intermediary.jar:?]
	at knot/net.minecraft.class_4264.method_25348(class_4264.java:48) ~[client-intermediary.jar:?]
	at knot/net.minecraft.class_339.method_25402(class_339.java:141) ~[client-intermediary.jar:?]
	at knot/net.minecraft.class_4069.method_25402(class_4069.java:38) ~[client-intermediary.jar:?]
	at knot/net.minecraft.class_312.method_1611(class_312.java:107) ~[client-intermediary.jar:?]
	at knot/net.minecraft.class_437.method_25412(class_437.java:431) ~[client-intermediary.jar:?]
	at knot/net.minecraft.class_312.method_1601(class_312.java:107) ~[client-intermediary.jar:?]
	at knot/net.minecraft.class_312.method_22686(class_312.java:196) ~[client-intermediary.jar:?]
	at knot/net.minecraft.class_1255.execute(class_1255.java:108) ~[client-intermediary.jar:?]
	at knot/net.minecraft.class_312.method_22684(class_312.java:196) ~[client-intermediary.jar:?]
	at knot/org.lwjgl.glfw.GLFWMouseButtonCallbackI.callback(GLFWMouseButtonCallbackI.java:43) [lwjgl-glfw-3.3.3.jar:?]
	at knot/org.lwjgl.system.JNI.invokeV(Native Method) ~[lwjgl-3.3.3.jar:?]
	at knot/org.lwjgl.glfw.GLFW.glfwWaitEventsTimeout(GLFW.java:3509) [lwjgl-glfw-3.3.3.jar:?]
	at knot/com.mojang.blaze3d.systems.RenderSystem.limitDisplayFPS(RenderSystem.java:184) [client-intermediary.jar:?]
	at knot/net.minecraft.class_310.method_1523(class_310.java:1310) [client-intermediary.jar:?]
	at knot/net.minecraft.class_310.method_1514(class_310.java:882) [client-intermediary.jar:?]
	at knot/net.minecraft.client.main.Main.main(Main.java:256) [client-intermediary.jar:?]
	at net.fabricmc.loader.impl.game.minecraft.MinecraftGameProvider.launch(MinecraftGameProvider.java:514) [fabric-loader-0.18.1.jar:?]
	at net.fabricmc.loader.impl.launch.knot.Knot.launch(Knot.java:72) [fabric-loader-0.18.1.jar:?]
	at net.fabricmc.loader.impl.launch.knot.KnotClient.main(KnotClient.java:23) [fabric-loader-0.18.1.jar:?]
[22:11:29] [Render thread/ERROR]: Parsing error loading recipe supplementaries:flag_beige
com.google.gson.JsonParseException: Unknown registry key in ResourceKey[minecraft:root / minecraft:item]: supplementaries:flag_beige
	at knot/com.mojang.serialization.DataResult$Error.mde968eb$owo$lambda$addStackTraceToException$0$0(DataResult.java:565) ~[datafixerupper-8.0.16.jar:?]
	at knot/com.mojang.serialization.DataResult$Error.getOrThrow(DataResult.java:287) ~[datafixerupper-8.0.16.jar:?]
	at knot/net.minecraft.class_1863.method_20705(class_1863.java:62) ~[client-intermediary.jar:?]
	at knot/net.minecraft.class_1863.method_18788(class_1863.java:35) ~[client-intermediary.jar:?]
	at knot/net.minecraft.class_4080.method_18790(class_4080.java:13) ~[client-intermediary.jar:?]
	at java.base/java.util.concurrent.CompletableFuture$UniAccept.tryFire(Unknown Source) ~[?:?]
	at java.base/java.util.concurrent.CompletableFuture$Completion.run(Unknown Source) ~[?:?]
	at knot/net.minecraft.class_4014.method_18365(class_4014.java:69) ~[client-intermediary.jar:?]
	at knot/net.minecraft.class_1255.method_18859(class_1255.java:162) ~[client-intermediary.jar:?]
	at knot/net.minecraft.class_4093.method_18859(class_4093.java:23) ~[client-intermediary.jar:?]
	at knot/net.minecraft.class_1255.method_16075(class_1255.java:136) ~[client-intermediary.jar:?]
	at knot/net.minecraft.class_1255.method_18857(class_1255.java:145) ~[client-intermediary.jar:?]
	at knot/net.minecraft.class_310.method_18857(class_310.java:32678) ~[client-intermediary.jar:?]
	at knot/net.minecraft.class_525.method_31130(class_525.java:329) ~[client-intermediary.jar:?]
	at knot/net.minecraft.class_526.method_19944(class_526.java:54) ~[client-intermediary.jar:?]
	at knot/net.minecraft.class_4185.method_25306(class_4185.java:96) ~[client-intermediary.jar:?]
	at knot/net.minecraft.class_4264.method_25348(class_4264.java:48) ~[client-intermediary.jar:?]
	at knot/net.minecraft.class_339.method_25402(class_339.java:141) ~[client-intermediary.jar:?]
	at knot/net.minecraft.class_4069.method_25402(class_4069.java:38) ~[client-intermediary.jar:?]
	at knot/net.minecraft.class_312.method_1611(class_312.java:107) ~[client-intermediary.jar:?]
	at knot/net.minecraft.class_437.method_25412(class_437.java:431) ~[client-intermediary.jar:?]
	at knot/net.minecraft.class_312.method_1601(class_312.java:107) ~[client-intermediary.jar:?]
	at knot/net.minecraft.class_312.method_22686(class_312.java:196) ~[client-intermediary.jar:?]
	at knot/net.minecraft.class_1255.execute(class_1255.java:108) ~[client-intermediary.jar:?]
	at knot/net.minecraft.class_312.method_22684(class_312.java:196) ~[client-intermediary.jar:?]
	at knot/org.lwjgl.glfw.GLFWMouseButtonCallbackI.callback(GLFWMouseButtonCallbackI.java:43) [lwjgl-glfw-3.3.3.jar:?]
	at knot/org.lwjgl.system.JNI.invokeV(Native Method) ~[lwjgl-3.3.3.jar:?]
	at knot/org.lwjgl.glfw.GLFW.glfwWaitEventsTimeout(GLFW.java:3509) [lwjgl-glfw-3.3.3.jar:?]
	at knot/com.mojang.blaze3d.systems.RenderSystem.limitDisplayFPS(RenderSystem.java:184) [client-intermediary.jar:?]
	at knot/net.minecraft.class_310.method_1523(class_310.java:1310) [client-intermediary.jar:?]
	at knot/net.minecraft.class_310.method_1514(class_310.java:882) [client-intermediary.jar:?]
	at knot/net.minecraft.client.main.Main.main(Main.java:256) [client-intermediary.jar:?]
	at net.fabricmc.loader.impl.game.minecraft.MinecraftGameProvider.launch(MinecraftGameProvider.java:514) [fabric-loader-0.18.1.jar:?]
	at net.fabricmc.loader.impl.launch.knot.Knot.launch(Knot.java:72) [fabric-loader-0.18.1.jar:?]
	at net.fabricmc.loader.impl.launch.knot.KnotClient.main(KnotClient.java:23) [fabric-loader-0.18.1.jar:?]
[22:11:29] [Render thread/ERROR]: Parsing error loading recipe shutter:coconut_shutter
com.google.gson.JsonParseException: Map entry '_' : Failed to parse either. First: Input does not contain a key [fabric:type]: MapLike[{"item":"ecologics:coconut_slab"}]; Second: Failed to parse either. First: Not a json array: {"item":"ecologics:coconut_slab"}; Second: No key tag in MapLike[{"item":"ecologics:coconut_slab"}]; Unknown registry key in ResourceKey[minecraft:root / minecraft:item]: ecologics:coconut_slab
	at knot/com.mojang.serialization.DataResult$Error.mde968eb$owo$lambda$addStackTraceToException$0$0(DataResult.java:565) ~[datafixerupper-8.0.16.jar:?]
	at knot/com.mojang.serialization.DataResult$Error.getOrThrow(DataResult.java:287) ~[datafixerupper-8.0.16.jar:?]
	at knot/net.minecraft.class_1863.method_20705(class_1863.java:62) ~[client-intermediary.jar:?]
	at knot/net.minecraft.class_1863.method_18788(class_1863.java:35) ~[client-intermediary.jar:?]
	at knot/net.minecraft.class_4080.method_18790(class_4080.java:13) ~[client-intermediary.jar:?]
	at java.base/java.util.concurrent.CompletableFuture$UniAccept.tryFire(Unknown Source) ~[?:?]
	at java.base/java.util.concurrent.CompletableFuture$Completion.run(Unknown Source) ~[?:?]
	at knot/net.minecraft.class_4014.method_18365(class_4014.java:69) ~[client-intermediary.jar:?]
	at knot/net.minecraft.class_1255.method_18859(class_1255.java:162) ~[client-intermediary.jar:?]
	at knot/net.minecraft.class_4093.method_18859(class_4093.java:23) ~[client-intermediary.jar:?]
	at knot/net.minecraft.class_1255.method_16075(class_1255.java:136) ~[client-intermediary.jar:?]
	at knot/net.minecraft.class_1255.method_18857(class_1255.java:145) ~[client-intermediary.jar:?]
	at knot/net.minecraft.class_310.method_18857(class_310.java:32678) ~[client-intermediary.jar:?]
	at knot/net.minecraft.class_525.method_31130(class_525.java:329) ~[client-intermediary.jar:?]
	at knot/net.minecraft.class_526.method_19944(class_526.java:54) ~[client-intermediary.jar:?]
	at knot/net.minecraft.class_4185.method_25306(class_4185.java:96) ~[client-intermediary.jar:?]
	at knot/net.minecraft.class_4264.method_25348(class_4264.java:48) ~[client-intermediary.jar:?]
	at knot/net.minecraft.class_339.method_25402(class_339.java:141) ~[client-intermediary.jar:?]
	at knot/net.minecraft.class_4069.method_25402(class_4069.java:38) ~[client-intermediary.jar:?]
	at knot/net.minecraft.class_312.method_1611(class_312.java:107) ~[client-intermediary.jar:?]
	at knot/net.minecraft.class_437.method_25412(class_437.java:431) ~[client-intermediary.jar:?]
	at knot/net.minecraft.class_312.method_1601(class_312.java:107) ~[client-intermediary.jar:?]
	at knot/net.minecraft.class_312.method_22686(class_312.java:196) ~[client-intermediary.jar:?]
	at knot/net.minecraft.class_1255.execute(class_1255.java:108) ~[client-intermediary.jar:?]
	at knot/net.minecraft.class_312.method_22684(class_312.java:196) ~[client-intermediary.jar:?]
	at knot/org.lwjgl.glfw.GLFWMouseButtonCallbackI.callback(GLFWMouseButtonCallbackI.java:43) [lwjgl-glfw-3.3.3.jar:?]
	at knot/org.lwjgl.system.JNI.invokeV(Native Method) ~[lwjgl-3.3.3.jar:?]
	at knot/org.lwjgl.glfw.GLFW.glfwWaitEventsTimeout(GLFW.java:3509) [lwjgl-glfw-3.3.3.jar:?]
	at knot/com.mojang.blaze3d.systems.RenderSystem.limitDisplayFPS(RenderSystem.java:184) [client-intermediary.jar:?]
	at knot/net.minecraft.class_310.method_1523(class_310.java:1310) [client-intermediary.jar:?]
	at knot/net.minecraft.class_310.method_1514(class_310.java:882) [client-intermediary.jar:?]
	at knot/net.minecraft.client.main.Main.main(Main.java:256) [client-intermediary.jar:?]
	at net.fabricmc.loader.impl.game.minecraft.MinecraftGameProvider.launch(MinecraftGameProvider.java:514) [fabric-loader-0.18.1.jar:?]
	at net.fabricmc.loader.impl.launch.knot.Knot.launch(Knot.java:72) [fabric-loader-0.18.1.jar:?]
	at net.fabricmc.loader.impl.launch.knot.KnotClient.main(KnotClient.java:23) [fabric-loader-0.18.1.jar:?]
[22:11:29] [Render thread/ERROR]: Parsing error loading recipe shutter:stripped_bamboo_shutter
com.google.gson.JsonParseException: Map entry '_' : Failed to parse either. First: Input does not contain a key [fabric:type]: MapLike[{"item":"twigs:stripped_bamboo_planks"}]; Second: Failed to parse either. First: Not a json array: {"item":"twigs:stripped_bamboo_planks"}; Second: No key tag in MapLike[{"item":"twigs:stripped_bamboo_planks"}]; Unknown registry key in ResourceKey[minecraft:root / minecraft:item]: twigs:stripped_bamboo_planks
	at knot/com.mojang.serialization.DataResult$Error.mde968eb$owo$lambda$addStackTraceToException$0$0(DataResult.java:565) ~[datafixerupper-8.0.16.jar:?]
	at knot/com.mojang.serialization.DataResult$Error.getOrThrow(DataResult.java:287) ~[datafixerupper-8.0.16.jar:?]
	at knot/net.minecraft.class_1863.method_20705(class_1863.java:62) ~[client-intermediary.jar:?]
	at knot/net.minecraft.class_1863.method_18788(class_1863.java:35) ~[client-intermediary.jar:?]
	at knot/net.minecraft.class_4080.method_18790(class_4080.java:13) ~[client-intermediary.jar:?]
	at java.base/java.util.concurrent.CompletableFuture$UniAccept.tryFire(Unknown Source) ~[?:?]
	at java.base/java.util.concurrent.CompletableFuture$Completion.run(Unknown Source) ~[?:?]
	at knot/net.minecraft.class_4014.method_18365(class_4014.java:69) ~[client-intermediary.jar:?]
	at knot/net.minecraft.class_1255.method_18859(class_1255.java:162) ~[client-intermediary.jar:?]
	at knot/net.minecraft.class_4093.method_18859(class_4093.java:23) ~[client-intermediary.jar:?]
	at knot/net.minecraft.class_1255.method_16075(class_1255.java:136) ~[client-intermediary.jar:?]
	at knot/net.minecraft.class_1255.method_18857(class_1255.java:145) ~[client-intermediary.jar:?]
	at knot/net.minecraft.class_310.method_18857(class_310.java:32678) ~[client-intermediary.jar:?]
	at knot/net.minecraft.class_525.method_31130(class_525.java:329) ~[client-intermediary.jar:?]
	at knot/net.minecraft.class_526.method_19944(class_526.java:54) ~[client-intermediary.jar:?]
	at knot/net.minecraft.class_4185.method_25306(class_4185.java:96) ~[client-intermediary.jar:?]
	at knot/net.minecraft.class_4264.method_25348(class_4264.java:48) ~[client-intermediary.jar:?]
	at knot/net.minecraft.class_339.method_25402(class_339.java:141) ~[client-intermediary.jar:?]
	at knot/net.minecraft.class_4069.method_25402(class_4069.java:38) ~[client-intermediary.jar:?]
	at knot/net.minecraft.class_312.method_1611(class_312.java:107) ~[client-intermediary.jar:?]
	at knot/net.minecraft.class_437.method_25412(class_437.java:431) ~[client-intermediary.jar:?]
	at knot/net.minecraft.class_312.method_1601(class_312.java:107) ~[client-intermediary.jar:?]
	at knot/net.minecraft.class_312.method_22686(class_312.java:196) ~[client-intermediary.jar:?]
	at knot/net.minecraft.class_1255.execute(class_1255.java:108) ~[client-intermediary.jar:?]
	at knot/net.minecraft.class_312.method_22684(class_312.java:196) ~[client-intermediary.jar:?]
	at knot/org.lwjgl.glfw.GLFWMouseButtonCallbackI.callback(GLFWMouseButtonCallbackI.java:43) [lwjgl-glfw-3.3.3.jar:?]
	at knot/org.lwjgl.system.JNI.invokeV(Native Method) ~[lwjgl-3.3.3.jar:?]
	at knot/org.lwjgl.glfw.GLFW.glfwWaitEventsTimeout(GLFW.java:3509) [lwjgl-glfw-3.3.3.jar:?]
	at knot/com.mojang.blaze3d.systems.RenderSystem.limitDisplayFPS(RenderSystem.java:184) [client-intermediary.jar:?]
	at knot/net.minecraft.class_310.method_1523(class_310.java:1310) [client-intermediary.jar:?]
	at knot/net.minecraft.class_310.method_1514(class_310.java:882) [client-intermediary.jar:?]
	at knot/net.minecraft.client.main.Main.main(Main.java:256) [client-intermediary.jar:?]
	at net.fabricmc.loader.impl.game.minecraft.MinecraftGameProvider.launch(MinecraftGameProvider.java:514) [fabric-loader-0.18.1.jar:?]
	at net.fabricmc.loader.impl.launch.knot.Knot.launch(Knot.java:72) [fabric-loader-0.18.1.jar:?]
	at net.fabricmc.loader.impl.launch.knot.KnotClient.main(KnotClient.java:23) [fabric-loader-0.18.1.jar:?]
[22:11:29] [Render thread/ERROR]: Parsing error loading recipe shutter:azalea_shutter
com.google.gson.JsonParseException: Map entry '_' : Failed to parse either. First: Input does not contain a key [fabric:type]: MapLike[{"item":"ecologics:azalea_slab"}]; Second: Failed to parse either. First: Not a json array: {"item":"ecologics:azalea_slab"}; Second: No key tag in MapLike[{"item":"ecologics:azalea_slab"}]; Unknown registry key in ResourceKey[minecraft:root / minecraft:item]: ecologics:azalea_slab
	at knot/com.mojang.serialization.DataResult$Error.mde968eb$owo$lambda$addStackTraceToException$0$0(DataResult.java:565) ~[datafixerupper-8.0.16.jar:?]
	at knot/com.mojang.serialization.DataResult$Error.getOrThrow(DataResult.java:287) ~[datafixerupper-8.0.16.jar:?]
	at knot/net.minecraft.class_1863.method_20705(class_1863.java:62) ~[client-intermediary.jar:?]
	at knot/net.minecraft.class_1863.method_18788(class_1863.java:35) ~[client-intermediary.jar:?]
	at knot/net.minecraft.class_4080.method_18790(class_4080.java:13) ~[client-intermediary.jar:?]
	at java.base/java.util.concurrent.CompletableFuture$UniAccept.tryFire(Unknown Source) ~[?:?]
	at java.base/java.util.concurrent.CompletableFuture$Completion.run(Unknown Source) ~[?:?]
	at knot/net.minecraft.class_4014.method_18365(class_4014.java:69) ~[client-intermediary.jar:?]
	at knot/net.minecraft.class_1255.method_18859(class_1255.java:162) ~[client-intermediary.jar:?]
	at knot/net.minecraft.class_4093.method_18859(class_4093.java:23) ~[client-intermediary.jar:?]
	at knot/net.minecraft.class_1255.method_16075(class_1255.java:136) ~[client-intermediary.jar:?]
	at knot/net.minecraft.class_1255.method_18857(class_1255.java:145) ~[client-intermediary.jar:?]
	at knot/net.minecraft.class_310.method_18857(class_310.java:32678) ~[client-intermediary.jar:?]
	at knot/net.minecraft.class_525.method_31130(class_525.java:329) ~[client-intermediary.jar:?]
	at knot/net.minecraft.class_526.method_19944(class_526.java:54) ~[client-intermediary.jar:?]
	at knot/net.minecraft.class_4185.method_25306(class_4185.java:96) ~[client-intermediary.jar:?]
	at knot/net.minecraft.class_4264.method_25348(class_4264.java:48) ~[client-intermediary.jar:?]
	at knot/net.minecraft.class_339.method_25402(class_339.java:141) ~[client-intermediary.jar:?]
	at knot/net.minecraft.class_4069.method_25402(class_4069.java:38) ~[client-intermediary.jar:?]
	at knot/net.minecraft.class_312.method_1611(class_312.java:107) ~[client-intermediary.jar:?]
	at knot/net.minecraft.class_437.method_25412(class_437.java:431) ~[client-intermediary.jar:?]
	at knot/net.minecraft.class_312.method_1601(class_312.java:107) ~[client-intermediary.jar:?]
	at knot/net.minecraft.class_312.method_22686(class_312.java:196) ~[client-intermediary.jar:?]
	at knot/net.minecraft.class_1255.execute(class_1255.java:108) ~[client-intermediary.jar:?]
	at knot/net.minecraft.class_312.method_22684(class_312.java:196) ~[client-intermediary.jar:?]
	at knot/org.lwjgl.glfw.GLFWMouseButtonCallbackI.callback(GLFWMouseButtonCallbackI.java:43) [lwjgl-glfw-3.3.3.jar:?]
	at knot/org.lwjgl.system.JNI.invokeV(Native Method) ~[lwjgl-3.3.3.jar:?]
	at knot/org.lwjgl.glfw.GLFW.glfwWaitEventsTimeout(GLFW.java:3509) [lwjgl-glfw-3.3.3.jar:?]
	at knot/com.mojang.blaze3d.systems.RenderSystem.limitDisplayFPS(RenderSystem.java:184) [client-intermediary.jar:?]
	at knot/net.minecraft.class_310.method_1523(class_310.java:1310) [client-intermediary.jar:?]
	at knot/net.minecraft.class_310.method_1514(class_310.java:882) [client-intermediary.jar:?]
	at knot/net.minecraft.client.main.Main.main(Main.java:256) [client-intermediary.jar:?]
	at net.fabricmc.loader.impl.game.minecraft.MinecraftGameProvider.launch(MinecraftGameProvider.java:514) [fabric-loader-0.18.1.jar:?]
	at net.fabricmc.loader.impl.launch.knot.Knot.launch(Knot.java:72) [fabric-loader-0.18.1.jar:?]
	at net.fabricmc.loader.impl.launch.knot.KnotClient.main(KnotClient.java:23) [fabric-loader-0.18.1.jar:?]
[22:11:29] [Render thread/ERROR]: Parsing error loading recipe suppsquared:gold_candle_holder_beige
com.google.gson.JsonParseException: Unknown registry key in ResourceKey[minecraft:root / minecraft:item]: suppsquared:gold_candle_holder_beige
	at knot/com.mojang.serialization.DataResult$Error.mde968eb$owo$lambda$addStackTraceToException$0$0(DataResult.java:565) ~[datafixerupper-8.0.16.jar:?]
	at knot/com.mojang.serialization.DataResult$Error.getOrThrow(DataResult.java:287) ~[datafixerupper-8.0.16.jar:?]
	at knot/net.minecraft.class_1863.method_20705(class_1863.java:62) ~[client-intermediary.jar:?]
	at knot/net.minecraft.class_1863.method_18788(class_1863.java:35) ~[client-intermediary.jar:?]
	at knot/net.minecraft.class_4080.method_18790(class_4080.java:13) ~[client-intermediary.jar:?]
	at java.base/java.util.concurrent.CompletableFuture$UniAccept.tryFire(Unknown Source) ~[?:?]
	at java.base/java.util.concurrent.CompletableFuture$Completion.run(Unknown Source) ~[?:?]
	at knot/net.minecraft.class_4014.method_18365(class_4014.java:69) ~[client-intermediary.jar:?]
	at knot/net.minecraft.class_1255.method_18859(class_1255.java:162) ~[client-intermediary.jar:?]
	at knot/net.minecraft.class_4093.method_18859(class_4093.java:23) ~[client-intermediary.jar:?]
	at knot/net.minecraft.class_1255.method_16075(class_1255.java:136) ~[client-intermediary.jar:?]
	at knot/net.minecraft.class_1255.method_18857(class_1255.java:145) ~[client-intermediary.jar:?]
	at knot/net.minecraft.class_310.method_18857(class_310.java:32678) ~[client-intermediary.jar:?]
	at knot/net.minecraft.class_525.method_31130(class_525.java:329) ~[client-intermediary.jar:?]
	at knot/net.minecraft.class_526.method_19944(class_526.java:54) ~[client-intermediary.jar:?]
	at knot/net.minecraft.class_4185.method_25306(class_4185.java:96) ~[client-intermediary.jar:?]
	at knot/net.minecraft.class_4264.method_25348(class_4264.java:48) ~[client-intermediary.jar:?]
	at knot/net.minecraft.class_339.method_25402(class_339.java:141) ~[client-intermediary.jar:?]
	at knot/net.minecraft.class_4069.method_25402(class_4069.java:38) ~[client-intermediary.jar:?]
	at knot/net.minecraft.class_312.method_1611(class_312.java:107) ~[client-intermediary.jar:?]
	at knot/net.minecraft.class_437.method_25412(class_437.java:431) ~[client-intermediary.jar:?]
	at knot/net.minecraft.class_312.method_1601(class_312.java:107) ~[client-intermediary.jar:?]
	at knot/net.minecraft.class_312.method_22686(class_312.java:196) ~[client-intermediary.jar:?]
	at knot/net.minecraft.class_1255.execute(class_1255.java:108) ~[client-intermediary.jar:?]
	at knot/net.minecraft.class_312.method_22684(class_312.java:196) ~[client-intermediary.jar:?]
	at knot/org.lwjgl.glfw.GLFWMouseButtonCallbackI.callback(GLFWMouseButtonCallbackI.java:43) [lwjgl-glfw-3.3.3.jar:?]
	at knot/org.lwjgl.system.JNI.invokeV(Native Method) ~[lwjgl-3.3.3.jar:?]
	at knot/org.lwjgl.glfw.GLFW.glfwWaitEventsTimeout(GLFW.java:3509) [lwjgl-glfw-3.3.3.jar:?]
	at knot/com.mojang.blaze3d.systems.RenderSystem.limitDisplayFPS(RenderSystem.java:184) [client-intermediary.jar:?]
	at knot/net.minecraft.class_310.method_1523(class_310.java:1310) [client-intermediary.jar:?]
	at knot/net.minecraft.class_310.method_1514(class_310.java:882) [client-intermediary.jar:?]
	at knot/net.minecraft.client.main.Main.main(Main.java:256) [client-intermediary.jar:?]
	at net.fabricmc.loader.impl.game.minecraft.MinecraftGameProvider.launch(MinecraftGameProvider.java:514) [fabric-loader-0.18.1.jar:?]
	at net.fabricmc.loader.impl.launch.knot.Knot.launch(Knot.java:72) [fabric-loader-0.18.1.jar:?]
	at net.fabricmc.loader.impl.launch.knot.KnotClient.main(KnotClient.java:23) [fabric-loader-0.18.1.jar:?]
[22:11:29] [Render thread/ERROR]: Parsing error loading recipe create:sequenced_assembly/gameboy_film_developing
com.google.gson.JsonParseException: Unknown registry key in ResourceKey[minecraft:root / minecraft:recipe_serializer]: create:sequenced_assembly
	at knot/com.mojang.serialization.DataResult$Error.mde968eb$owo$lambda$addStackTraceToException$0$0(DataResult.java:565) ~[datafixerupper-8.0.16.jar:?]
	at knot/com.mojang.serialization.DataResult$Error.getOrThrow(DataResult.java:287) ~[datafixerupper-8.0.16.jar:?]
	at knot/net.minecraft.class_1863.method_20705(class_1863.java:62) ~[client-intermediary.jar:?]
	at knot/net.minecraft.class_1863.method_18788(class_1863.java:35) ~[client-intermediary.jar:?]
	at knot/net.minecraft.class_4080.method_18790(class_4080.java:13) ~[client-intermediary.jar:?]
	at java.base/java.util.concurrent.CompletableFuture$UniAccept.tryFire(Unknown Source) ~[?:?]
	at java.base/java.util.concurrent.CompletableFuture$Completion.run(Unknown Source) ~[?:?]
	at knot/net.minecraft.class_4014.method_18365(class_4014.java:69) ~[client-intermediary.jar:?]
	at knot/net.minecraft.class_1255.method_18859(class_1255.java:162) ~[client-intermediary.jar:?]
	at knot/net.minecraft.class_4093.method_18859(class_4093.java:23) ~[client-intermediary.jar:?]
	at knot/net.minecraft.class_1255.method_16075(class_1255.java:136) ~[client-intermediary.jar:?]
	at knot/net.minecraft.class_1255.method_18857(class_1255.java:145) ~[client-intermediary.jar:?]
	at knot/net.minecraft.class_310.method_18857(class_310.java:32678) ~[client-intermediary.jar:?]
	at knot/net.minecraft.class_525.method_31130(class_525.java:329) ~[client-intermediary.jar:?]
	at knot/net.minecraft.class_526.method_19944(class_526.java:54) ~[client-intermediary.jar:?]
	at knot/net.minecraft.class_4185.method_25306(class_4185.java:96) ~[client-intermediary.jar:?]
	at knot/net.minecraft.class_4264.method_25348(class_4264.java:48) ~[client-intermediary.jar:?]
	at knot/net.minecraft.class_339.method_25402(class_339.java:141) ~[client-intermediary.jar:?]
	at knot/net.minecraft.class_4069.method_25402(class_4069.java:38) ~[client-intermediary.jar:?]
	at knot/net.minecraft.class_312.method_1611(class_312.java:107) ~[client-intermediary.jar:?]
	at knot/net.minecraft.class_437.method_25412(class_437.java:431) ~[client-intermediary.jar:?]
	at knot/net.minecraft.class_312.method_1601(class_312.java:107) ~[client-intermediary.jar:?]
	at knot/net.minecraft.class_312.method_22686(class_312.java:196) ~[client-intermediary.jar:?]
	at knot/net.minecraft.class_1255.execute(class_1255.java:108) ~[client-intermediary.jar:?]
	at knot/net.minecraft.class_312.method_22684(class_312.java:196) ~[client-intermediary.jar:?]
	at knot/org.lwjgl.glfw.GLFWMouseButtonCallbackI.callback(GLFWMouseButtonCallbackI.java:43) [lwjgl-glfw-3.3.3.jar:?]
	at knot/org.lwjgl.system.JNI.invokeV(Native Method) ~[lwjgl-3.3.3.jar:?]
	at knot/org.lwjgl.glfw.GLFW.glfwWaitEventsTimeout(GLFW.java:3509) [lwjgl-glfw-3.3.3.jar:?]
	at knot/com.mojang.blaze3d.systems.RenderSystem.limitDisplayFPS(RenderSystem.java:184) [client-intermediary.jar:?]
	at knot/net.minecraft.class_310.method_1523(class_310.java:1310) [client-intermediary.jar:?]
	at knot/net.minecraft.class_310.method_1514(class_310.java:882) [client-intermediary.jar:?]
	at knot/net.minecraft.client.main.Main.main(Main.java:256) [client-intermediary.jar:?]
	at net.fabricmc.loader.impl.game.minecraft.MinecraftGameProvider.launch(MinecraftGameProvider.java:514) [fabric-loader-0.18.1.jar:?]
	at net.fabricmc.loader.impl.launch.knot.Knot.launch(Knot.java:72) [fabric-loader-0.18.1.jar:?]
	at net.fabricmc.loader.impl.launch.knot.KnotClient.main(KnotClient.java:23) [fabric-loader-0.18.1.jar:?]
[22:11:29] [Render thread/ERROR]: Parsing error loading recipe suppsquared:gold_candle_holder_teal
com.google.gson.JsonParseException: Unknown registry key in ResourceKey[minecraft:root / minecraft:item]: suppsquared:gold_candle_holder_teal
	at knot/com.mojang.serialization.DataResult$Error.mde968eb$owo$lambda$addStackTraceToException$0$0(DataResult.java:565) ~[datafixerupper-8.0.16.jar:?]
	at knot/com.mojang.serialization.DataResult$Error.getOrThrow(DataResult.java:287) ~[datafixerupper-8.0.16.jar:?]
	at knot/net.minecraft.class_1863.method_20705(class_1863.java:62) ~[client-intermediary.jar:?]
	at knot/net.minecraft.class_1863.method_18788(class_1863.java:35) ~[client-intermediary.jar:?]
	at knot/net.minecraft.class_4080.method_18790(class_4080.java:13) ~[client-intermediary.jar:?]
	at java.base/java.util.concurrent.CompletableFuture$UniAccept.tryFire(Unknown Source) ~[?:?]
	at java.base/java.util.concurrent.CompletableFuture$Completion.run(Unknown Source) ~[?:?]
	at knot/net.minecraft.class_4014.method_18365(class_4014.java:69) ~[client-intermediary.jar:?]
	at knot/net.minecraft.class_1255.method_18859(class_1255.java:162) ~[client-intermediary.jar:?]
	at knot/net.minecraft.class_4093.method_18859(class_4093.java:23) ~[client-intermediary.jar:?]
	at knot/net.minecraft.class_1255.method_16075(class_1255.java:136) ~[client-intermediary.jar:?]
	at knot/net.minecraft.class_1255.method_18857(class_1255.java:145) ~[client-intermediary.jar:?]
	at knot/net.minecraft.class_310.method_18857(class_310.java:32678) ~[client-intermediary.jar:?]
	at knot/net.minecraft.class_525.method_31130(class_525.java:329) ~[client-intermediary.jar:?]
	at knot/net.minecraft.class_526.method_19944(class_526.java:54) ~[client-intermediary.jar:?]
	at knot/net.minecraft.class_4185.method_25306(class_4185.java:96) ~[client-intermediary.jar:?]
	at knot/net.minecraft.class_4264.method_25348(class_4264.java:48) ~[client-intermediary.jar:?]
	at knot/net.minecraft.class_339.method_25402(class_339.java:141) ~[client-intermediary.jar:?]
	at knot/net.minecraft.class_4069.method_25402(class_4069.java:38) ~[client-intermediary.jar:?]
	at knot/net.minecraft.class_312.method_1611(class_312.java:107) ~[client-intermediary.jar:?]
	at knot/net.minecraft.class_437.method_25412(class_437.java:431) ~[client-intermediary.jar:?]
	at knot/net.minecraft.class_312.method_1601(class_312.java:107) ~[client-intermediary.jar:?]
	at knot/net.minecraft.class_312.method_22686(class_312.java:196) ~[client-intermediary.jar:?]
	at knot/net.minecraft.class_1255.execute(class_1255.java:108) ~[client-intermediary.jar:?]
	at knot/net.minecraft.class_312.method_22684(class_312.java:196) ~[client-intermediary.jar:?]
	at knot/org.lwjgl.glfw.GLFWMouseButtonCallbackI.callback(GLFWMouseButtonCallbackI.java:43) [lwjgl-glfw-3.3.3.jar:?]
	at knot/org.lwjgl.system.JNI.invokeV(Native Method) ~[lwjgl-3.3.3.jar:?]
	at knot/org.lwjgl.glfw.GLFW.glfwWaitEventsTimeout(GLFW.java:3509) [lwjgl-glfw-3.3.3.jar:?]
	at knot/com.mojang.blaze3d.systems.RenderSystem.limitDisplayFPS(RenderSystem.java:184) [client-intermediary.jar:?]
	at knot/net.minecraft.class_310.method_1523(class_310.java:1310) [client-intermediary.jar:?]
	at knot/net.minecraft.class_310.method_1514(class_310.java:882) [client-intermediary.jar:?]
	at knot/net.minecraft.client.main.Main.main(Main.java:256) [client-intermediary.jar:?]
	at net.fabricmc.loader.impl.game.minecraft.MinecraftGameProvider.launch(MinecraftGameProvider.java:514) [fabric-loader-0.18.1.jar:?]
	at net.fabricmc.loader.impl.launch.knot.Knot.launch(Knot.java:72) [fabric-loader-0.18.1.jar:?]
	at net.fabricmc.loader.impl.launch.knot.KnotClient.main(KnotClient.java:23) [fabric-loader-0.18.1.jar:?]
[22:11:29] [Render thread/ERROR]: Parsing error loading recipe shutter:maple_shutter
com.google.gson.JsonParseException: Map entry '_' : Failed to parse either. First: Input does not contain a key [fabric:type]: MapLike[{"item":"autumnity:maple_slab"}]; Second: Failed to parse either. First: Not a json array: {"item":"autumnity:maple_slab"}; Second: No key tag in MapLike[{"item":"autumnity:maple_slab"}]; Unknown registry key in ResourceKey[minecraft:root / minecraft:item]: autumnity:maple_slab
	at knot/com.mojang.serialization.DataResult$Error.mde968eb$owo$lambda$addStackTraceToException$0$0(DataResult.java:565) ~[datafixerupper-8.0.16.jar:?]
	at knot/com.mojang.serialization.DataResult$Error.getOrThrow(DataResult.java:287) ~[datafixerupper-8.0.16.jar:?]
	at knot/net.minecraft.class_1863.method_20705(class_1863.java:62) ~[client-intermediary.jar:?]
	at knot/net.minecraft.class_1863.method_18788(class_1863.java:35) ~[client-intermediary.jar:?]
	at knot/net.minecraft.class_4080.method_18790(class_4080.java:13) ~[client-intermediary.jar:?]
	at java.base/java.util.concurrent.CompletableFuture$UniAccept.tryFire(Unknown Source) ~[?:?]
	at java.base/java.util.concurrent.CompletableFuture$Completion.run(Unknown Source) ~[?:?]
	at knot/net.minecraft.class_4014.method_18365(class_4014.java:69) ~[client-intermediary.jar:?]
	at knot/net.minecraft.class_1255.method_18859(class_1255.java:162) ~[client-intermediary.jar:?]
	at knot/net.minecraft.class_4093.method_18859(class_4093.java:23) ~[client-intermediary.jar:?]
	at knot/net.minecraft.class_1255.method_16075(class_1255.java:136) ~[client-intermediary.jar:?]
	at knot/net.minecraft.class_1255.method_18857(class_1255.java:145) ~[client-intermediary.jar:?]
	at knot/net.minecraft.class_310.method_18857(class_310.java:32678) ~[client-intermediary.jar:?]
	at knot/net.minecraft.class_525.method_31130(class_525.java:329) ~[client-intermediary.jar:?]
	at knot/net.minecraft.class_526.method_19944(class_526.java:54) ~[client-intermediary.jar:?]
	at knot/net.minecraft.class_4185.method_25306(class_4185.java:96) ~[client-intermediary.jar:?]
	at knot/net.minecraft.class_4264.method_25348(class_4264.java:48) ~[client-intermediary.jar:?]
	at knot/net.minecraft.class_339.method_25402(class_339.java:141) ~[client-intermediary.jar:?]
	at knot/net.minecraft.class_4069.method_25402(class_4069.java:38) ~[client-intermediary.jar:?]
	at knot/net.minecraft.class_312.method_1611(class_312.java:107) ~[client-intermediary.jar:?]
	at knot/net.minecraft.class_437.method_25412(class_437.java:431) ~[client-intermediary.jar:?]
	at knot/net.minecraft.class_312.method_1601(class_312.java:107) ~[client-intermediary.jar:?]
	at knot/net.minecraft.class_312.method_22686(class_312.java:196) ~[client-intermediary.jar:?]
	at knot/net.minecraft.class_1255.execute(class_1255.java:108) ~[client-intermediary.jar:?]
	at knot/net.minecraft.class_312.method_22684(class_312.java:196) ~[client-intermediary.jar:?]
	at knot/org.lwjgl.glfw.GLFWMouseButtonCallbackI.callback(GLFWMouseButtonCallbackI.java:43) [lwjgl-glfw-3.3.3.jar:?]
	at knot/org.lwjgl.system.JNI.invokeV(Native Method) ~[lwjgl-3.3.3.jar:?]
	at knot/org.lwjgl.glfw.GLFW.glfwWaitEventsTimeout(GLFW.java:3509) [lwjgl-glfw-3.3.3.jar:?]
	at knot/com.mojang.blaze3d.systems.RenderSystem.limitDisplayFPS(RenderSystem.java:184) [client-intermediary.jar:?]
	at knot/net.minecraft.class_310.method_1523(class_310.java:1310) [client-intermediary.jar:?]
	at knot/net.minecraft.class_310.method_1514(class_310.java:882) [client-intermediary.jar:?]
	at knot/net.minecraft.client.main.Main.main(Main.java:256) [client-intermediary.jar:?]
	at net.fabricmc.loader.impl.game.minecraft.MinecraftGameProvider.launch(MinecraftGameProvider.java:514) [fabric-loader-0.18.1.jar:?]
	at net.fabricmc.loader.impl.launch.knot.Knot.launch(Knot.java:72) [fabric-loader-0.18.1.jar:?]
	at net.fabricmc.loader.impl.launch.knot.KnotClient.main(KnotClient.java:23) [fabric-loader-0.18.1.jar:?]
[22:11:29] [Render thread/ERROR]: Parsing error loading recipe shutter:cherry_env_shutter
com.google.gson.JsonParseException: Map entry '_' : Failed to parse either. First: Input does not contain a key [fabric:type]: MapLike[{"item":"environmental:cherry_slap"}]; Second: Failed to parse either. First: Not a json array: {"item":"environmental:cherry_slap"}; Second: No key tag in MapLike[{"item":"environmental:cherry_slap"}]; Unknown registry key in ResourceKey[minecraft:root / minecraft:item]: environmental:cherry_slap
	at knot/com.mojang.serialization.DataResult$Error.mde968eb$owo$lambda$addStackTraceToException$0$0(DataResult.java:565) ~[datafixerupper-8.0.16.jar:?]
	at knot/com.mojang.serialization.DataResult$Error.getOrThrow(DataResult.java:287) ~[datafixerupper-8.0.16.jar:?]
	at knot/net.minecraft.class_1863.method_20705(class_1863.java:62) ~[client-intermediary.jar:?]
	at knot/net.minecraft.class_1863.method_18788(class_1863.java:35) ~[client-intermediary.jar:?]
	at knot/net.minecraft.class_4080.method_18790(class_4080.java:13) ~[client-intermediary.jar:?]
	at java.base/java.util.concurrent.CompletableFuture$UniAccept.tryFire(Unknown Source) ~[?:?]
	at java.base/java.util.concurrent.CompletableFuture$Completion.run(Unknown Source) ~[?:?]
	at knot/net.minecraft.class_4014.method_18365(class_4014.java:69) ~[client-intermediary.jar:?]
	at knot/net.minecraft.class_1255.method_18859(class_1255.java:162) ~[client-intermediary.jar:?]
	at knot/net.minecraft.class_4093.method_18859(class_4093.java:23) ~[client-intermediary.jar:?]
	at knot/net.minecraft.class_1255.method_16075(class_1255.java:136) ~[client-intermediary.jar:?]
	at knot/net.minecraft.class_1255.method_18857(class_1255.java:145) ~[client-intermediary.jar:?]
	at knot/net.minecraft.class_310.method_18857(class_310.java:32678) ~[client-intermediary.jar:?]
	at knot/net.minecraft.class_525.method_31130(class_525.java:329) ~[client-intermediary.jar:?]
	at knot/net.minecraft.class_526.method_19944(class_526.java:54) ~[client-intermediary.jar:?]
	at knot/net.minecraft.class_4185.method_25306(class_4185.java:96) ~[client-intermediary.jar:?]
	at knot/net.minecraft.class_4264.method_25348(class_4264.java:48) ~[client-intermediary.jar:?]
	at knot/net.minecraft.class_339.method_25402(class_339.java:141) ~[client-intermediary.jar:?]
	at knot/net.minecraft.class_4069.method_25402(class_4069.java:38) ~[client-intermediary.jar:?]
	at knot/net.minecraft.class_312.method_1611(class_312.java:107) ~[client-intermediary.jar:?]
	at knot/net.minecraft.class_437.method_25412(class_437.java:431) ~[client-intermediary.jar:?]
	at knot/net.minecraft.class_312.method_1601(class_312.java:107) ~[client-intermediary.jar:?]
	at knot/net.minecraft.class_312.method_22686(class_312.java:196) ~[client-intermediary.jar:?]
	at knot/net.minecraft.class_1255.execute(class_1255.java:108) ~[client-intermediary.jar:?]
	at knot/net.minecraft.class_312.method_22684(class_312.java:196) ~[client-intermediary.jar:?]
	at knot/org.lwjgl.glfw.GLFWMouseButtonCallbackI.callback(GLFWMouseButtonCallbackI.java:43) [lwjgl-glfw-3.3.3.jar:?]
	at knot/org.lwjgl.system.JNI.invokeV(Native Method) ~[lwjgl-3.3.3.jar:?]
	at knot/org.lwjgl.glfw.GLFW.glfwWaitEventsTimeout(GLFW.java:3509) [lwjgl-glfw-3.3.3.jar:?]
	at knot/com.mojang.blaze3d.systems.RenderSystem.limitDisplayFPS(RenderSystem.java:184) [client-intermediary.jar:?]
	at knot/net.minecraft.class_310.method_1523(class_310.java:1310) [client-intermediary.jar:?]
	at knot/net.minecraft.class_310.method_1514(class_310.java:882) [client-intermediary.jar:?]
	at knot/net.minecraft.client.main.Main.main(Main.java:256) [client-intermediary.jar:?]
	at net.fabricmc.loader.impl.game.minecraft.MinecraftGameProvider.launch(MinecraftGameProvider.java:514) [fabric-loader-0.18.1.jar:?]
	at net.fabricmc.loader.impl.launch.knot.Knot.launch(Knot.java:72) [fabric-loader-0.18.1.jar:?]
	at net.fabricmc.loader.impl.launch.knot.KnotClient.main(KnotClient.java:23) [fabric-loader-0.18.1.jar:?]
[22:11:29] [Render thread/ERROR]: Parsing error loading recipe shutter:blossom_shutter
com.google.gson.JsonParseException: Map entry '_' : Failed to parse either. First: Input does not contain a key [fabric:type]: MapLike[{"item":"quark:blossom_planks_slab"}]; Second: Failed to parse either. First: Not a json array: {"item":"quark:blossom_planks_slab"}; Second: No key tag in MapLike[{"item":"quark:blossom_planks_slab"}]; Unknown registry key in ResourceKey[minecraft:root / minecraft:item]: quark:blossom_planks_slab
	at knot/com.mojang.serialization.DataResult$Error.mde968eb$owo$lambda$addStackTraceToException$0$0(DataResult.java:565) ~[datafixerupper-8.0.16.jar:?]
	at knot/com.mojang.serialization.DataResult$Error.getOrThrow(DataResult.java:287) ~[datafixerupper-8.0.16.jar:?]
	at knot/net.minecraft.class_1863.method_20705(class_1863.java:62) ~[client-intermediary.jar:?]
	at knot/net.minecraft.class_1863.method_18788(class_1863.java:35) ~[client-intermediary.jar:?]
	at knot/net.minecraft.class_4080.method_18790(class_4080.java:13) ~[client-intermediary.jar:?]
	at java.base/java.util.concurrent.CompletableFuture$UniAccept.tryFire(Unknown Source) ~[?:?]
	at java.base/java.util.concurrent.CompletableFuture$Completion.run(Unknown Source) ~[?:?]
	at knot/net.minecraft.class_4014.method_18365(class_4014.java:69) ~[client-intermediary.jar:?]
	at knot/net.minecraft.class_1255.method_18859(class_1255.java:162) ~[client-intermediary.jar:?]
	at knot/net.minecraft.class_4093.method_18859(class_4093.java:23) ~[client-intermediary.jar:?]
	at knot/net.minecraft.class_1255.method_16075(class_1255.java:136) ~[client-intermediary.jar:?]
	at knot/net.minecraft.class_1255.method_18857(class_1255.java:145) ~[client-intermediary.jar:?]
	at knot/net.minecraft.class_310.method_18857(class_310.java:32678) ~[client-intermediary.jar:?]
	at knot/net.minecraft.class_525.method_31130(class_525.java:329) ~[client-intermediary.jar:?]
	at knot/net.minecraft.class_526.method_19944(class_526.java:54) ~[client-intermediary.jar:?]
	at knot/net.minecraft.class_4185.method_25306(class_4185.java:96) ~[client-intermediary.jar:?]
	at knot/net.minecraft.class_4264.method_25348(class_4264.java:48) ~[client-intermediary.jar:?]
	at knot/net.minecraft.class_339.method_25402(class_339.java:141) ~[client-intermediary.jar:?]
	at knot/net.minecraft.class_4069.method_25402(class_4069.java:38) ~[client-intermediary.jar:?]
	at knot/net.minecraft.class_312.method_1611(class_312.java:107) ~[client-intermediary.jar:?]
	at knot/net.minecraft.class_437.method_25412(class_437.java:431) ~[client-intermediary.jar:?]
	at knot/net.minecraft.class_312.method_1601(class_312.java:107) ~[client-intermediary.jar:?]
	at knot/net.minecraft.class_312.method_22686(class_312.java:196) ~[client-intermediary.jar:?]
	at knot/net.minecraft.class_1255.execute(class_1255.java:108) ~[client-intermediary.jar:?]
	at knot/net.minecraft.class_312.method_22684(class_312.java:196) ~[client-intermediary.jar:?]
	at knot/org.lwjgl.glfw.GLFWMouseButtonCallbackI.callback(GLFWMouseButtonCallbackI.java:43) [lwjgl-glfw-3.3.3.jar:?]
	at knot/org.lwjgl.system.JNI.invokeV(Native Method) ~[lwjgl-3.3.3.jar:?]
	at knot/org.lwjgl.glfw.GLFW.glfwWaitEventsTimeout(GLFW.java:3509) [lwjgl-glfw-3.3.3.jar:?]
	at knot/com.mojang.blaze3d.systems.RenderSystem.limitDisplayFPS(RenderSystem.java:184) [client-intermediary.jar:?]
	at knot/net.minecraft.class_310.method_1523(class_310.java:1310) [client-intermediary.jar:?]
	at knot/net.minecraft.class_310.method_1514(class_310.java:882) [client-intermediary.jar:?]
	at knot/net.minecraft.client.main.Main.main(Main.java:256) [client-intermediary.jar:?]
	at net.fabricmc.loader.impl.game.minecraft.MinecraftGameProvider.launch(MinecraftGameProvider.java:514) [fabric-loader-0.18.1.jar:?]
	at net.fabricmc.loader.impl.launch.knot.Knot.launch(Knot.java:72) [fabric-loader-0.18.1.jar:?]
	at net.fabricmc.loader.impl.launch.knot.KnotClient.main(KnotClient.java:23) [fabric-loader-0.18.1.jar:?]
[22:11:29] [Render thread/ERROR]: Parsing error loading recipe supplementaries:candle_holder_aqua
com.google.gson.JsonParseException: Unknown registry key in ResourceKey[minecraft:root / minecraft:item]: supplementaries:candle_holder_aqua
	at knot/com.mojang.serialization.DataResult$Error.mde968eb$owo$lambda$addStackTraceToException$0$0(DataResult.java:565) ~[datafixerupper-8.0.16.jar:?]
	at knot/com.mojang.serialization.DataResult$Error.getOrThrow(DataResult.java:287) ~[datafixerupper-8.0.16.jar:?]
	at knot/net.minecraft.class_1863.method_20705(class_1863.java:62) ~[client-intermediary.jar:?]
	at knot/net.minecraft.class_1863.method_18788(class_1863.java:35) ~[client-intermediary.jar:?]
	at knot/net.minecraft.class_4080.method_18790(class_4080.java:13) ~[client-intermediary.jar:?]
	at java.base/java.util.concurrent.CompletableFuture$UniAccept.tryFire(Unknown Source) ~[?:?]
	at java.base/java.util.concurrent.CompletableFuture$Completion.run(Unknown Source) ~[?:?]
	at knot/net.minecraft.class_4014.method_18365(class_4014.java:69) ~[client-intermediary.jar:?]
	at knot/net.minecraft.class_1255.method_18859(class_1255.java:162) ~[client-intermediary.jar:?]
	at knot/net.minecraft.class_4093.method_18859(class_4093.java:23) ~[client-intermediary.jar:?]
	at knot/net.minecraft.class_1255.method_16075(class_1255.java:136) ~[client-intermediary.jar:?]
	at knot/net.minecraft.class_1255.method_18857(class_1255.java:145) ~[client-intermediary.jar:?]
	at knot/net.minecraft.class_310.method_18857(class_310.java:32678) ~[client-intermediary.jar:?]
	at knot/net.minecraft.class_525.method_31130(class_525.java:329) ~[client-intermediary.jar:?]
	at knot/net.minecraft.class_526.method_19944(class_526.java:54) ~[client-intermediary.jar:?]
	at knot/net.minecraft.class_4185.method_25306(class_4185.java:96) ~[client-intermediary.jar:?]
	at knot/net.minecraft.class_4264.method_25348(class_4264.java:48) ~[client-intermediary.jar:?]
	at knot/net.minecraft.class_339.method_25402(class_339.java:141) ~[client-intermediary.jar:?]
	at knot/net.minecraft.class_4069.method_25402(class_4069.java:38) ~[client-intermediary.jar:?]
	at knot/net.minecraft.class_312.method_1611(class_312.java:107) ~[client-intermediary.jar:?]
	at knot/net.minecraft.class_437.method_25412(class_437.java:431) ~[client-intermediary.jar:?]
	at knot/net.minecraft.class_312.method_1601(class_312.java:107) ~[client-intermediary.jar:?]
	at knot/net.minecraft.class_312.method_22686(class_312.java:196) ~[client-intermediary.jar:?]
	at knot/net.minecraft.class_1255.execute(class_1255.java:108) ~[client-intermediary.jar:?]
	at knot/net.minecraft.class_312.method_22684(class_312.java:196) ~[client-intermediary.jar:?]
	at knot/org.lwjgl.glfw.GLFWMouseButtonCallbackI.callback(GLFWMouseButtonCallbackI.java:43) [lwjgl-glfw-3.3.3.jar:?]
	at knot/org.lwjgl.system.JNI.invokeV(Native Method) ~[lwjgl-3.3.3.jar:?]
	at knot/org.lwjgl.glfw.GLFW.glfwWaitEventsTimeout(GLFW.java:3509) [lwjgl-glfw-3.3.3.jar:?]
	at knot/com.mojang.blaze3d.systems.RenderSystem.limitDisplayFPS(RenderSystem.java:184) [client-intermediary.jar:?]
	at knot/net.minecraft.class_310.method_1523(class_310.java:1310) [client-intermediary.jar:?]
	at knot/net.minecraft.class_310.method_1514(class_310.java:882) [client-intermediary.jar:?]
	at knot/net.minecraft.client.main.Main.main(Main.java:256) [client-intermediary.jar:?]
	at net.fabricmc.loader.impl.game.minecraft.MinecraftGameProvider.launch(MinecraftGameProvider.java:514) [fabric-loader-0.18.1.jar:?]
	at net.fabricmc.loader.impl.launch.knot.Knot.launch(Knot.java:72) [fabric-loader-0.18.1.jar:?]
	at net.fabricmc.loader.impl.launch.knot.KnotClient.main(KnotClient.java:23) [fabric-loader-0.18.1.jar:?]
[22:11:29] [Render thread/ERROR]: Parsing error loading recipe supplementaries:flag_tan
com.google.gson.JsonParseException: Unknown registry key in ResourceKey[minecraft:root / minecraft:item]: supplementaries:flag_tan
	at knot/com.mojang.serialization.DataResult$Error.mde968eb$owo$lambda$addStackTraceToException$0$0(DataResult.java:565) ~[datafixerupper-8.0.16.jar:?]
	at knot/com.mojang.serialization.DataResult$Error.getOrThrow(DataResult.java:287) ~[datafixerupper-8.0.16.jar:?]
	at knot/net.minecraft.class_1863.method_20705(class_1863.java:62) ~[client-intermediary.jar:?]
	at knot/net.minecraft.class_1863.method_18788(class_1863.java:35) ~[client-intermediary.jar:?]
	at knot/net.minecraft.class_4080.method_18790(class_4080.java:13) ~[client-intermediary.jar:?]
	at java.base/java.util.concurrent.CompletableFuture$UniAccept.tryFire(Unknown Source) ~[?:?]
	at java.base/java.util.concurrent.CompletableFuture$Completion.run(Unknown Source) ~[?:?]
	at knot/net.minecraft.class_4014.method_18365(class_4014.java:69) ~[client-intermediary.jar:?]
	at knot/net.minecraft.class_1255.method_18859(class_1255.java:162) ~[client-intermediary.jar:?]
	at knot/net.minecraft.class_4093.method_18859(class_4093.java:23) ~[client-intermediary.jar:?]
	at knot/net.minecraft.class_1255.method_16075(class_1255.java:136) ~[client-intermediary.jar:?]
	at knot/net.minecraft.class_1255.method_18857(class_1255.java:145) ~[client-intermediary.jar:?]
	at knot/net.minecraft.class_310.method_18857(class_310.java:32678) ~[client-intermediary.jar:?]
	at knot/net.minecraft.class_525.method_31130(class_525.java:329) ~[client-intermediary.jar:?]
	at knot/net.minecraft.class_526.method_19944(class_526.java:54) ~[client-intermediary.jar:?]
	at knot/net.minecraft.class_4185.method_25306(class_4185.java:96) ~[client-intermediary.jar:?]
	at knot/net.minecraft.class_4264.method_25348(class_4264.java:48) ~[client-intermediary.jar:?]
	at knot/net.minecraft.class_339.method_25402(class_339.java:141) ~[client-intermediary.jar:?]
	at knot/net.minecraft.class_4069.method_25402(class_4069.java:38) ~[client-intermediary.jar:?]
	at knot/net.minecraft.class_312.method_1611(class_312.java:107) ~[client-intermediary.jar:?]
	at knot/net.minecraft.class_437.method_25412(class_437.java:431) ~[client-intermediary.jar:?]
	at knot/net.minecraft.class_312.method_1601(class_312.java:107) ~[client-intermediary.jar:?]
	at knot/net.minecraft.class_312.method_22686(class_312.java:196) ~[client-intermediary.jar:?]
	at knot/net.minecraft.class_1255.execute(class_1255.java:108) ~[client-intermediary.jar:?]
	at knot/net.minecraft.class_312.method_22684(class_312.java:196) ~[client-intermediary.jar:?]
	at knot/org.lwjgl.glfw.GLFWMouseButtonCallbackI.callback(GLFWMouseButtonCallbackI.java:43) [lwjgl-glfw-3.3.3.jar:?]
	at knot/org.lwjgl.system.JNI.invokeV(Native Method) ~[lwjgl-3.3.3.jar:?]
	at knot/org.lwjgl.glfw.GLFW.glfwWaitEventsTimeout(GLFW.java:3509) [lwjgl-glfw-3.3.3.jar:?]
	at knot/com.mojang.blaze3d.systems.RenderSystem.limitDisplayFPS(RenderSystem.java:184) [client-intermediary.jar:?]
	at knot/net.minecraft.class_310.method_1523(class_310.java:1310) [client-intermediary.jar:?]
	at knot/net.minecraft.class_310.method_1514(class_310.java:882) [client-intermediary.jar:?]
	at knot/net.minecraft.client.main.Main.main(Main.java:256) [client-intermediary.jar:?]
	at net.fabricmc.loader.impl.game.minecraft.MinecraftGameProvider.launch(MinecraftGameProvider.java:514) [fabric-loader-0.18.1.jar:?]
	at net.fabricmc.loader.impl.launch.knot.Knot.launch(Knot.java:72) [fabric-loader-0.18.1.jar:?]
	at net.fabricmc.loader.impl.launch.knot.KnotClient.main(KnotClient.java:23) [fabric-loader-0.18.1.jar:?]
[22:11:29] [Render thread/ERROR]: Parsing error loading recipe shutter:cypress_shutter
com.google.gson.JsonParseException: Map entry '#' : Failed to parse either. First: Input does not contain a key [fabric:type]: MapLike[{"item":"goodending:cypress_slab"}]; Second: Failed to parse either. First: Not a json array: {"item":"goodending:cypress_slab"}; Second: No key tag in MapLike[{"item":"goodending:cypress_slab"}]; Unknown registry key in ResourceKey[minecraft:root / minecraft:item]: goodending:cypress_slab
	at knot/com.mojang.serialization.DataResult$Error.mde968eb$owo$lambda$addStackTraceToException$0$0(DataResult.java:565) ~[datafixerupper-8.0.16.jar:?]
	at knot/com.mojang.serialization.DataResult$Error.getOrThrow(DataResult.java:287) ~[datafixerupper-8.0.16.jar:?]
	at knot/net.minecraft.class_1863.method_20705(class_1863.java:62) ~[client-intermediary.jar:?]
	at knot/net.minecraft.class_1863.method_18788(class_1863.java:35) ~[client-intermediary.jar:?]
	at knot/net.minecraft.class_4080.method_18790(class_4080.java:13) ~[client-intermediary.jar:?]
	at java.base/java.util.concurrent.CompletableFuture$UniAccept.tryFire(Unknown Source) ~[?:?]
	at java.base/java.util.concurrent.CompletableFuture$Completion.run(Unknown Source) ~[?:?]
	at knot/net.minecraft.class_4014.method_18365(class_4014.java:69) ~[client-intermediary.jar:?]
	at knot/net.minecraft.class_1255.method_18859(class_1255.java:162) ~[client-intermediary.jar:?]
	at knot/net.minecraft.class_4093.method_18859(class_4093.java:23) ~[client-intermediary.jar:?]
	at knot/net.minecraft.class_1255.method_16075(class_1255.java:136) ~[client-intermediary.jar:?]
	at knot/net.minecraft.class_1255.method_18857(class_1255.java:145) ~[client-intermediary.jar:?]
	at knot/net.minecraft.class_310.method_18857(class_310.java:32678) ~[client-intermediary.jar:?]
	at knot/net.minecraft.class_525.method_31130(class_525.java:329) ~[client-intermediary.jar:?]
	at knot/net.minecraft.class_526.method_19944(class_526.java:54) ~[client-intermediary.jar:?]
	at knot/net.minecraft.class_4185.method_25306(class_4185.java:96) ~[client-intermediary.jar:?]
	at knot/net.minecraft.class_4264.method_25348(class_4264.java:48) ~[client-intermediary.jar:?]
	at knot/net.minecraft.class_339.method_25402(class_339.java:141) ~[client-intermediary.jar:?]
	at knot/net.minecraft.class_4069.method_25402(class_4069.java:38) ~[client-intermediary.jar:?]
	at knot/net.minecraft.class_312.method_1611(class_312.java:107) ~[client-intermediary.jar:?]
	at knot/net.minecraft.class_437.method_25412(class_437.java:431) ~[client-intermediary.jar:?]
	at knot/net.minecraft.class_312.method_1601(class_312.java:107) ~[client-intermediary.jar:?]
	at knot/net.minecraft.class_312.method_22686(class_312.java:196) ~[client-intermediary.jar:?]
	at knot/net.minecraft.class_1255.execute(class_1255.java:108) ~[client-intermediary.jar:?]
	at knot/net.minecraft.class_312.method_22684(class_312.java:196) ~[client-intermediary.jar:?]
	at knot/org.lwjgl.glfw.GLFWMouseButtonCallbackI.callback(GLFWMouseButtonCallbackI.java:43) [lwjgl-glfw-3.3.3.jar:?]
	at knot/org.lwjgl.system.JNI.invokeV(Native Method) ~[lwjgl-3.3.3.jar:?]
	at knot/org.lwjgl.glfw.GLFW.glfwWaitEventsTimeout(GLFW.java:3509) [lwjgl-glfw-3.3.3.jar:?]
	at knot/com.mojang.blaze3d.systems.RenderSystem.limitDisplayFPS(RenderSystem.java:184) [client-intermediary.jar:?]
	at knot/net.minecraft.class_310.method_1523(class_310.java:1310) [client-intermediary.jar:?]
	at knot/net.minecraft.class_310.method_1514(class_310.java:882) [client-intermediary.jar:?]
	at knot/net.minecraft.client.main.Main.main(Main.java:256) [client-intermediary.jar:?]
	at net.fabricmc.loader.impl.game.minecraft.MinecraftGameProvider.launch(MinecraftGameProvider.java:514) [fabric-loader-0.18.1.jar:?]
	at net.fabricmc.loader.impl.launch.knot.Knot.launch(Knot.java:72) [fabric-loader-0.18.1.jar:?]
	at net.fabricmc.loader.impl.launch.knot.KnotClient.main(KnotClient.java:23) [fabric-loader-0.18.1.jar:?]
[22:11:29] [Render thread/ERROR]: Parsing error loading recipe supplementaries:candle_holder_ginger
com.google.gson.JsonParseException: Unknown registry key in ResourceKey[minecraft:root / minecraft:item]: supplementaries:candle_holder_ginger
	at knot/com.mojang.serialization.DataResult$Error.mde968eb$owo$lambda$addStackTraceToException$0$0(DataResult.java:565) ~[datafixerupper-8.0.16.jar:?]
	at knot/com.mojang.serialization.DataResult$Error.getOrThrow(DataResult.java:287) ~[datafixerupper-8.0.16.jar:?]
	at knot/net.minecraft.class_1863.method_20705(class_1863.java:62) ~[client-intermediary.jar:?]
	at knot/net.minecraft.class_1863.method_18788(class_1863.java:35) ~[client-intermediary.jar:?]
	at knot/net.minecraft.class_4080.method_18790(class_4080.java:13) ~[client-intermediary.jar:?]
	at java.base/java.util.concurrent.CompletableFuture$UniAccept.tryFire(Unknown Source) ~[?:?]
	at java.base/java.util.concurrent.CompletableFuture$Completion.run(Unknown Source) ~[?:?]
	at knot/net.minecraft.class_4014.method_18365(class_4014.java:69) ~[client-intermediary.jar:?]
	at knot/net.minecraft.class_1255.method_18859(class_1255.java:162) ~[client-intermediary.jar:?]
	at knot/net.minecraft.class_4093.method_18859(class_4093.java:23) ~[client-intermediary.jar:?]
	at knot/net.minecraft.class_1255.method_16075(class_1255.java:136) ~[client-intermediary.jar:?]
	at knot/net.minecraft.class_1255.method_18857(class_1255.java:145) ~[client-intermediary.jar:?]
	at knot/net.minecraft.class_310.method_18857(class_310.java:32678) ~[client-intermediary.jar:?]
	at knot/net.minecraft.class_525.method_31130(class_525.java:329) ~[client-intermediary.jar:?]
	at knot/net.minecraft.class_526.method_19944(class_526.java:54) ~[client-intermediary.jar:?]
	at knot/net.minecraft.class_4185.method_25306(class_4185.java:96) ~[client-intermediary.jar:?]
	at knot/net.minecraft.class_4264.method_25348(class_4264.java:48) ~[client-intermediary.jar:?]
	at knot/net.minecraft.class_339.method_25402(class_339.java:141) ~[client-intermediary.jar:?]
	at knot/net.minecraft.class_4069.method_25402(class_4069.java:38) ~[client-intermediary.jar:?]
	at knot/net.minecraft.class_312.method_1611(class_312.java:107) ~[client-intermediary.jar:?]
	at knot/net.minecraft.class_437.method_25412(class_437.java:431) ~[client-intermediary.jar:?]
	at knot/net.minecraft.class_312.method_1601(class_312.java:107) ~[client-intermediary.jar:?]
	at knot/net.minecraft.class_312.method_22686(class_312.java:196) ~[client-intermediary.jar:?]
	at knot/net.minecraft.class_1255.execute(class_1255.java:108) ~[client-intermediary.jar:?]
	at knot/net.minecraft.class_312.method_22684(class_312.java:196) ~[client-intermediary.jar:?]
	at knot/org.lwjgl.glfw.GLFWMouseButtonCallbackI.callback(GLFWMouseButtonCallbackI.java:43) [lwjgl-glfw-3.3.3.jar:?]
	at knot/org.lwjgl.system.JNI.invokeV(Native Method) ~[lwjgl-3.3.3.jar:?]
	at knot/org.lwjgl.glfw.GLFW.glfwWaitEventsTimeout(GLFW.java:3509) [lwjgl-glfw-3.3.3.jar:?]
	at knot/com.mojang.blaze3d.systems.RenderSystem.limitDisplayFPS(RenderSystem.java:184) [client-intermediary.jar:?]
	at knot/net.minecraft.class_310.method_1523(class_310.java:1310) [client-intermediary.jar:?]
	at knot/net.minecraft.class_310.method_1514(class_310.java:882) [client-intermediary.jar:?]
	at knot/net.minecraft.client.main.Main.main(Main.java:256) [client-intermediary.jar:?]
	at net.fabricmc.loader.impl.game.minecraft.MinecraftGameProvider.launch(MinecraftGameProvider.java:514) [fabric-loader-0.18.1.jar:?]
	at net.fabricmc.loader.impl.launch.knot.Knot.launch(Knot.java:72) [fabric-loader-0.18.1.jar:?]
	at net.fabricmc.loader.impl.launch.knot.KnotClient.main(KnotClient.java:23) [fabric-loader-0.18.1.jar:?]
[22:11:29] [Render thread/ERROR]: Parsing error loading recipe suppsquared:gold_candle_holder_rose
com.google.gson.JsonParseException: Unknown registry key in ResourceKey[minecraft:root / minecraft:item]: suppsquared:gold_candle_holder_rose
	at knot/com.mojang.serialization.DataResult$Error.mde968eb$owo$lambda$addStackTraceToException$0$0(DataResult.java:565) ~[datafixerupper-8.0.16.jar:?]
	at knot/com.mojang.serialization.DataResult$Error.getOrThrow(DataResult.java:287) ~[datafixerupper-8.0.16.jar:?]
	at knot/net.minecraft.class_1863.method_20705(class_1863.java:62) ~[client-intermediary.jar:?]
	at knot/net.minecraft.class_1863.method_18788(class_1863.java:35) ~[client-intermediary.jar:?]
	at knot/net.minecraft.class_4080.method_18790(class_4080.java:13) ~[client-intermediary.jar:?]
	at java.base/java.util.concurrent.CompletableFuture$UniAccept.tryFire(Unknown Source) ~[?:?]
	at java.base/java.util.concurrent.CompletableFuture$Completion.run(Unknown Source) ~[?:?]
	at knot/net.minecraft.class_4014.method_18365(class_4014.java:69) ~[client-intermediary.jar:?]
	at knot/net.minecraft.class_1255.method_18859(class_1255.java:162) ~[client-intermediary.jar:?]
	at knot/net.minecraft.class_4093.method_18859(class_4093.java:23) ~[client-intermediary.jar:?]
	at knot/net.minecraft.class_1255.method_16075(class_1255.java:136) ~[client-intermediary.jar:?]
	at knot/net.minecraft.class_1255.method_18857(class_1255.java:145) ~[client-intermediary.jar:?]
	at knot/net.minecraft.class_310.method_18857(class_310.java:32678) ~[client-intermediary.jar:?]
	at knot/net.minecraft.class_525.method_31130(class_525.java:329) ~[client-intermediary.jar:?]
	at knot/net.minecraft.class_526.method_19944(class_526.java:54) ~[client-intermediary.jar:?]
	at knot/net.minecraft.class_4185.method_25306(class_4185.java:96) ~[client-intermediary.jar:?]
	at knot/net.minecraft.class_4264.method_25348(class_4264.java:48) ~[client-intermediary.jar:?]
	at knot/net.minecraft.class_339.method_25402(class_339.java:141) ~[client-intermediary.jar:?]
	at knot/net.minecraft.class_4069.method_25402(class_4069.java:38) ~[client-intermediary.jar:?]
	at knot/net.minecraft.class_312.method_1611(class_312.java:107) ~[client-intermediary.jar:?]
	at knot/net.minecraft.class_437.method_25412(class_437.java:431) ~[client-intermediary.jar:?]
	at knot/net.minecraft.class_312.method_1601(class_312.java:107) ~[client-intermediary.jar:?]
	at knot/net.minecraft.class_312.method_22686(class_312.java:196) ~[client-intermediary.jar:?]
	at knot/net.minecraft.class_1255.execute(class_1255.java:108) ~[client-intermediary.jar:?]
	at knot/net.minecraft.class_312.method_22684(class_312.java:196) ~[client-intermediary.jar:?]
	at knot/org.lwjgl.glfw.GLFWMouseButtonCallbackI.callback(GLFWMouseButtonCallbackI.java:43) [lwjgl-glfw-3.3.3.jar:?]
	at knot/org.lwjgl.system.JNI.invokeV(Native Method) ~[lwjgl-3.3.3.jar:?]
	at knot/org.lwjgl.glfw.GLFW.glfwWaitEventsTimeout(GLFW.java:3509) [lwjgl-glfw-3.3.3.jar:?]
	at knot/com.mojang.blaze3d.systems.RenderSystem.limitDisplayFPS(RenderSystem.java:184) [client-intermediary.jar:?]
	at knot/net.minecraft.class_310.method_1523(class_310.java:1310) [client-intermediary.jar:?]
	at knot/net.minecraft.class_310.method_1514(class_310.java:882) [client-intermediary.jar:?]
	at knot/net.minecraft.client.main.Main.main(Main.java:256) [client-intermediary.jar:?]
	at net.fabricmc.loader.impl.game.minecraft.MinecraftGameProvider.launch(MinecraftGameProvider.java:514) [fabric-loader-0.18.1.jar:?]
	at net.fabricmc.loader.impl.launch.knot.Knot.launch(Knot.java:72) [fabric-loader-0.18.1.jar:?]
	at net.fabricmc.loader.impl.launch.knot.KnotClient.main(KnotClient.java:23) [fabric-loader-0.18.1.jar:?]
[22:11:29] [Render thread/ERROR]: Parsing error loading recipe supplementaries:flag_mint
com.google.gson.JsonParseException: Unknown registry key in ResourceKey[minecraft:root / minecraft:item]: supplementaries:flag_mint
	at knot/com.mojang.serialization.DataResult$Error.mde968eb$owo$lambda$addStackTraceToException$0$0(DataResult.java:565) ~[datafixerupper-8.0.16.jar:?]
	at knot/com.mojang.serialization.DataResult$Error.getOrThrow(DataResult.java:287) ~[datafixerupper-8.0.16.jar:?]
	at knot/net.minecraft.class_1863.method_20705(class_1863.java:62) ~[client-intermediary.jar:?]
	at knot/net.minecraft.class_1863.method_18788(class_1863.java:35) ~[client-intermediary.jar:?]
	at knot/net.minecraft.class_4080.method_18790(class_4080.java:13) ~[client-intermediary.jar:?]
	at java.base/java.util.concurrent.CompletableFuture$UniAccept.tryFire(Unknown Source) ~[?:?]
	at java.base/java.util.concurrent.CompletableFuture$Completion.run(Unknown Source) ~[?:?]
	at knot/net.minecraft.class_4014.method_18365(class_4014.java:69) ~[client-intermediary.jar:?]
	at knot/net.minecraft.class_1255.method_18859(class_1255.java:162) ~[client-intermediary.jar:?]
	at knot/net.minecraft.class_4093.method_18859(class_4093.java:23) ~[client-intermediary.jar:?]
	at knot/net.minecraft.class_1255.method_16075(class_1255.java:136) ~[client-intermediary.jar:?]
	at knot/net.minecraft.class_1255.method_18857(class_1255.java:145) ~[client-intermediary.jar:?]
	at knot/net.minecraft.class_310.method_18857(class_310.java:32678) ~[client-intermediary.jar:?]
	at knot/net.minecraft.class_525.method_31130(class_525.java:329) ~[client-intermediary.jar:?]
	at knot/net.minecraft.class_526.method_19944(class_526.java:54) ~[client-intermediary.jar:?]
	at knot/net.minecraft.class_4185.method_25306(class_4185.java:96) ~[client-intermediary.jar:?]
	at knot/net.minecraft.class_4264.method_25348(class_4264.java:48) ~[client-intermediary.jar:?]
	at knot/net.minecraft.class_339.method_25402(class_339.java:141) ~[client-intermediary.jar:?]
	at knot/net.minecraft.class_4069.method_25402(class_4069.java:38) ~[client-intermediary.jar:?]
	at knot/net.minecraft.class_312.method_1611(class_312.java:107) ~[client-intermediary.jar:?]
	at knot/net.minecraft.class_437.method_25412(class_437.java:431) ~[client-intermediary.jar:?]
	at knot/net.minecraft.class_312.method_1601(class_312.java:107) ~[client-intermediary.jar:?]
	at knot/net.minecraft.class_312.method_22686(class_312.java:196) ~[client-intermediary.jar:?]
	at knot/net.minecraft.class_1255.execute(class_1255.java:108) ~[client-intermediary.jar:?]
	at knot/net.minecraft.class_312.method_22684(class_312.java:196) ~[client-intermediary.jar:?]
	at knot/org.lwjgl.glfw.GLFWMouseButtonCallbackI.callback(GLFWMouseButtonCallbackI.java:43) [lwjgl-glfw-3.3.3.jar:?]
	at knot/org.lwjgl.system.JNI.invokeV(Native Method) ~[lwjgl-3.3.3.jar:?]
	at knot/org.lwjgl.glfw.GLFW.glfwWaitEventsTimeout(GLFW.java:3509) [lwjgl-glfw-3.3.3.jar:?]
	at knot/com.mojang.blaze3d.systems.RenderSystem.limitDisplayFPS(RenderSystem.java:184) [client-intermediary.jar:?]
	at knot/net.minecraft.class_310.method_1523(class_310.java:1310) [client-intermediary.jar:?]
	at knot/net.minecraft.class_310.method_1514(class_310.java:882) [client-intermediary.jar:?]
	at knot/net.minecraft.client.main.Main.main(Main.java:256) [client-intermediary.jar:?]
	at net.fabricmc.loader.impl.game.minecraft.MinecraftGameProvider.launch(MinecraftGameProvider.java:514) [fabric-loader-0.18.1.jar:?]
	at net.fabricmc.loader.impl.launch.knot.Knot.launch(Knot.java:72) [fabric-loader-0.18.1.jar:?]
	at net.fabricmc.loader.impl.launch.knot.KnotClient.main(KnotClient.java:23) [fabric-loader-0.18.1.jar:?]
[22:11:29] [Render thread/ERROR]: Parsing error loading recipe supplementaries:candle_holder_maroon
com.google.gson.JsonParseException: Unknown registry key in ResourceKey[minecraft:root / minecraft:item]: supplementaries:candle_holder_maroon
	at knot/com.mojang.serialization.DataResult$Error.mde968eb$owo$lambda$addStackTraceToException$0$0(DataResult.java:565) ~[datafixerupper-8.0.16.jar:?]
	at knot/com.mojang.serialization.DataResult$Error.getOrThrow(DataResult.java:287) ~[datafixerupper-8.0.16.jar:?]
	at knot/net.minecraft.class_1863.method_20705(class_1863.java:62) ~[client-intermediary.jar:?]
	at knot/net.minecraft.class_1863.method_18788(class_1863.java:35) ~[client-intermediary.jar:?]
	at knot/net.minecraft.class_4080.method_18790(class_4080.java:13) ~[client-intermediary.jar:?]
	at java.base/java.util.concurrent.CompletableFuture$UniAccept.tryFire(Unknown Source) ~[?:?]
	at java.base/java.util.concurrent.CompletableFuture$Completion.run(Unknown Source) ~[?:?]
	at knot/net.minecraft.class_4014.method_18365(class_4014.java:69) ~[client-intermediary.jar:?]
	at knot/net.minecraft.class_1255.method_18859(class_1255.java:162) ~[client-intermediary.jar:?]
	at knot/net.minecraft.class_4093.method_18859(class_4093.java:23) ~[client-intermediary.jar:?]
	at knot/net.minecraft.class_1255.method_16075(class_1255.java:136) ~[client-intermediary.jar:?]
	at knot/net.minecraft.class_1255.method_18857(class_1255.java:145) ~[client-intermediary.jar:?]
	at knot/net.minecraft.class_310.method_18857(class_310.java:32678) ~[client-intermediary.jar:?]
	at knot/net.minecraft.class_525.method_31130(class_525.java:329) ~[client-intermediary.jar:?]
	at knot/net.minecraft.class_526.method_19944(class_526.java:54) ~[client-intermediary.jar:?]
	at knot/net.minecraft.class_4185.method_25306(class_4185.java:96) ~[client-intermediary.jar:?]
	at knot/net.minecraft.class_4264.method_25348(class_4264.java:48) ~[client-intermediary.jar:?]
	at knot/net.minecraft.class_339.method_25402(class_339.java:141) ~[client-intermediary.jar:?]
	at knot/net.minecraft.class_4069.method_25402(class_4069.java:38) ~[client-intermediary.jar:?]
	at knot/net.minecraft.class_312.method_1611(class_312.java:107) ~[client-intermediary.jar:?]
	at knot/net.minecraft.class_437.method_25412(class_437.java:431) ~[client-intermediary.jar:?]
	at knot/net.minecraft.class_312.method_1601(class_312.java:107) ~[client-intermediary.jar:?]
	at knot/net.minecraft.class_312.method_22686(class_312.java:196) ~[client-intermediary.jar:?]
	at knot/net.minecraft.class_1255.execute(class_1255.java:108) ~[client-intermediary.jar:?]
	at knot/net.minecraft.class_312.method_22684(class_312.java:196) ~[client-intermediary.jar:?]
	at knot/org.lwjgl.glfw.GLFWMouseButtonCallbackI.callback(GLFWMouseButtonCallbackI.java:43) [lwjgl-glfw-3.3.3.jar:?]
	at knot/org.lwjgl.system.JNI.invokeV(Native Method) ~[lwjgl-3.3.3.jar:?]
	at knot/org.lwjgl.glfw.GLFW.glfwWaitEventsTimeout(GLFW.java:3509) [lwjgl-glfw-3.3.3.jar:?]
	at knot/com.mojang.blaze3d.systems.RenderSystem.limitDisplayFPS(RenderSystem.java:184) [client-intermediary.jar:?]
	at knot/net.minecraft.class_310.method_1523(class_310.java:1310) [client-intermediary.jar:?]
	at knot/net.minecraft.class_310.method_1514(class_310.java:882) [client-intermediary.jar:?]
	at knot/net.minecraft.client.main.Main.main(Main.java:256) [client-intermediary.jar:?]
	at net.fabricmc.loader.impl.game.minecraft.MinecraftGameProvider.launch(MinecraftGameProvider.java:514) [fabric-loader-0.18.1.jar:?]
	at net.fabricmc.loader.impl.launch.knot.Knot.launch(Knot.java:72) [fabric-loader-0.18.1.jar:?]
	at net.fabricmc.loader.impl.launch.knot.KnotClient.main(KnotClient.java:23) [fabric-loader-0.18.1.jar:?]
[22:11:29] [Render thread/ERROR]: Parsing error loading recipe supplementaries:flag_ginger
com.google.gson.JsonParseException: Unknown registry key in ResourceKey[minecraft:root / minecraft:item]: supplementaries:flag_ginger
	at knot/com.mojang.serialization.DataResult$Error.mde968eb$owo$lambda$addStackTraceToException$0$0(DataResult.java:565) ~[datafixerupper-8.0.16.jar:?]
	at knot/com.mojang.serialization.DataResult$Error.getOrThrow(DataResult.java:287) ~[datafixerupper-8.0.16.jar:?]
	at knot/net.minecraft.class_1863.method_20705(class_1863.java:62) ~[client-intermediary.jar:?]
	at knot/net.minecraft.class_1863.method_18788(class_1863.java:35) ~[client-intermediary.jar:?]
	at knot/net.minecraft.class_4080.method_18790(class_4080.java:13) ~[client-intermediary.jar:?]
	at java.base/java.util.concurrent.CompletableFuture$UniAccept.tryFire(Unknown Source) ~[?:?]
	at java.base/java.util.concurrent.CompletableFuture$Completion.run(Unknown Source) ~[?:?]
	at knot/net.minecraft.class_4014.method_18365(class_4014.java:69) ~[client-intermediary.jar:?]
	at knot/net.minecraft.class_1255.method_18859(class_1255.java:162) ~[client-intermediary.jar:?]
	at knot/net.minecraft.class_4093.method_18859(class_4093.java:23) ~[client-intermediary.jar:?]
	at knot/net.minecraft.class_1255.method_16075(class_1255.java:136) ~[client-intermediary.jar:?]
	at knot/net.minecraft.class_1255.method_18857(class_1255.java:145) ~[client-intermediary.jar:?]
	at knot/net.minecraft.class_310.method_18857(class_310.java:32678) ~[client-intermediary.jar:?]
	at knot/net.minecraft.class_525.method_31130(class_525.java:329) ~[client-intermediary.jar:?]
	at knot/net.minecraft.class_526.method_19944(class_526.java:54) ~[client-intermediary.jar:?]
	at knot/net.minecraft.class_4185.method_25306(class_4185.java:96) ~[client-intermediary.jar:?]
	at knot/net.minecraft.class_4264.method_25348(class_4264.java:48) ~[client-intermediary.jar:?]
	at knot/net.minecraft.class_339.method_25402(class_339.java:141) ~[client-intermediary.jar:?]
	at knot/net.minecraft.class_4069.method_25402(class_4069.java:38) ~[client-intermediary.jar:?]
	at knot/net.minecraft.class_312.method_1611(class_312.java:107) ~[client-intermediary.jar:?]
	at knot/net.minecraft.class_437.method_25412(class_437.java:431) ~[client-intermediary.jar:?]
	at knot/net.minecraft.class_312.method_1601(class_312.java:107) ~[client-intermediary.jar:?]
	at knot/net.minecraft.class_312.method_22686(class_312.java:196) ~[client-intermediary.jar:?]
	at knot/net.minecraft.class_1255.execute(class_1255.java:108) ~[client-intermediary.jar:?]
	at knot/net.minecraft.class_312.method_22684(class_312.java:196) ~[client-intermediary.jar:?]
	at knot/org.lwjgl.glfw.GLFWMouseButtonCallbackI.callback(GLFWMouseButtonCallbackI.java:43) [lwjgl-glfw-3.3.3.jar:?]
	at knot/org.lwjgl.system.JNI.invokeV(Native Method) ~[lwjgl-3.3.3.jar:?]
	at knot/org.lwjgl.glfw.GLFW.glfwWaitEventsTimeout(GLFW.java:3509) [lwjgl-glfw-3.3.3.jar:?]
	at knot/com.mojang.blaze3d.systems.RenderSystem.limitDisplayFPS(RenderSystem.java:184) [client-intermediary.jar:?]
	at knot/net.minecraft.class_310.method_1523(class_310.java:1310) [client-intermediary.jar:?]
	at knot/net.minecraft.class_310.method_1514(class_310.java:882) [client-intermediary.jar:?]
	at knot/net.minecraft.client.main.Main.main(Main.java:256) [client-intermediary.jar:?]
	at net.fabricmc.loader.impl.game.minecraft.MinecraftGameProvider.launch(MinecraftGameProvider.java:514) [fabric-loader-0.18.1.jar:?]
	at net.fabricmc.loader.impl.launch.knot.Knot.launch(Knot.java:72) [fabric-loader-0.18.1.jar:?]
	at net.fabricmc.loader.impl.launch.knot.KnotClient.main(KnotClient.java:23) [fabric-loader-0.18.1.jar:?]
[22:11:29] [Render thread/ERROR]: Parsing error loading recipe supplementaries:flag_forest
com.google.gson.JsonParseException: Unknown registry key in ResourceKey[minecraft:root / minecraft:item]: supplementaries:flag_forest
	at knot/com.mojang.serialization.DataResult$Error.mde968eb$owo$lambda$addStackTraceToException$0$0(DataResult.java:565) ~[datafixerupper-8.0.16.jar:?]
	at knot/com.mojang.serialization.DataResult$Error.getOrThrow(DataResult.java:287) ~[datafixerupper-8.0.16.jar:?]
	at knot/net.minecraft.class_1863.method_20705(class_1863.java:62) ~[client-intermediary.jar:?]
	at knot/net.minecraft.class_1863.method_18788(class_1863.java:35) ~[client-intermediary.jar:?]
	at knot/net.minecraft.class_4080.method_18790(class_4080.java:13) ~[client-intermediary.jar:?]
	at java.base/java.util.concurrent.CompletableFuture$UniAccept.tryFire(Unknown Source) ~[?:?]
	at java.base/java.util.concurrent.CompletableFuture$Completion.run(Unknown Source) ~[?:?]
	at knot/net.minecraft.class_4014.method_18365(class_4014.java:69) ~[client-intermediary.jar:?]
	at knot/net.minecraft.class_1255.method_18859(class_1255.java:162) ~[client-intermediary.jar:?]
	at knot/net.minecraft.class_4093.method_18859(class_4093.java:23) ~[client-intermediary.jar:?]
	at knot/net.minecraft.class_1255.method_16075(class_1255.java:136) ~[client-intermediary.jar:?]
	at knot/net.minecraft.class_1255.method_18857(class_1255.java:145) ~[client-intermediary.jar:?]
	at knot/net.minecraft.class_310.method_18857(class_310.java:32678) ~[client-intermediary.jar:?]
	at knot/net.minecraft.class_525.method_31130(class_525.java:329) ~[client-intermediary.jar:?]
	at knot/net.minecraft.class_526.method_19944(class_526.java:54) ~[client-intermediary.jar:?]
	at knot/net.minecraft.class_4185.method_25306(class_4185.java:96) ~[client-intermediary.jar:?]
	at knot/net.minecraft.class_4264.method_25348(class_4264.java:48) ~[client-intermediary.jar:?]
	at knot/net.minecraft.class_339.method_25402(class_339.java:141) ~[client-intermediary.jar:?]
	at knot/net.minecraft.class_4069.method_25402(class_4069.java:38) ~[client-intermediary.jar:?]
	at knot/net.minecraft.class_312.method_1611(class_312.java:107) ~[client-intermediary.jar:?]
	at knot/net.minecraft.class_437.method_25412(class_437.java:431) ~[client-intermediary.jar:?]
	at knot/net.minecraft.class_312.method_1601(class_312.java:107) ~[client-intermediary.jar:?]
	at knot/net.minecraft.class_312.method_22686(class_312.java:196) ~[client-intermediary.jar:?]
	at knot/net.minecraft.class_1255.execute(class_1255.java:108) ~[client-intermediary.jar:?]
	at knot/net.minecraft.class_312.method_22684(class_312.java:196) ~[client-intermediary.jar:?]
	at knot/org.lwjgl.glfw.GLFWMouseButtonCallbackI.callback(GLFWMouseButtonCallbackI.java:43) [lwjgl-glfw-3.3.3.jar:?]
	at knot/org.lwjgl.system.JNI.invokeV(Native Method) ~[lwjgl-3.3.3.jar:?]
	at knot/org.lwjgl.glfw.GLFW.glfwWaitEventsTimeout(GLFW.java:3509) [lwjgl-glfw-3.3.3.jar:?]
	at knot/com.mojang.blaze3d.systems.RenderSystem.limitDisplayFPS(RenderSystem.java:184) [client-intermediary.jar:?]
	at knot/net.minecraft.class_310.method_1523(class_310.java:1310) [client-intermediary.jar:?]
	at knot/net.minecraft.class_310.method_1514(class_310.java:882) [client-intermediary.jar:?]
	at knot/net.minecraft.client.main.Main.main(Main.java:256) [client-intermediary.jar:?]
	at net.fabricmc.loader.impl.game.minecraft.MinecraftGameProvider.launch(MinecraftGameProvider.java:514) [fabric-loader-0.18.1.jar:?]
	at net.fabricmc.loader.impl.launch.knot.Knot.launch(Knot.java:72) [fabric-loader-0.18.1.jar:?]
	at net.fabricmc.loader.impl.launch.knot.KnotClient.main(KnotClient.java:23) [fabric-loader-0.18.1.jar:?]
[22:11:29] [Render thread/ERROR]: Parsing error loading recipe supplementaries:candle_holder_slate
com.google.gson.JsonParseException: Unknown registry key in ResourceKey[minecraft:root / minecraft:item]: supplementaries:candle_holder_slate
	at knot/com.mojang.serialization.DataResult$Error.mde968eb$owo$lambda$addStackTraceToException$0$0(DataResult.java:565) ~[datafixerupper-8.0.16.jar:?]
	at knot/com.mojang.serialization.DataResult$Error.getOrThrow(DataResult.java:287) ~[datafixerupper-8.0.16.jar:?]
	at knot/net.minecraft.class_1863.method_20705(class_1863.java:62) ~[client-intermediary.jar:?]
	at knot/net.minecraft.class_1863.method_18788(class_1863.java:35) ~[client-intermediary.jar:?]
	at knot/net.minecraft.class_4080.method_18790(class_4080.java:13) ~[client-intermediary.jar:?]
	at java.base/java.util.concurrent.CompletableFuture$UniAccept.tryFire(Unknown Source) ~[?:?]
	at java.base/java.util.concurrent.CompletableFuture$Completion.run(Unknown Source) ~[?:?]
	at knot/net.minecraft.class_4014.method_18365(class_4014.java:69) ~[client-intermediary.jar:?]
	at knot/net.minecraft.class_1255.method_18859(class_1255.java:162) ~[client-intermediary.jar:?]
	at knot/net.minecraft.class_4093.method_18859(class_4093.java:23) ~[client-intermediary.jar:?]
	at knot/net.minecraft.class_1255.method_16075(class_1255.java:136) ~[client-intermediary.jar:?]
	at knot/net.minecraft.class_1255.method_18857(class_1255.java:145) ~[client-intermediary.jar:?]
	at knot/net.minecraft.class_310.method_18857(class_310.java:32678) ~[client-intermediary.jar:?]
	at knot/net.minecraft.class_525.method_31130(class_525.java:329) ~[client-intermediary.jar:?]
	at knot/net.minecraft.class_526.method_19944(class_526.java:54) ~[client-intermediary.jar:?]
	at knot/net.minecraft.class_4185.method_25306(class_4185.java:96) ~[client-intermediary.jar:?]
	at knot/net.minecraft.class_4264.method_25348(class_4264.java:48) ~[client-intermediary.jar:?]
	at knot/net.minecraft.class_339.method_25402(class_339.java:141) ~[client-intermediary.jar:?]
	at knot/net.minecraft.class_4069.method_25402(class_4069.java:38) ~[client-intermediary.jar:?]
	at knot/net.minecraft.class_312.method_1611(class_312.java:107) ~[client-intermediary.jar:?]
	at knot/net.minecraft.class_437.method_25412(class_437.java:431) ~[client-intermediary.jar:?]
	at knot/net.minecraft.class_312.method_1601(class_312.java:107) ~[client-intermediary.jar:?]
	at knot/net.minecraft.class_312.method_22686(class_312.java:196) ~[client-intermediary.jar:?]
	at knot/net.minecraft.class_1255.execute(class_1255.java:108) ~[client-intermediary.jar:?]
	at knot/net.minecraft.class_312.method_22684(class_312.java:196) ~[client-intermediary.jar:?]
	at knot/org.lwjgl.glfw.GLFWMouseButtonCallbackI.callback(GLFWMouseButtonCallbackI.java:43) [lwjgl-glfw-3.3.3.jar:?]
	at knot/org.lwjgl.system.JNI.invokeV(Native Method) ~[lwjgl-3.3.3.jar:?]
	at knot/org.lwjgl.glfw.GLFW.glfwWaitEventsTimeout(GLFW.java:3509) [lwjgl-glfw-3.3.3.jar:?]
	at knot/com.mojang.blaze3d.systems.RenderSystem.limitDisplayFPS(RenderSystem.java:184) [client-intermediary.jar:?]
	at knot/net.minecraft.class_310.method_1523(class_310.java:1310) [client-intermediary.jar:?]
	at knot/net.minecraft.class_310.method_1514(class_310.java:882) [client-intermediary.jar:?]
	at knot/net.minecraft.client.main.Main.main(Main.java:256) [client-intermediary.jar:?]
	at net.fabricmc.loader.impl.game.minecraft.MinecraftGameProvider.launch(MinecraftGameProvider.java:514) [fabric-loader-0.18.1.jar:?]
	at net.fabricmc.loader.impl.launch.knot.Knot.launch(Knot.java:72) [fabric-loader-0.18.1.jar:?]
	at net.fabricmc.loader.impl.launch.knot.KnotClient.main(KnotClient.java:23) [fabric-loader-0.18.1.jar:?]
[22:11:29] [Render thread/ERROR]: Parsing error loading recipe supplementaries:candle_holder_olive
com.google.gson.JsonParseException: Unknown registry key in ResourceKey[minecraft:root / minecraft:item]: supplementaries:candle_holder_olive
	at knot/com.mojang.serialization.DataResult$Error.mde968eb$owo$lambda$addStackTraceToException$0$0(DataResult.java:565) ~[datafixerupper-8.0.16.jar:?]
	at knot/com.mojang.serialization.DataResult$Error.getOrThrow(DataResult.java:287) ~[datafixerupper-8.0.16.jar:?]
	at knot/net.minecraft.class_1863.method_20705(class_1863.java:62) ~[client-intermediary.jar:?]
	at knot/net.minecraft.class_1863.method_18788(class_1863.java:35) ~[client-intermediary.jar:?]
	at knot/net.minecraft.class_4080.method_18790(class_4080.java:13) ~[client-intermediary.jar:?]
	at java.base/java.util.concurrent.CompletableFuture$UniAccept.tryFire(Unknown Source) ~[?:?]
	at java.base/java.util.concurrent.CompletableFuture$Completion.run(Unknown Source) ~[?:?]
	at knot/net.minecraft.class_4014.method_18365(class_4014.java:69) ~[client-intermediary.jar:?]
	at knot/net.minecraft.class_1255.method_18859(class_1255.java:162) ~[client-intermediary.jar:?]
	at knot/net.minecraft.class_4093.method_18859(class_4093.java:23) ~[client-intermediary.jar:?]
	at knot/net.minecraft.class_1255.method_16075(class_1255.java:136) ~[client-intermediary.jar:?]
	at knot/net.minecraft.class_1255.method_18857(class_1255.java:145) ~[client-intermediary.jar:?]
	at knot/net.minecraft.class_310.method_18857(class_310.java:32678) ~[client-intermediary.jar:?]
	at knot/net.minecraft.class_525.method_31130(class_525.java:329) ~[client-intermediary.jar:?]
	at knot/net.minecraft.class_526.method_19944(class_526.java:54) ~[client-intermediary.jar:?]
	at knot/net.minecraft.class_4185.method_25306(class_4185.java:96) ~[client-intermediary.jar:?]
	at knot/net.minecraft.class_4264.method_25348(class_4264.java:48) ~[client-intermediary.jar:?]
	at knot/net.minecraft.class_339.method_25402(class_339.java:141) ~[client-intermediary.jar:?]
	at knot/net.minecraft.class_4069.method_25402(class_4069.java:38) ~[client-intermediary.jar:?]
	at knot/net.minecraft.class_312.method_1611(class_312.java:107) ~[client-intermediary.jar:?]
	at knot/net.minecraft.class_437.method_25412(class_437.java:431) ~[client-intermediary.jar:?]
	at knot/net.minecraft.class_312.method_1601(class_312.java:107) ~[client-intermediary.jar:?]
	at knot/net.minecraft.class_312.method_22686(class_312.java:196) ~[client-intermediary.jar:?]
	at knot/net.minecraft.class_1255.execute(class_1255.java:108) ~[client-intermediary.jar:?]
	at knot/net.minecraft.class_312.method_22684(class_312.java:196) ~[client-intermediary.jar:?]
	at knot/org.lwjgl.glfw.GLFWMouseButtonCallbackI.callback(GLFWMouseButtonCallbackI.java:43) [lwjgl-glfw-3.3.3.jar:?]
	at knot/org.lwjgl.system.JNI.invokeV(Native Method) ~[lwjgl-3.3.3.jar:?]
	at knot/org.lwjgl.glfw.GLFW.glfwWaitEventsTimeout(GLFW.java:3509) [lwjgl-glfw-3.3.3.jar:?]
	at knot/com.mojang.blaze3d.systems.RenderSystem.limitDisplayFPS(RenderSystem.java:184) [client-intermediary.jar:?]
	at knot/net.minecraft.class_310.method_1523(class_310.java:1310) [client-intermediary.jar:?]
	at knot/net.minecraft.class_310.method_1514(class_310.java:882) [client-intermediary.jar:?]
	at knot/net.minecraft.client.main.Main.main(Main.java:256) [client-intermediary.jar:?]
	at net.fabricmc.loader.impl.game.minecraft.MinecraftGameProvider.launch(MinecraftGameProvider.java:514) [fabric-loader-0.18.1.jar:?]
	at net.fabricmc.loader.impl.launch.knot.Knot.launch(Knot.java:72) [fabric-loader-0.18.1.jar:?]
	at net.fabricmc.loader.impl.launch.knot.KnotClient.main(KnotClient.java:23) [fabric-loader-0.18.1.jar:?]
[22:11:29] [Render thread/ERROR]: Parsing error loading recipe suppsquared:gold_candle_holder_forest
com.google.gson.JsonParseException: Unknown registry key in ResourceKey[minecraft:root / minecraft:item]: suppsquared:gold_candle_holder_forest
	at knot/com.mojang.serialization.DataResult$Error.mde968eb$owo$lambda$addStackTraceToException$0$0(DataResult.java:565) ~[datafixerupper-8.0.16.jar:?]
	at knot/com.mojang.serialization.DataResult$Error.getOrThrow(DataResult.java:287) ~[datafixerupper-8.0.16.jar:?]
	at knot/net.minecraft.class_1863.method_20705(class_1863.java:62) ~[client-intermediary.jar:?]
	at knot/net.minecraft.class_1863.method_18788(class_1863.java:35) ~[client-intermediary.jar:?]
	at knot/net.minecraft.class_4080.method_18790(class_4080.java:13) ~[client-intermediary.jar:?]
	at java.base/java.util.concurrent.CompletableFuture$UniAccept.tryFire(Unknown Source) ~[?:?]
	at java.base/java.util.concurrent.CompletableFuture$Completion.run(Unknown Source) ~[?:?]
	at knot/net.minecraft.class_4014.method_18365(class_4014.java:69) ~[client-intermediary.jar:?]
	at knot/net.minecraft.class_1255.method_18859(class_1255.java:162) ~[client-intermediary.jar:?]
	at knot/net.minecraft.class_4093.method_18859(class_4093.java:23) ~[client-intermediary.jar:?]
	at knot/net.minecraft.class_1255.method_16075(class_1255.java:136) ~[client-intermediary.jar:?]
	at knot/net.minecraft.class_1255.method_18857(class_1255.java:145) ~[client-intermediary.jar:?]
	at knot/net.minecraft.class_310.method_18857(class_310.java:32678) ~[client-intermediary.jar:?]
	at knot/net.minecraft.class_525.method_31130(class_525.java:329) ~[client-intermediary.jar:?]
	at knot/net.minecraft.class_526.method_19944(class_526.java:54) ~[client-intermediary.jar:?]
	at knot/net.minecraft.class_4185.method_25306(class_4185.java:96) ~[client-intermediary.jar:?]
	at knot/net.minecraft.class_4264.method_25348(class_4264.java:48) ~[client-intermediary.jar:?]
	at knot/net.minecraft.class_339.method_25402(class_339.java:141) ~[client-intermediary.jar:?]
	at knot/net.minecraft.class_4069.method_25402(class_4069.java:38) ~[client-intermediary.jar:?]
	at knot/net.minecraft.class_312.method_1611(class_312.java:107) ~[client-intermediary.jar:?]
	at knot/net.minecraft.class_437.method_25412(class_437.java:431) ~[client-intermediary.jar:?]
	at knot/net.minecraft.class_312.method_1601(class_312.java:107) ~[client-intermediary.jar:?]
	at knot/net.minecraft.class_312.method_22686(class_312.java:196) ~[client-intermediary.jar:?]
	at knot/net.minecraft.class_1255.execute(class_1255.java:108) ~[client-intermediary.jar:?]
	at knot/net.minecraft.class_312.method_22684(class_312.java:196) ~[client-intermediary.jar:?]
	at knot/org.lwjgl.glfw.GLFWMouseButtonCallbackI.callback(GLFWMouseButtonCallbackI.java:43) [lwjgl-glfw-3.3.3.jar:?]
	at knot/org.lwjgl.system.JNI.invokeV(Native Method) ~[lwjgl-3.3.3.jar:?]
	at knot/org.lwjgl.glfw.GLFW.glfwWaitEventsTimeout(GLFW.java:3509) [lwjgl-glfw-3.3.3.jar:?]
	at knot/com.mojang.blaze3d.systems.RenderSystem.limitDisplayFPS(RenderSystem.java:184) [client-intermediary.jar:?]
	at knot/net.minecraft.class_310.method_1523(class_310.java:1310) [client-intermediary.jar:?]
	at knot/net.minecraft.class_310.method_1514(class_310.java:882) [client-intermediary.jar:?]
	at knot/net.minecraft.client.main.Main.main(Main.java:256) [client-intermediary.jar:?]
	at net.fabricmc.loader.impl.game.minecraft.MinecraftGameProvider.launch(MinecraftGameProvider.java:514) [fabric-loader-0.18.1.jar:?]
	at net.fabricmc.loader.impl.launch.knot.Knot.launch(Knot.java:72) [fabric-loader-0.18.1.jar:?]
	at net.fabricmc.loader.impl.launch.knot.KnotClient.main(KnotClient.java:23) [fabric-loader-0.18.1.jar:?]
[22:11:29] [Render thread/ERROR]: Parsing error loading recipe suppsquared:gold_candle_holder_ginger
com.google.gson.JsonParseException: Unknown registry key in ResourceKey[minecraft:root / minecraft:item]: suppsquared:gold_candle_holder_ginger
	at knot/com.mojang.serialization.DataResult$Error.mde968eb$owo$lambda$addStackTraceToException$0$0(DataResult.java:565) ~[datafixerupper-8.0.16.jar:?]
	at knot/com.mojang.serialization.DataResult$Error.getOrThrow(DataResult.java:287) ~[datafixerupper-8.0.16.jar:?]
	at knot/net.minecraft.class_1863.method_20705(class_1863.java:62) ~[client-intermediary.jar:?]
	at knot/net.minecraft.class_1863.method_18788(class_1863.java:35) ~[client-intermediary.jar:?]
	at knot/net.minecraft.class_4080.method_18790(class_4080.java:13) ~[client-intermediary.jar:?]
	at java.base/java.util.concurrent.CompletableFuture$UniAccept.tryFire(Unknown Source) ~[?:?]
	at java.base/java.util.concurrent.CompletableFuture$Completion.run(Unknown Source) ~[?:?]
	at knot/net.minecraft.class_4014.method_18365(class_4014.java:69) ~[client-intermediary.jar:?]
	at knot/net.minecraft.class_1255.method_18859(class_1255.java:162) ~[client-intermediary.jar:?]
	at knot/net.minecraft.class_4093.method_18859(class_4093.java:23) ~[client-intermediary.jar:?]
	at knot/net.minecraft.class_1255.method_16075(class_1255.java:136) ~[client-intermediary.jar:?]
	at knot/net.minecraft.class_1255.method_18857(class_1255.java:145) ~[client-intermediary.jar:?]
	at knot/net.minecraft.class_310.method_18857(class_310.java:32678) ~[client-intermediary.jar:?]
	at knot/net.minecraft.class_525.method_31130(class_525.java:329) ~[client-intermediary.jar:?]
	at knot/net.minecraft.class_526.method_19944(class_526.java:54) ~[client-intermediary.jar:?]
	at knot/net.minecraft.class_4185.method_25306(class_4185.java:96) ~[client-intermediary.jar:?]
	at knot/net.minecraft.class_4264.method_25348(class_4264.java:48) ~[client-intermediary.jar:?]
	at knot/net.minecraft.class_339.method_25402(class_339.java:141) ~[client-intermediary.jar:?]
	at knot/net.minecraft.class_4069.method_25402(class_4069.java:38) ~[client-intermediary.jar:?]
	at knot/net.minecraft.class_312.method_1611(class_312.java:107) ~[client-intermediary.jar:?]
	at knot/net.minecraft.class_437.method_25412(class_437.java:431) ~[client-intermediary.jar:?]
	at knot/net.minecraft.class_312.method_1601(class_312.java:107) ~[client-intermediary.jar:?]
	at knot/net.minecraft.class_312.method_22686(class_312.java:196) ~[client-intermediary.jar:?]
	at knot/net.minecraft.class_1255.execute(class_1255.java:108) ~[client-intermediary.jar:?]
	at knot/net.minecraft.class_312.method_22684(class_312.java:196) ~[client-intermediary.jar:?]
	at knot/org.lwjgl.glfw.GLFWMouseButtonCallbackI.callback(GLFWMouseButtonCallbackI.java:43) [lwjgl-glfw-3.3.3.jar:?]
	at knot/org.lwjgl.system.JNI.invokeV(Native Method) ~[lwjgl-3.3.3.jar:?]
	at knot/org.lwjgl.glfw.GLFW.glfwWaitEventsTimeout(GLFW.java:3509) [lwjgl-glfw-3.3.3.jar:?]
	at knot/com.mojang.blaze3d.systems.RenderSystem.limitDisplayFPS(RenderSystem.java:184) [client-intermediary.jar:?]
	at knot/net.minecraft.class_310.method_1523(class_310.java:1310) [client-intermediary.jar:?]
	at knot/net.minecraft.class_310.method_1514(class_310.java:882) [client-intermediary.jar:?]
	at knot/net.minecraft.client.main.Main.main(Main.java:256) [client-intermediary.jar:?]
	at net.fabricmc.loader.impl.game.minecraft.MinecraftGameProvider.launch(MinecraftGameProvider.java:514) [fabric-loader-0.18.1.jar:?]
	at net.fabricmc.loader.impl.launch.knot.Knot.launch(Knot.java:72) [fabric-loader-0.18.1.jar:?]
	at net.fabricmc.loader.impl.launch.knot.KnotClient.main(KnotClient.java:23) [fabric-loader-0.18.1.jar:?]
[22:11:29] [Render thread/ERROR]: Parsing error loading recipe shutter:willow_shutter
com.google.gson.JsonParseException: Map entry '_' : Failed to parse either. First: Input does not contain a key [fabric:type]: MapLike[{"item":"environmental:willow_slab"}]; Second: Failed to parse either. First: Not a json array: {"item":"environmental:willow_slab"}; Second: No key tag in MapLike[{"item":"environmental:willow_slab"}]; Unknown registry key in ResourceKey[minecraft:root / minecraft:item]: environmental:willow_slab
	at knot/com.mojang.serialization.DataResult$Error.mde968eb$owo$lambda$addStackTraceToException$0$0(DataResult.java:565) ~[datafixerupper-8.0.16.jar:?]
	at knot/com.mojang.serialization.DataResult$Error.getOrThrow(DataResult.java:287) ~[datafixerupper-8.0.16.jar:?]
	at knot/net.minecraft.class_1863.method_20705(class_1863.java:62) ~[client-intermediary.jar:?]
	at knot/net.minecraft.class_1863.method_18788(class_1863.java:35) ~[client-intermediary.jar:?]
	at knot/net.minecraft.class_4080.method_18790(class_4080.java:13) ~[client-intermediary.jar:?]
	at java.base/java.util.concurrent.CompletableFuture$UniAccept.tryFire(Unknown Source) ~[?:?]
	at java.base/java.util.concurrent.CompletableFuture$Completion.run(Unknown Source) ~[?:?]
	at knot/net.minecraft.class_4014.method_18365(class_4014.java:69) ~[client-intermediary.jar:?]
	at knot/net.minecraft.class_1255.method_18859(class_1255.java:162) ~[client-intermediary.jar:?]
	at knot/net.minecraft.class_4093.method_18859(class_4093.java:23) ~[client-intermediary.jar:?]
	at knot/net.minecraft.class_1255.method_16075(class_1255.java:136) ~[client-intermediary.jar:?]
	at knot/net.minecraft.class_1255.method_18857(class_1255.java:145) ~[client-intermediary.jar:?]
	at knot/net.minecraft.class_310.method_18857(class_310.java:32678) ~[client-intermediary.jar:?]
	at knot/net.minecraft.class_525.method_31130(class_525.java:329) ~[client-intermediary.jar:?]
	at knot/net.minecraft.class_526.method_19944(class_526.java:54) ~[client-intermediary.jar:?]
	at knot/net.minecraft.class_4185.method_25306(class_4185.java:96) ~[client-intermediary.jar:?]
	at knot/net.minecraft.class_4264.method_25348(class_4264.java:48) ~[client-intermediary.jar:?]
	at knot/net.minecraft.class_339.method_25402(class_339.java:141) ~[client-intermediary.jar:?]
	at knot/net.minecraft.class_4069.method_25402(class_4069.java:38) ~[client-intermediary.jar:?]
	at knot/net.minecraft.class_312.method_1611(class_312.java:107) ~[client-intermediary.jar:?]
	at knot/net.minecraft.class_437.method_25412(class_437.java:431) ~[client-intermediary.jar:?]
	at knot/net.minecraft.class_312.method_1601(class_312.java:107) ~[client-intermediary.jar:?]
	at knot/net.minecraft.class_312.method_22686(class_312.java:196) ~[client-intermediary.jar:?]
	at knot/net.minecraft.class_1255.execute(class_1255.java:108) ~[client-intermediary.jar:?]
	at knot/net.minecraft.class_312.method_22684(class_312.java:196) ~[client-intermediary.jar:?]
	at knot/org.lwjgl.glfw.GLFWMouseButtonCallbackI.callback(GLFWMouseButtonCallbackI.java:43) [lwjgl-glfw-3.3.3.jar:?]
	at knot/org.lwjgl.system.JNI.invokeV(Native Method) ~[lwjgl-3.3.3.jar:?]
	at knot/org.lwjgl.glfw.GLFW.glfwWaitEventsTimeout(GLFW.java:3509) [lwjgl-glfw-3.3.3.jar:?]
	at knot/com.mojang.blaze3d.systems.RenderSystem.limitDisplayFPS(RenderSystem.java:184) [client-intermediary.jar:?]
	at knot/net.minecraft.class_310.method_1523(class_310.java:1310) [client-intermediary.jar:?]
	at knot/net.minecraft.class_310.method_1514(class_310.java:882) [client-intermediary.jar:?]
	at knot/net.minecraft.client.main.Main.main(Main.java:256) [client-intermediary.jar:?]
	at net.fabricmc.loader.impl.game.minecraft.MinecraftGameProvider.launch(MinecraftGameProvider.java:514) [fabric-loader-0.18.1.jar:?]
	at net.fabricmc.loader.impl.launch.knot.Knot.launch(Knot.java:72) [fabric-loader-0.18.1.jar:?]
	at net.fabricmc.loader.impl.launch.knot.KnotClient.main(KnotClient.java:23) [fabric-loader-0.18.1.jar:?]
[22:11:29] [Render thread/ERROR]: Parsing error loading recipe shutter:ancient_shutter
com.google.gson.JsonParseException: Map entry '_' : Failed to parse either. First: Input does not contain a key [fabric:type]: MapLike[{"item":"quark:ancient_planks_slab"}]; Second: Failed to parse either. First: Not a json array: {"item":"quark:ancient_planks_slab"}; Second: No key tag in MapLike[{"item":"quark:ancient_planks_slab"}]; Unknown registry key in ResourceKey[minecraft:root / minecraft:item]: quark:ancient_planks_slab
	at knot/com.mojang.serialization.DataResult$Error.mde968eb$owo$lambda$addStackTraceToException$0$0(DataResult.java:565) ~[datafixerupper-8.0.16.jar:?]
	at knot/com.mojang.serialization.DataResult$Error.getOrThrow(DataResult.java:287) ~[datafixerupper-8.0.16.jar:?]
	at knot/net.minecraft.class_1863.method_20705(class_1863.java:62) ~[client-intermediary.jar:?]
	at knot/net.minecraft.class_1863.method_18788(class_1863.java:35) ~[client-intermediary.jar:?]
	at knot/net.minecraft.class_4080.method_18790(class_4080.java:13) ~[client-intermediary.jar:?]
	at java.base/java.util.concurrent.CompletableFuture$UniAccept.tryFire(Unknown Source) ~[?:?]
	at java.base/java.util.concurrent.CompletableFuture$Completion.run(Unknown Source) ~[?:?]
	at knot/net.minecraft.class_4014.method_18365(class_4014.java:69) ~[client-intermediary.jar:?]
	at knot/net.minecraft.class_1255.method_18859(class_1255.java:162) ~[client-intermediary.jar:?]
	at knot/net.minecraft.class_4093.method_18859(class_4093.java:23) ~[client-intermediary.jar:?]
	at knot/net.minecraft.class_1255.method_16075(class_1255.java:136) ~[client-intermediary.jar:?]
	at knot/net.minecraft.class_1255.method_18857(class_1255.java:145) ~[client-intermediary.jar:?]
	at knot/net.minecraft.class_310.method_18857(class_310.java:32678) ~[client-intermediary.jar:?]
	at knot/net.minecraft.class_525.method_31130(class_525.java:329) ~[client-intermediary.jar:?]
	at knot/net.minecraft.class_526.method_19944(class_526.java:54) ~[client-intermediary.jar:?]
	at knot/net.minecraft.class_4185.method_25306(class_4185.java:96) ~[client-intermediary.jar:?]
	at knot/net.minecraft.class_4264.method_25348(class_4264.java:48) ~[client-intermediary.jar:?]
	at knot/net.minecraft.class_339.method_25402(class_339.java:141) ~[client-intermediary.jar:?]
	at knot/net.minecraft.class_4069.method_25402(class_4069.java:38) ~[client-intermediary.jar:?]
	at knot/net.minecraft.class_312.method_1611(class_312.java:107) ~[client-intermediary.jar:?]
	at knot/net.minecraft.class_437.method_25412(class_437.java:431) ~[client-intermediary.jar:?]
	at knot/net.minecraft.class_312.method_1601(class_312.java:107) ~[client-intermediary.jar:?]
	at knot/net.minecraft.class_312.method_22686(class_312.java:196) ~[client-intermediary.jar:?]
	at knot/net.minecraft.class_1255.execute(class_1255.java:108) ~[client-intermediary.jar:?]
	at knot/net.minecraft.class_312.method_22684(class_312.java:196) ~[client-intermediary.jar:?]
	at knot/org.lwjgl.glfw.GLFWMouseButtonCallbackI.callback(GLFWMouseButtonCallbackI.java:43) [lwjgl-glfw-3.3.3.jar:?]
	at knot/org.lwjgl.system.JNI.invokeV(Native Method) ~[lwjgl-3.3.3.jar:?]
	at knot/org.lwjgl.glfw.GLFW.glfwWaitEventsTimeout(GLFW.java:3509) [lwjgl-glfw-3.3.3.jar:?]
	at knot/com.mojang.blaze3d.systems.RenderSystem.limitDisplayFPS(RenderSystem.java:184) [client-intermediary.jar:?]
	at knot/net.minecraft.class_310.method_1523(class_310.java:1310) [client-intermediary.jar:?]
	at knot/net.minecraft.class_310.method_1514(class_310.java:882) [client-intermediary.jar:?]
	at knot/net.minecraft.client.main.Main.main(Main.java:256) [client-intermediary.jar:?]
	at net.fabricmc.loader.impl.game.minecraft.MinecraftGameProvider.launch(MinecraftGameProvider.java:514) [fabric-loader-0.18.1.jar:?]
	at net.fabricmc.loader.impl.launch.knot.Knot.launch(Knot.java:72) [fabric-loader-0.18.1.jar:?]
	at net.fabricmc.loader.impl.launch.knot.KnotClient.main(KnotClient.java:23) [fabric-loader-0.18.1.jar:?]
[22:11:29] [Render thread/ERROR]: Parsing error loading recipe supplementaries:flag_verdant
com.google.gson.JsonParseException: Unknown registry key in ResourceKey[minecraft:root / minecraft:item]: supplementaries:flag_verdant
	at knot/com.mojang.serialization.DataResult$Error.mde968eb$owo$lambda$addStackTraceToException$0$0(DataResult.java:565) ~[datafixerupper-8.0.16.jar:?]
	at knot/com.mojang.serialization.DataResult$Error.getOrThrow(DataResult.java:287) ~[datafixerupper-8.0.16.jar:?]
	at knot/net.minecraft.class_1863.method_20705(class_1863.java:62) ~[client-intermediary.jar:?]
	at knot/net.minecraft.class_1863.method_18788(class_1863.java:35) ~[client-intermediary.jar:?]
	at knot/net.minecraft.class_4080.method_18790(class_4080.java:13) ~[client-intermediary.jar:?]
	at java.base/java.util.concurrent.CompletableFuture$UniAccept.tryFire(Unknown Source) ~[?:?]
	at java.base/java.util.concurrent.CompletableFuture$Completion.run(Unknown Source) ~[?:?]
	at knot/net.minecraft.class_4014.method_18365(class_4014.java:69) ~[client-intermediary.jar:?]
	at knot/net.minecraft.class_1255.method_18859(class_1255.java:162) ~[client-intermediary.jar:?]
	at knot/net.minecraft.class_4093.method_18859(class_4093.java:23) ~[client-intermediary.jar:?]
	at knot/net.minecraft.class_1255.method_16075(class_1255.java:136) ~[client-intermediary.jar:?]
	at knot/net.minecraft.class_1255.method_18857(class_1255.java:145) ~[client-intermediary.jar:?]
	at knot/net.minecraft.class_310.method_18857(class_310.java:32678) ~[client-intermediary.jar:?]
	at knot/net.minecraft.class_525.method_31130(class_525.java:329) ~[client-intermediary.jar:?]
	at knot/net.minecraft.class_526.method_19944(class_526.java:54) ~[client-intermediary.jar:?]
	at knot/net.minecraft.class_4185.method_25306(class_4185.java:96) ~[client-intermediary.jar:?]
	at knot/net.minecraft.class_4264.method_25348(class_4264.java:48) ~[client-intermediary.jar:?]
	at knot/net.minecraft.class_339.method_25402(class_339.java:141) ~[client-intermediary.jar:?]
	at knot/net.minecraft.class_4069.method_25402(class_4069.java:38) ~[client-intermediary.jar:?]
	at knot/net.minecraft.class_312.method_1611(class_312.java:107) ~[client-intermediary.jar:?]
	at knot/net.minecraft.class_437.method_25412(class_437.java:431) ~[client-intermediary.jar:?]
	at knot/net.minecraft.class_312.method_1601(class_312.java:107) ~[client-intermediary.jar:?]
	at knot/net.minecraft.class_312.method_22686(class_312.java:196) ~[client-intermediary.jar:?]
	at knot/net.minecraft.class_1255.execute(class_1255.java:108) ~[client-intermediary.jar:?]
	at knot/net.minecraft.class_312.method_22684(class_312.java:196) ~[client-intermediary.jar:?]
	at knot/org.lwjgl.glfw.GLFWMouseButtonCallbackI.callback(GLFWMouseButtonCallbackI.java:43) [lwjgl-glfw-3.3.3.jar:?]
	at knot/org.lwjgl.system.JNI.invokeV(Native Method) ~[lwjgl-3.3.3.jar:?]
	at knot/org.lwjgl.glfw.GLFW.glfwWaitEventsTimeout(GLFW.java:3509) [lwjgl-glfw-3.3.3.jar:?]
	at knot/com.mojang.blaze3d.systems.RenderSystem.limitDisplayFPS(RenderSystem.java:184) [client-intermediary.jar:?]
	at knot/net.minecraft.class_310.method_1523(class_310.java:1310) [client-intermediary.jar:?]
	at knot/net.minecraft.class_310.method_1514(class_310.java:882) [client-intermediary.jar:?]
	at knot/net.minecraft.client.main.Main.main(Main.java:256) [client-intermediary.jar:?]
	at net.fabricmc.loader.impl.game.minecraft.MinecraftGameProvider.launch(MinecraftGameProvider.java:514) [fabric-loader-0.18.1.jar:?]
	at net.fabricmc.loader.impl.launch.knot.Knot.launch(Knot.java:72) [fabric-loader-0.18.1.jar:?]
	at net.fabricmc.loader.impl.launch.knot.KnotClient.main(KnotClient.java:23) [fabric-loader-0.18.1.jar:?]
[22:11:29] [Render thread/ERROR]: Parsing error loading recipe create:sequenced_assembly/hires_color_film_developing
com.google.gson.JsonParseException: Unknown registry key in ResourceKey[minecraft:root / minecraft:recipe_serializer]: create:sequenced_assembly
	at knot/com.mojang.serialization.DataResult$Error.mde968eb$owo$lambda$addStackTraceToException$0$0(DataResult.java:565) ~[datafixerupper-8.0.16.jar:?]
	at knot/com.mojang.serialization.DataResult$Error.getOrThrow(DataResult.java:287) ~[datafixerupper-8.0.16.jar:?]
	at knot/net.minecraft.class_1863.method_20705(class_1863.java:62) ~[client-intermediary.jar:?]
	at knot/net.minecraft.class_1863.method_18788(class_1863.java:35) ~[client-intermediary.jar:?]
	at knot/net.minecraft.class_4080.method_18790(class_4080.java:13) ~[client-intermediary.jar:?]
	at java.base/java.util.concurrent.CompletableFuture$UniAccept.tryFire(Unknown Source) ~[?:?]
	at java.base/java.util.concurrent.CompletableFuture$Completion.run(Unknown Source) ~[?:?]
	at knot/net.minecraft.class_4014.method_18365(class_4014.java:69) ~[client-intermediary.jar:?]
	at knot/net.minecraft.class_1255.method_18859(class_1255.java:162) ~[client-intermediary.jar:?]
	at knot/net.minecraft.class_4093.method_18859(class_4093.java:23) ~[client-intermediary.jar:?]
	at knot/net.minecraft.class_1255.method_16075(class_1255.java:136) ~[client-intermediary.jar:?]
	at knot/net.minecraft.class_1255.method_18857(class_1255.java:145) ~[client-intermediary.jar:?]
	at knot/net.minecraft.class_310.method_18857(class_310.java:32678) ~[client-intermediary.jar:?]
	at knot/net.minecraft.class_525.method_31130(class_525.java:329) ~[client-intermediary.jar:?]
	at knot/net.minecraft.class_526.method_19944(class_526.java:54) ~[client-intermediary.jar:?]
	at knot/net.minecraft.class_4185.method_25306(class_4185.java:96) ~[client-intermediary.jar:?]
	at knot/net.minecraft.class_4264.method_25348(class_4264.java:48) ~[client-intermediary.jar:?]
	at knot/net.minecraft.class_339.method_25402(class_339.java:141) ~[client-intermediary.jar:?]
	at knot/net.minecraft.class_4069.method_25402(class_4069.java:38) ~[client-intermediary.jar:?]
	at knot/net.minecraft.class_312.method_1611(class_312.java:107) ~[client-intermediary.jar:?]
	at knot/net.minecraft.class_437.method_25412(class_437.java:431) ~[client-intermediary.jar:?]
	at knot/net.minecraft.class_312.method_1601(class_312.java:107) ~[client-intermediary.jar:?]
	at knot/net.minecraft.class_312.method_22686(class_312.java:196) ~[client-intermediary.jar:?]
	at knot/net.minecraft.class_1255.execute(class_1255.java:108) ~[client-intermediary.jar:?]
	at knot/net.minecraft.class_312.method_22684(class_312.java:196) ~[client-intermediary.jar:?]
	at knot/org.lwjgl.glfw.GLFWMouseButtonCallbackI.callback(GLFWMouseButtonCallbackI.java:43) [lwjgl-glfw-3.3.3.jar:?]
	at knot/org.lwjgl.system.JNI.invokeV(Native Method) ~[lwjgl-3.3.3.jar:?]
	at knot/org.lwjgl.glfw.GLFW.glfwWaitEventsTimeout(GLFW.java:3509) [lwjgl-glfw-3.3.3.jar:?]
	at knot/com.mojang.blaze3d.systems.RenderSystem.limitDisplayFPS(RenderSystem.java:184) [client-intermediary.jar:?]
	at knot/net.minecraft.class_310.method_1523(class_310.java:1310) [client-intermediary.jar:?]
	at knot/net.minecraft.class_310.method_1514(class_310.java:882) [client-intermediary.jar:?]
	at knot/net.minecraft.client.main.Main.main(Main.java:256) [client-intermediary.jar:?]
	at net.fabricmc.loader.impl.game.minecraft.MinecraftGameProvider.launch(MinecraftGameProvider.java:514) [fabric-loader-0.18.1.jar:?]
	at net.fabricmc.loader.impl.launch.knot.Knot.launch(Knot.java:72) [fabric-loader-0.18.1.jar:?]
	at net.fabricmc.loader.impl.launch.knot.KnotClient.main(KnotClient.java:23) [fabric-loader-0.18.1.jar:?]
[22:11:29] [Render thread/ERROR]: Parsing error loading recipe shutter:gingerbread_shutter
com.google.gson.JsonParseException: Map entry '#' : Failed to parse either. First: Input does not contain a key [fabric:type]: MapLike[{"item":"snowyspirit:gingerbread_frosted"}]; Second: Failed to parse either. First: Not a json array: {"item":"snowyspirit:gingerbread_frosted"}; Second: No key tag in MapLike[{"item":"snowyspirit:gingerbread_frosted"}]; Unknown registry key in ResourceKey[minecraft:root / minecraft:item]: snowyspirit:gingerbread_frosted
	at knot/com.mojang.serialization.DataResult$Error.mde968eb$owo$lambda$addStackTraceToException$0$0(DataResult.java:565) ~[datafixerupper-8.0.16.jar:?]
	at knot/com.mojang.serialization.DataResult$Error.getOrThrow(DataResult.java:287) ~[datafixerupper-8.0.16.jar:?]
	at knot/net.minecraft.class_1863.method_20705(class_1863.java:62) ~[client-intermediary.jar:?]
	at knot/net.minecraft.class_1863.method_18788(class_1863.java:35) ~[client-intermediary.jar:?]
	at knot/net.minecraft.class_4080.method_18790(class_4080.java:13) ~[client-intermediary.jar:?]
	at java.base/java.util.concurrent.CompletableFuture$UniAccept.tryFire(Unknown Source) ~[?:?]
	at java.base/java.util.concurrent.CompletableFuture$Completion.run(Unknown Source) ~[?:?]
	at knot/net.minecraft.class_4014.method_18365(class_4014.java:69) ~[client-intermediary.jar:?]
	at knot/net.minecraft.class_1255.method_18859(class_1255.java:162) ~[client-intermediary.jar:?]
	at knot/net.minecraft.class_4093.method_18859(class_4093.java:23) ~[client-intermediary.jar:?]
	at knot/net.minecraft.class_1255.method_16075(class_1255.java:136) ~[client-intermediary.jar:?]
	at knot/net.minecraft.class_1255.method_18857(class_1255.java:145) ~[client-intermediary.jar:?]
	at knot/net.minecraft.class_310.method_18857(class_310.java:32678) ~[client-intermediary.jar:?]
	at knot/net.minecraft.class_525.method_31130(class_525.java:329) ~[client-intermediary.jar:?]
	at knot/net.minecraft.class_526.method_19944(class_526.java:54) ~[client-intermediary.jar:?]
	at knot/net.minecraft.class_4185.method_25306(class_4185.java:96) ~[client-intermediary.jar:?]
	at knot/net.minecraft.class_4264.method_25348(class_4264.java:48) ~[client-intermediary.jar:?]
	at knot/net.minecraft.class_339.method_25402(class_339.java:141) ~[client-intermediary.jar:?]
	at knot/net.minecraft.class_4069.method_25402(class_4069.java:38) ~[client-intermediary.jar:?]
	at knot/net.minecraft.class_312.method_1611(class_312.java:107) ~[client-intermediary.jar:?]
	at knot/net.minecraft.class_437.method_25412(class_437.java:431) ~[client-intermediary.jar:?]
	at knot/net.minecraft.class_312.method_1601(class_312.java:107) ~[client-intermediary.jar:?]
	at knot/net.minecraft.class_312.method_22686(class_312.java:196) ~[client-intermediary.jar:?]
	at knot/net.minecraft.class_1255.execute(class_1255.java:108) ~[client-intermediary.jar:?]
	at knot/net.minecraft.class_312.method_22684(class_312.java:196) ~[client-intermediary.jar:?]
	at knot/org.lwjgl.glfw.GLFWMouseButtonCallbackI.callback(GLFWMouseButtonCallbackI.java:43) [lwjgl-glfw-3.3.3.jar:?]
	at knot/org.lwjgl.system.JNI.invokeV(Native Method) ~[lwjgl-3.3.3.jar:?]
	at knot/org.lwjgl.glfw.GLFW.glfwWaitEventsTimeout(GLFW.java:3509) [lwjgl-glfw-3.3.3.jar:?]
	at knot/com.mojang.blaze3d.systems.RenderSystem.limitDisplayFPS(RenderSystem.java:184) [client-intermediary.jar:?]
	at knot/net.minecraft.class_310.method_1523(class_310.java:1310) [client-intermediary.jar:?]
	at knot/net.minecraft.class_310.method_1514(class_310.java:882) [client-intermediary.jar:?]
	at knot/net.minecraft.client.main.Main.main(Main.java:256) [client-intermediary.jar:?]
	at net.fabricmc.loader.impl.game.minecraft.MinecraftGameProvider.launch(MinecraftGameProvider.java:514) [fabric-loader-0.18.1.jar:?]
	at net.fabricmc.loader.impl.launch.knot.Knot.launch(Knot.java:72) [fabric-loader-0.18.1.jar:?]
	at net.fabricmc.loader.impl.launch.knot.KnotClient.main(KnotClient.java:23) [fabric-loader-0.18.1.jar:?]
[22:11:29] [Render thread/ERROR]: Parsing error loading recipe shutter:flowering_azalea_shutter
com.google.gson.JsonParseException: Map entry '_' : Failed to parse either. First: Input does not contain a key [fabric:type]: MapLike[{"item":"ecologics:flowering_azalea_slab"}]; Second: Failed to parse either. First: Not a json array: {"item":"ecologics:flowering_azalea_slab"}; Second: No key tag in MapLike[{"item":"ecologics:flowering_azalea_slab"}]; Unknown registry key in ResourceKey[minecraft:root / minecraft:item]: ecologics:flowering_azalea_slab
	at knot/com.mojang.serialization.DataResult$Error.mde968eb$owo$lambda$addStackTraceToException$0$0(DataResult.java:565) ~[datafixerupper-8.0.16.jar:?]
	at knot/com.mojang.serialization.DataResult$Error.getOrThrow(DataResult.java:287) ~[datafixerupper-8.0.16.jar:?]
	at knot/net.minecraft.class_1863.method_20705(class_1863.java:62) ~[client-intermediary.jar:?]
	at knot/net.minecraft.class_1863.method_18788(class_1863.java:35) ~[client-intermediary.jar:?]
	at knot/net.minecraft.class_4080.method_18790(class_4080.java:13) ~[client-intermediary.jar:?]
	at java.base/java.util.concurrent.CompletableFuture$UniAccept.tryFire(Unknown Source) ~[?:?]
	at java.base/java.util.concurrent.CompletableFuture$Completion.run(Unknown Source) ~[?:?]
	at knot/net.minecraft.class_4014.method_18365(class_4014.java:69) ~[client-intermediary.jar:?]
	at knot/net.minecraft.class_1255.method_18859(class_1255.java:162) ~[client-intermediary.jar:?]
	at knot/net.minecraft.class_4093.method_18859(class_4093.java:23) ~[client-intermediary.jar:?]
	at knot/net.minecraft.class_1255.method_16075(class_1255.java:136) ~[client-intermediary.jar:?]
	at knot/net.minecraft.class_1255.method_18857(class_1255.java:145) ~[client-intermediary.jar:?]
	at knot/net.minecraft.class_310.method_18857(class_310.java:32678) ~[client-intermediary.jar:?]
	at knot/net.minecraft.class_525.method_31130(class_525.java:329) ~[client-intermediary.jar:?]
	at knot/net.minecraft.class_526.method_19944(class_526.java:54) ~[client-intermediary.jar:?]
	at knot/net.minecraft.class_4185.method_25306(class_4185.java:96) ~[client-intermediary.jar:?]
	at knot/net.minecraft.class_4264.method_25348(class_4264.java:48) ~[client-intermediary.jar:?]
	at knot/net.minecraft.class_339.method_25402(class_339.java:141) ~[client-intermediary.jar:?]
	at knot/net.minecraft.class_4069.method_25402(class_4069.java:38) ~[client-intermediary.jar:?]
	at knot/net.minecraft.class_312.method_1611(class_312.java:107) ~[client-intermediary.jar:?]
	at knot/net.minecraft.class_437.method_25412(class_437.java:431) ~[client-intermediary.jar:?]
	at knot/net.minecraft.class_312.method_1601(class_312.java:107) ~[client-intermediary.jar:?]
	at knot/net.minecraft.class_312.method_22686(class_312.java:196) ~[client-intermediary.jar:?]
	at knot/net.minecraft.class_1255.execute(class_1255.java:108) ~[client-intermediary.jar:?]
	at knot/net.minecraft.class_312.method_22684(class_312.java:196) ~[client-intermediary.jar:?]
	at knot/org.lwjgl.glfw.GLFWMouseButtonCallbackI.callback(GLFWMouseButtonCallbackI.java:43) [lwjgl-glfw-3.3.3.jar:?]
	at knot/org.lwjgl.system.JNI.invokeV(Native Method) ~[lwjgl-3.3.3.jar:?]
	at knot/org.lwjgl.glfw.GLFW.glfwWaitEventsTimeout(GLFW.java:3509) [lwjgl-glfw-3.3.3.jar:?]
	at knot/com.mojang.blaze3d.systems.RenderSystem.limitDisplayFPS(RenderSystem.java:184) [client-intermediary.jar:?]
	at knot/net.minecraft.class_310.method_1523(class_310.java:1310) [client-intermediary.jar:?]
	at knot/net.minecraft.class_310.method_1514(class_310.java:882) [client-intermediary.jar:?]
	at knot/net.minecraft.client.main.Main.main(Main.java:256) [client-intermediary.jar:?]
	at net.fabricmc.loader.impl.game.minecraft.MinecraftGameProvider.launch(MinecraftGameProvider.java:514) [fabric-loader-0.18.1.jar:?]
	at net.fabricmc.loader.impl.launch.knot.Knot.launch(Knot.java:72) [fabric-loader-0.18.1.jar:?]
	at net.fabricmc.loader.impl.launch.knot.KnotClient.main(KnotClient.java:23) [fabric-loader-0.18.1.jar:?]
[22:11:29] [Render thread/ERROR]: Parsing error loading recipe suppsquared:gold_candle_holder_aqua
com.google.gson.JsonParseException: Unknown registry key in ResourceKey[minecraft:root / minecraft:item]: suppsquared:gold_candle_holder_aqua
	at knot/com.mojang.serialization.DataResult$Error.mde968eb$owo$lambda$addStackTraceToException$0$0(DataResult.java:565) ~[datafixerupper-8.0.16.jar:?]
	at knot/com.mojang.serialization.DataResult$Error.getOrThrow(DataResult.java:287) ~[datafixerupper-8.0.16.jar:?]
	at knot/net.minecraft.class_1863.method_20705(class_1863.java:62) ~[client-intermediary.jar:?]
	at knot/net.minecraft.class_1863.method_18788(class_1863.java:35) ~[client-intermediary.jar:?]
	at knot/net.minecraft.class_4080.method_18790(class_4080.java:13) ~[client-intermediary.jar:?]
	at java.base/java.util.concurrent.CompletableFuture$UniAccept.tryFire(Unknown Source) ~[?:?]
	at java.base/java.util.concurrent.CompletableFuture$Completion.run(Unknown Source) ~[?:?]
	at knot/net.minecraft.class_4014.method_18365(class_4014.java:69) ~[client-intermediary.jar:?]
	at knot/net.minecraft.class_1255.method_18859(class_1255.java:162) ~[client-intermediary.jar:?]
	at knot/net.minecraft.class_4093.method_18859(class_4093.java:23) ~[client-intermediary.jar:?]
	at knot/net.minecraft.class_1255.method_16075(class_1255.java:136) ~[client-intermediary.jar:?]
	at knot/net.minecraft.class_1255.method_18857(class_1255.java:145) ~[client-intermediary.jar:?]
	at knot/net.minecraft.class_310.method_18857(class_310.java:32678) ~[client-intermediary.jar:?]
	at knot/net.minecraft.class_525.method_31130(class_525.java:329) ~[client-intermediary.jar:?]
	at knot/net.minecraft.class_526.method_19944(class_526.java:54) ~[client-intermediary.jar:?]
	at knot/net.minecraft.class_4185.method_25306(class_4185.java:96) ~[client-intermediary.jar:?]
	at knot/net.minecraft.class_4264.method_25348(class_4264.java:48) ~[client-intermediary.jar:?]
	at knot/net.minecraft.class_339.method_25402(class_339.java:141) ~[client-intermediary.jar:?]
	at knot/net.minecraft.class_4069.method_25402(class_4069.java:38) ~[client-intermediary.jar:?]
	at knot/net.minecraft.class_312.method_1611(class_312.java:107) ~[client-intermediary.jar:?]
	at knot/net.minecraft.class_437.method_25412(class_437.java:431) ~[client-intermediary.jar:?]
	at knot/net.minecraft.class_312.method_1601(class_312.java:107) ~[client-intermediary.jar:?]
	at knot/net.minecraft.class_312.method_22686(class_312.java:196) ~[client-intermediary.jar:?]
	at knot/net.minecraft.class_1255.execute(class_1255.java:108) ~[client-intermediary.jar:?]
	at knot/net.minecraft.class_312.method_22684(class_312.java:196) ~[client-intermediary.jar:?]
	at knot/org.lwjgl.glfw.GLFWMouseButtonCallbackI.callback(GLFWMouseButtonCallbackI.java:43) [lwjgl-glfw-3.3.3.jar:?]
	at knot/org.lwjgl.system.JNI.invokeV(Native Method) ~[lwjgl-3.3.3.jar:?]
	at knot/org.lwjgl.glfw.GLFW.glfwWaitEventsTimeout(GLFW.java:3509) [lwjgl-glfw-3.3.3.jar:?]
	at knot/com.mojang.blaze3d.systems.RenderSystem.limitDisplayFPS(RenderSystem.java:184) [client-intermediary.jar:?]
	at knot/net.minecraft.class_310.method_1523(class_310.java:1310) [client-intermediary.jar:?]
	at knot/net.minecraft.class_310.method_1514(class_310.java:882) [client-intermediary.jar:?]
	at knot/net.minecraft.client.main.Main.main(Main.java:256) [client-intermediary.jar:?]
	at net.fabricmc.loader.impl.game.minecraft.MinecraftGameProvider.launch(MinecraftGameProvider.java:514) [fabric-loader-0.18.1.jar:?]
	at net.fabricmc.loader.impl.launch.knot.Knot.launch(Knot.java:72) [fabric-loader-0.18.1.jar:?]
	at net.fabricmc.loader.impl.launch.knot.KnotClient.main(KnotClient.java:23) [fabric-loader-0.18.1.jar:?]
[22:11:29] [Render thread/ERROR]: Parsing error loading recipe fcru:small_oak_wood
com.google.gson.JsonParseException: Unknown registry key in ResourceKey[minecraft:root / minecraft:item]: regions_unexplored:stripped_small_oak_wood; Failed to parse either. First: Input does not contain a key [fabric:type]: MapLike[{"item":"regions_unexplored:small_oak_wood"}]; Second: Failed to parse either. First: Not a json array: {"item":"regions_unexplored:small_oak_wood"}; Second: No key tag in MapLike[{"item":"regions_unexplored:small_oak_wood"}]; Unknown registry key in ResourceKey[minecraft:root / minecraft:item]: regions_unexplored:small_oak_wood; No ingredients for cutting recipe
	at knot/com.mojang.serialization.DataResult$Error.mde968eb$owo$lambda$addStackTraceToException$0$0(DataResult.java:565) ~[datafixerupper-8.0.16.jar:?]
	at knot/com.mojang.serialization.DataResult$Error.getOrThrow(DataResult.java:287) ~[datafixerupper-8.0.16.jar:?]
	at knot/net.minecraft.class_1863.method_20705(class_1863.java:62) ~[client-intermediary.jar:?]
	at knot/net.minecraft.class_1863.method_18788(class_1863.java:35) ~[client-intermediary.jar:?]
	at knot/net.minecraft.class_4080.method_18790(class_4080.java:13) ~[client-intermediary.jar:?]
	at java.base/java.util.concurrent.CompletableFuture$UniAccept.tryFire(Unknown Source) ~[?:?]
	at java.base/java.util.concurrent.CompletableFuture$Completion.run(Unknown Source) ~[?:?]
	at knot/net.minecraft.class_4014.method_18365(class_4014.java:69) ~[client-intermediary.jar:?]
	at knot/net.minecraft.class_1255.method_18859(class_1255.java:162) ~[client-intermediary.jar:?]
	at knot/net.minecraft.class_4093.method_18859(class_4093.java:23) ~[client-intermediary.jar:?]
	at knot/net.minecraft.class_1255.method_16075(class_1255.java:136) ~[client-intermediary.jar:?]
	at knot/net.minecraft.class_1255.method_18857(class_1255.java:145) ~[client-intermediary.jar:?]
	at knot/net.minecraft.class_310.method_18857(class_310.java:32678) ~[client-intermediary.jar:?]
	at knot/net.minecraft.class_525.method_31130(class_525.java:329) ~[client-intermediary.jar:?]
	at knot/net.minecraft.class_526.method_19944(class_526.java:54) ~[client-intermediary.jar:?]
	at knot/net.minecraft.class_4185.method_25306(class_4185.java:96) ~[client-intermediary.jar:?]
	at knot/net.minecraft.class_4264.method_25348(class_4264.java:48) ~[client-intermediary.jar:?]
	at knot/net.minecraft.class_339.method_25402(class_339.java:141) ~[client-intermediary.jar:?]
	at knot/net.minecraft.class_4069.method_25402(class_4069.java:38) ~[client-intermediary.jar:?]
	at knot/net.minecraft.class_312.method_1611(class_312.java:107) ~[client-intermediary.jar:?]
	at knot/net.minecraft.class_437.method_25412(class_437.java:431) ~[client-intermediary.jar:?]
	at knot/net.minecraft.class_312.method_1601(class_312.java:107) ~[client-intermediary.jar:?]
	at knot/net.minecraft.class_312.method_22686(class_312.java:196) ~[client-intermediary.jar:?]
	at knot/net.minecraft.class_1255.execute(class_1255.java:108) ~[client-intermediary.jar:?]
	at knot/net.minecraft.class_312.method_22684(class_312.java:196) ~[client-intermediary.jar:?]
	at knot/org.lwjgl.glfw.GLFWMouseButtonCallbackI.callback(GLFWMouseButtonCallbackI.java:43) [lwjgl-glfw-3.3.3.jar:?]
	at knot/org.lwjgl.system.JNI.invokeV(Native Method) ~[lwjgl-3.3.3.jar:?]
	at knot/org.lwjgl.glfw.GLFW.glfwWaitEventsTimeout(GLFW.java:3509) [lwjgl-glfw-3.3.3.jar:?]
	at knot/com.mojang.blaze3d.systems.RenderSystem.limitDisplayFPS(RenderSystem.java:184) [client-intermediary.jar:?]
	at knot/net.minecraft.class_310.method_1523(class_310.java:1310) [client-intermediary.jar:?]
	at knot/net.minecraft.class_310.method_1514(class_310.java:882) [client-intermediary.jar:?]
	at knot/net.minecraft.client.main.Main.main(Main.java:256) [client-intermediary.jar:?]
	at net.fabricmc.loader.impl.game.minecraft.MinecraftGameProvider.launch(MinecraftGameProvider.java:514) [fabric-loader-0.18.1.jar:?]
	at net.fabricmc.loader.impl.launch.knot.Knot.launch(Knot.java:72) [fabric-loader-0.18.1.jar:?]
	at net.fabricmc.loader.impl.launch.knot.KnotClient.main(KnotClient.java:23) [fabric-loader-0.18.1.jar:?]
[22:11:29] [Render thread/ERROR]: Parsing error loading recipe suppsquared:gold_candle_holder_verdant
com.google.gson.JsonParseException: Unknown registry key in ResourceKey[minecraft:root / minecraft:item]: suppsquared:gold_candle_holder_verdant
	at knot/com.mojang.serialization.DataResult$Error.mde968eb$owo$lambda$addStackTraceToException$0$0(DataResult.java:565) ~[datafixerupper-8.0.16.jar:?]
	at knot/com.mojang.serialization.DataResult$Error.getOrThrow(DataResult.java:287) ~[datafixerupper-8.0.16.jar:?]
	at knot/net.minecraft.class_1863.method_20705(class_1863.java:62) ~[client-intermediary.jar:?]
	at knot/net.minecraft.class_1863.method_18788(class_1863.java:35) ~[client-intermediary.jar:?]
	at knot/net.minecraft.class_4080.method_18790(class_4080.java:13) ~[client-intermediary.jar:?]
	at java.base/java.util.concurrent.CompletableFuture$UniAccept.tryFire(Unknown Source) ~[?:?]
	at java.base/java.util.concurrent.CompletableFuture$Completion.run(Unknown Source) ~[?:?]
	at knot/net.minecraft.class_4014.method_18365(class_4014.java:69) ~[client-intermediary.jar:?]
	at knot/net.minecraft.class_1255.method_18859(class_1255.java:162) ~[client-intermediary.jar:?]
	at knot/net.minecraft.class_4093.method_18859(class_4093.java:23) ~[client-intermediary.jar:?]
	at knot/net.minecraft.class_1255.method_16075(class_1255.java:136) ~[client-intermediary.jar:?]
	at knot/net.minecraft.class_1255.method_18857(class_1255.java:145) ~[client-intermediary.jar:?]
	at knot/net.minecraft.class_310.method_18857(class_310.java:32678) ~[client-intermediary.jar:?]
	at knot/net.minecraft.class_525.method_31130(class_525.java:329) ~[client-intermediary.jar:?]
	at knot/net.minecraft.class_526.method_19944(class_526.java:54) ~[client-intermediary.jar:?]
	at knot/net.minecraft.class_4185.method_25306(class_4185.java:96) ~[client-intermediary.jar:?]
	at knot/net.minecraft.class_4264.method_25348(class_4264.java:48) ~[client-intermediary.jar:?]
	at knot/net.minecraft.class_339.method_25402(class_339.java:141) ~[client-intermediary.jar:?]
	at knot/net.minecraft.class_4069.method_25402(class_4069.java:38) ~[client-intermediary.jar:?]
	at knot/net.minecraft.class_312.method_1611(class_312.java:107) ~[client-intermediary.jar:?]
	at knot/net.minecraft.class_437.method_25412(class_437.java:431) ~[client-intermediary.jar:?]
	at knot/net.minecraft.class_312.method_1601(class_312.java:107) ~[client-intermediary.jar:?]
	at knot/net.minecraft.class_312.method_22686(class_312.java:196) ~[client-intermediary.jar:?]
	at knot/net.minecraft.class_1255.execute(class_1255.java:108) ~[client-intermediary.jar:?]
	at knot/net.minecraft.class_312.method_22684(class_312.java:196) ~[client-intermediary.jar:?]
	at knot/org.lwjgl.glfw.GLFWMouseButtonCallbackI.callback(GLFWMouseButtonCallbackI.java:43) [lwjgl-glfw-3.3.3.jar:?]
	at knot/org.lwjgl.system.JNI.invokeV(Native Method) ~[lwjgl-3.3.3.jar:?]
	at knot/org.lwjgl.glfw.GLFW.glfwWaitEventsTimeout(GLFW.java:3509) [lwjgl-glfw-3.3.3.jar:?]
	at knot/com.mojang.blaze3d.systems.RenderSystem.limitDisplayFPS(RenderSystem.java:184) [client-intermediary.jar:?]
	at knot/net.minecraft.class_310.method_1523(class_310.java:1310) [client-intermediary.jar:?]
	at knot/net.minecraft.class_310.method_1514(class_310.java:882) [client-intermediary.jar:?]
	at knot/net.minecraft.client.main.Main.main(Main.java:256) [client-intermediary.jar:?]
	at net.fabricmc.loader.impl.game.minecraft.MinecraftGameProvider.launch(MinecraftGameProvider.java:514) [fabric-loader-0.18.1.jar:?]
	at net.fabricmc.loader.impl.launch.knot.Knot.launch(Knot.java:72) [fabric-loader-0.18.1.jar:?]
	at net.fabricmc.loader.impl.launch.knot.KnotClient.main(KnotClient.java:23) [fabric-loader-0.18.1.jar:?]
[22:11:29] [Render thread/ERROR]: Parsing error loading recipe supplementaries:flag_aqua
com.google.gson.JsonParseException: Unknown registry key in ResourceKey[minecraft:root / minecraft:item]: supplementaries:flag_aqua
	at knot/com.mojang.serialization.DataResult$Error.mde968eb$owo$lambda$addStackTraceToException$0$0(DataResult.java:565) ~[datafixerupper-8.0.16.jar:?]
	at knot/com.mojang.serialization.DataResult$Error.getOrThrow(DataResult.java:287) ~[datafixerupper-8.0.16.jar:?]
	at knot/net.minecraft.class_1863.method_20705(class_1863.java:62) ~[client-intermediary.jar:?]
	at knot/net.minecraft.class_1863.method_18788(class_1863.java:35) ~[client-intermediary.jar:?]
	at knot/net.minecraft.class_4080.method_18790(class_4080.java:13) ~[client-intermediary.jar:?]
	at java.base/java.util.concurrent.CompletableFuture$UniAccept.tryFire(Unknown Source) ~[?:?]
	at java.base/java.util.concurrent.CompletableFuture$Completion.run(Unknown Source) ~[?:?]
	at knot/net.minecraft.class_4014.method_18365(class_4014.java:69) ~[client-intermediary.jar:?]
	at knot/net.minecraft.class_1255.method_18859(class_1255.java:162) ~[client-intermediary.jar:?]
	at knot/net.minecraft.class_4093.method_18859(class_4093.java:23) ~[client-intermediary.jar:?]
	at knot/net.minecraft.class_1255.method_16075(class_1255.java:136) ~[client-intermediary.jar:?]
	at knot/net.minecraft.class_1255.method_18857(class_1255.java:145) ~[client-intermediary.jar:?]
	at knot/net.minecraft.class_310.method_18857(class_310.java:32678) ~[client-intermediary.jar:?]
	at knot/net.minecraft.class_525.method_31130(class_525.java:329) ~[client-intermediary.jar:?]
	at knot/net.minecraft.class_526.method_19944(class_526.java:54) ~[client-intermediary.jar:?]
	at knot/net.minecraft.class_4185.method_25306(class_4185.java:96) ~[client-intermediary.jar:?]
	at knot/net.minecraft.class_4264.method_25348(class_4264.java:48) ~[client-intermediary.jar:?]
	at knot/net.minecraft.class_339.method_25402(class_339.java:141) ~[client-intermediary.jar:?]
	at knot/net.minecraft.class_4069.method_25402(class_4069.java:38) ~[client-intermediary.jar:?]
	at knot/net.minecraft.class_312.method_1611(class_312.java:107) ~[client-intermediary.jar:?]
	at knot/net.minecraft.class_437.method_25412(class_437.java:431) ~[client-intermediary.jar:?]
	at knot/net.minecraft.class_312.method_1601(class_312.java:107) ~[client-intermediary.jar:?]
	at knot/net.minecraft.class_312.method_22686(class_312.java:196) ~[client-intermediary.jar:?]
	at knot/net.minecraft.class_1255.execute(class_1255.java:108) ~[client-intermediary.jar:?]
	at knot/net.minecraft.class_312.method_22684(class_312.java:196) ~[client-intermediary.jar:?]
	at knot/org.lwjgl.glfw.GLFWMouseButtonCallbackI.callback(GLFWMouseButtonCallbackI.java:43) [lwjgl-glfw-3.3.3.jar:?]
	at knot/org.lwjgl.system.JNI.invokeV(Native Method) ~[lwjgl-3.3.3.jar:?]
	at knot/org.lwjgl.glfw.GLFW.glfwWaitEventsTimeout(GLFW.java:3509) [lwjgl-glfw-3.3.3.jar:?]
	at knot/com.mojang.blaze3d.systems.RenderSystem.limitDisplayFPS(RenderSystem.java:184) [client-intermediary.jar:?]
	at knot/net.minecraft.class_310.method_1523(class_310.java:1310) [client-intermediary.jar:?]
	at knot/net.minecraft.class_310.method_1514(class_310.java:882) [client-intermediary.jar:?]
	at knot/net.minecraft.client.main.Main.main(Main.java:256) [client-intermediary.jar:?]
	at net.fabricmc.loader.impl.game.minecraft.MinecraftGameProvider.launch(MinecraftGameProvider.java:514) [fabric-loader-0.18.1.jar:?]
	at net.fabricmc.loader.impl.launch.knot.Knot.launch(Knot.java:72) [fabric-loader-0.18.1.jar:?]
	at net.fabricmc.loader.impl.launch.knot.KnotClient.main(KnotClient.java:23) [fabric-loader-0.18.1.jar:?]
[22:11:29] [Render thread/ERROR]: Parsing error loading recipe supplementaries:candle_holder_forest
com.google.gson.JsonParseException: Unknown registry key in ResourceKey[minecraft:root / minecraft:item]: supplementaries:candle_holder_forest
	at knot/com.mojang.serialization.DataResult$Error.mde968eb$owo$lambda$addStackTraceToException$0$0(DataResult.java:565) ~[datafixerupper-8.0.16.jar:?]
	at knot/com.mojang.serialization.DataResult$Error.getOrThrow(DataResult.java:287) ~[datafixerupper-8.0.16.jar:?]
	at knot/net.minecraft.class_1863.method_20705(class_1863.java:62) ~[client-intermediary.jar:?]
	at knot/net.minecraft.class_1863.method_18788(class_1863.java:35) ~[client-intermediary.jar:?]
	at knot/net.minecraft.class_4080.method_18790(class_4080.java:13) ~[client-intermediary.jar:?]
	at java.base/java.util.concurrent.CompletableFuture$UniAccept.tryFire(Unknown Source) ~[?:?]
	at java.base/java.util.concurrent.CompletableFuture$Completion.run(Unknown Source) ~[?:?]
	at knot/net.minecraft.class_4014.method_18365(class_4014.java:69) ~[client-intermediary.jar:?]
	at knot/net.minecraft.class_1255.method_18859(class_1255.java:162) ~[client-intermediary.jar:?]
	at knot/net.minecraft.class_4093.method_18859(class_4093.java:23) ~[client-intermediary.jar:?]
	at knot/net.minecraft.class_1255.method_16075(class_1255.java:136) ~[client-intermediary.jar:?]
	at knot/net.minecraft.class_1255.method_18857(class_1255.java:145) ~[client-intermediary.jar:?]
	at knot/net.minecraft.class_310.method_18857(class_310.java:32678) ~[client-intermediary.jar:?]
	at knot/net.minecraft.class_525.method_31130(class_525.java:329) ~[client-intermediary.jar:?]
	at knot/net.minecraft.class_526.method_19944(class_526.java:54) ~[client-intermediary.jar:?]
	at knot/net.minecraft.class_4185.method_25306(class_4185.java:96) ~[client-intermediary.jar:?]
	at knot/net.minecraft.class_4264.method_25348(class_4264.java:48) ~[client-intermediary.jar:?]
	at knot/net.minecraft.class_339.method_25402(class_339.java:141) ~[client-intermediary.jar:?]
	at knot/net.minecraft.class_4069.method_25402(class_4069.java:38) ~[client-intermediary.jar:?]
	at knot/net.minecraft.class_312.method_1611(class_312.java:107) ~[client-intermediary.jar:?]
	at knot/net.minecraft.class_437.method_25412(class_437.java:431) ~[client-intermediary.jar:?]
	at knot/net.minecraft.class_312.method_1601(class_312.java:107) ~[client-intermediary.jar:?]
	at knot/net.minecraft.class_312.method_22686(class_312.java:196) ~[client-intermediary.jar:?]
	at knot/net.minecraft.class_1255.execute(class_1255.java:108) ~[client-intermediary.jar:?]
	at knot/net.minecraft.class_312.method_22684(class_312.java:196) ~[client-intermediary.jar:?]
	at knot/org.lwjgl.glfw.GLFWMouseButtonCallbackI.callback(GLFWMouseButtonCallbackI.java:43) [lwjgl-glfw-3.3.3.jar:?]
	at knot/org.lwjgl.system.JNI.invokeV(Native Method) ~[lwjgl-3.3.3.jar:?]
	at knot/org.lwjgl.glfw.GLFW.glfwWaitEventsTimeout(GLFW.java:3509) [lwjgl-glfw-3.3.3.jar:?]
	at knot/com.mojang.blaze3d.systems.RenderSystem.limitDisplayFPS(RenderSystem.java:184) [client-intermediary.jar:?]
	at knot/net.minecraft.class_310.method_1523(class_310.java:1310) [client-intermediary.jar:?]
	at knot/net.minecraft.class_310.method_1514(class_310.java:882) [client-intermediary.jar:?]
	at knot/net.minecraft.client.main.Main.main(Main.java:256) [client-intermediary.jar:?]
	at net.fabricmc.loader.impl.game.minecraft.MinecraftGameProvider.launch(MinecraftGameProvider.java:514) [fabric-loader-0.18.1.jar:?]
	at net.fabricmc.loader.impl.launch.knot.Knot.launch(Knot.java:72) [fabric-loader-0.18.1.jar:?]
	at net.fabricmc.loader.impl.launch.knot.KnotClient.main(KnotClient.java:23) [fabric-loader-0.18.1.jar:?]
[22:11:29] [Render thread/ERROR]: Parsing error loading recipe supplementaries:flag_maroon
com.google.gson.JsonParseException: Unknown registry key in ResourceKey[minecraft:root / minecraft:item]: supplementaries:flag_maroon
	at knot/com.mojang.serialization.DataResult$Error.mde968eb$owo$lambda$addStackTraceToException$0$0(DataResult.java:565) ~[datafixerupper-8.0.16.jar:?]
	at knot/com.mojang.serialization.DataResult$Error.getOrThrow(DataResult.java:287) ~[datafixerupper-8.0.16.jar:?]
	at knot/net.minecraft.class_1863.method_20705(class_1863.java:62) ~[client-intermediary.jar:?]
	at knot/net.minecraft.class_1863.method_18788(class_1863.java:35) ~[client-intermediary.jar:?]
	at knot/net.minecraft.class_4080.method_18790(class_4080.java:13) ~[client-intermediary.jar:?]
	at java.base/java.util.concurrent.CompletableFuture$UniAccept.tryFire(Unknown Source) ~[?:?]
	at java.base/java.util.concurrent.CompletableFuture$Completion.run(Unknown Source) ~[?:?]
	at knot/net.minecraft.class_4014.method_18365(class_4014.java:69) ~[client-intermediary.jar:?]
	at knot/net.minecraft.class_1255.method_18859(class_1255.java:162) ~[client-intermediary.jar:?]
	at knot/net.minecraft.class_4093.method_18859(class_4093.java:23) ~[client-intermediary.jar:?]
	at knot/net.minecraft.class_1255.method_16075(class_1255.java:136) ~[client-intermediary.jar:?]
	at knot/net.minecraft.class_1255.method_18857(class_1255.java:145) ~[client-intermediary.jar:?]
	at knot/net.minecraft.class_310.method_18857(class_310.java:32678) ~[client-intermediary.jar:?]
	at knot/net.minecraft.class_525.method_31130(class_525.java:329) ~[client-intermediary.jar:?]
	at knot/net.minecraft.class_526.method_19944(class_526.java:54) ~[client-intermediary.jar:?]
	at knot/net.minecraft.class_4185.method_25306(class_4185.java:96) ~[client-intermediary.jar:?]
	at knot/net.minecraft.class_4264.method_25348(class_4264.java:48) ~[client-intermediary.jar:?]
	at knot/net.minecraft.class_339.method_25402(class_339.java:141) ~[client-intermediary.jar:?]
	at knot/net.minecraft.class_4069.method_25402(class_4069.java:38) ~[client-intermediary.jar:?]
	at knot/net.minecraft.class_312.method_1611(class_312.java:107) ~[client-intermediary.jar:?]
	at knot/net.minecraft.class_437.method_25412(class_437.java:431) ~[client-intermediary.jar:?]
	at knot/net.minecraft.class_312.method_1601(class_312.java:107) ~[client-intermediary.jar:?]
	at knot/net.minecraft.class_312.method_22686(class_312.java:196) ~[client-intermediary.jar:?]
	at knot/net.minecraft.class_1255.execute(class_1255.java:108) ~[client-intermediary.jar:?]
	at knot/net.minecraft.class_312.method_22684(class_312.java:196) ~[client-intermediary.jar:?]
	at knot/org.lwjgl.glfw.GLFWMouseButtonCallbackI.callback(GLFWMouseButtonCallbackI.java:43) [lwjgl-glfw-3.3.3.jar:?]
	at knot/org.lwjgl.system.JNI.invokeV(Native Method) ~[lwjgl-3.3.3.jar:?]
	at knot/org.lwjgl.glfw.GLFW.glfwWaitEventsTimeout(GLFW.java:3509) [lwjgl-glfw-3.3.3.jar:?]
	at knot/com.mojang.blaze3d.systems.RenderSystem.limitDisplayFPS(RenderSystem.java:184) [client-intermediary.jar:?]
	at knot/net.minecraft.class_310.method_1523(class_310.java:1310) [client-intermediary.jar:?]
	at knot/net.minecraft.class_310.method_1514(class_310.java:882) [client-intermediary.jar:?]
	at knot/net.minecraft.client.main.Main.main(Main.java:256) [client-intermediary.jar:?]
	at net.fabricmc.loader.impl.game.minecraft.MinecraftGameProvider.launch(MinecraftGameProvider.java:514) [fabric-loader-0.18.1.jar:?]
	at net.fabricmc.loader.impl.launch.knot.Knot.launch(Knot.java:72) [fabric-loader-0.18.1.jar:?]
	at net.fabricmc.loader.impl.launch.knot.KnotClient.main(KnotClient.java:23) [fabric-loader-0.18.1.jar:?]
[22:11:29] [Render thread/ERROR]: Parsing error loading recipe shutter:muddy_oak_shutter
com.google.gson.JsonParseException: Map entry '#' : Failed to parse either. First: Input does not contain a key [fabric:type]: MapLike[{"item":"goodending:muddy_oak_slab"}]; Second: Failed to parse either. First: Not a json array: {"item":"goodending:muddy_oak_slab"}; Second: No key tag in MapLike[{"item":"goodending:muddy_oak_slab"}]; Unknown registry key in ResourceKey[minecraft:root / minecraft:item]: goodending:muddy_oak_slab
	at knot/com.mojang.serialization.DataResult$Error.mde968eb$owo$lambda$addStackTraceToException$0$0(DataResult.java:565) ~[datafixerupper-8.0.16.jar:?]
	at knot/com.mojang.serialization.DataResult$Error.getOrThrow(DataResult.java:287) ~[datafixerupper-8.0.16.jar:?]
	at knot/net.minecraft.class_1863.method_20705(class_1863.java:62) ~[client-intermediary.jar:?]
	at knot/net.minecraft.class_1863.method_18788(class_1863.java:35) ~[client-intermediary.jar:?]
	at knot/net.minecraft.class_4080.method_18790(class_4080.java:13) ~[client-intermediary.jar:?]
	at java.base/java.util.concurrent.CompletableFuture$UniAccept.tryFire(Unknown Source) ~[?:?]
	at java.base/java.util.concurrent.CompletableFuture$Completion.run(Unknown Source) ~[?:?]
	at knot/net.minecraft.class_4014.method_18365(class_4014.java:69) ~[client-intermediary.jar:?]
	at knot/net.minecraft.class_1255.method_18859(class_1255.java:162) ~[client-intermediary.jar:?]
	at knot/net.minecraft.class_4093.method_18859(class_4093.java:23) ~[client-intermediary.jar:?]
	at knot/net.minecraft.class_1255.method_16075(class_1255.java:136) ~[client-intermediary.jar:?]
	at knot/net.minecraft.class_1255.method_18857(class_1255.java:145) ~[client-intermediary.jar:?]
	at knot/net.minecraft.class_310.method_18857(class_310.java:32678) ~[client-intermediary.jar:?]
	at knot/net.minecraft.class_525.method_31130(class_525.java:329) ~[client-intermediary.jar:?]
	at knot/net.minecraft.class_526.method_19944(class_526.java:54) ~[client-intermediary.jar:?]
	at knot/net.minecraft.class_4185.method_25306(class_4185.java:96) ~[client-intermediary.jar:?]
	at knot/net.minecraft.class_4264.method_25348(class_4264.java:48) ~[client-intermediary.jar:?]
	at knot/net.minecraft.class_339.method_25402(class_339.java:141) ~[client-intermediary.jar:?]
	at knot/net.minecraft.class_4069.method_25402(class_4069.java:38) ~[client-intermediary.jar:?]
	at knot/net.minecraft.class_312.method_1611(class_312.java:107) ~[client-intermediary.jar:?]
	at knot/net.minecraft.class_437.method_25412(class_437.java:431) ~[client-intermediary.jar:?]
	at knot/net.minecraft.class_312.method_1601(class_312.java:107) ~[client-intermediary.jar:?]
	at knot/net.minecraft.class_312.method_22686(class_312.java:196) ~[client-intermediary.jar:?]
	at knot/net.minecraft.class_1255.execute(class_1255.java:108) ~[client-intermediary.jar:?]
	at knot/net.minecraft.class_312.method_22684(class_312.java:196) ~[client-intermediary.jar:?]
	at knot/org.lwjgl.glfw.GLFWMouseButtonCallbackI.callback(GLFWMouseButtonCallbackI.java:43) [lwjgl-glfw-3.3.3.jar:?]
	at knot/org.lwjgl.system.JNI.invokeV(Native Method) ~[lwjgl-3.3.3.jar:?]
	at knot/org.lwjgl.glfw.GLFW.glfwWaitEventsTimeout(GLFW.java:3509) [lwjgl-glfw-3.3.3.jar:?]
	at knot/com.mojang.blaze3d.systems.RenderSystem.limitDisplayFPS(RenderSystem.java:184) [client-intermediary.jar:?]
	at knot/net.minecraft.class_310.method_1523(class_310.java:1310) [client-intermediary.jar:?]
	at knot/net.minecraft.class_310.method_1514(class_310.java:882) [client-intermediary.jar:?]
	at knot/net.minecraft.client.main.Main.main(Main.java:256) [client-intermediary.jar:?]
	at net.fabricmc.loader.impl.game.minecraft.MinecraftGameProvider.launch(MinecraftGameProvider.java:514) [fabric-loader-0.18.1.jar:?]
	at net.fabricmc.loader.impl.launch.knot.Knot.launch(Knot.java:72) [fabric-loader-0.18.1.jar:?]
	at net.fabricmc.loader.impl.launch.knot.KnotClient.main(KnotClient.java:23) [fabric-loader-0.18.1.jar:?]
[22:11:29] [Render thread/ERROR]: Parsing error loading recipe suppsquared:gold_candle_holder_maroon
com.google.gson.JsonParseException: Unknown registry key in ResourceKey[minecraft:root / minecraft:item]: suppsquared:gold_candle_holder_maroon
	at knot/com.mojang.serialization.DataResult$Error.mde968eb$owo$lambda$addStackTraceToException$0$0(DataResult.java:565) ~[datafixerupper-8.0.16.jar:?]
	at knot/com.mojang.serialization.DataResult$Error.getOrThrow(DataResult.java:287) ~[datafixerupper-8.0.16.jar:?]
	at knot/net.minecraft.class_1863.method_20705(class_1863.java:62) ~[client-intermediary.jar:?]
	at knot/net.minecraft.class_1863.method_18788(class_1863.java:35) ~[client-intermediary.jar:?]
	at knot/net.minecraft.class_4080.method_18790(class_4080.java:13) ~[client-intermediary.jar:?]
	at java.base/java.util.concurrent.CompletableFuture$UniAccept.tryFire(Unknown Source) ~[?:?]
	at java.base/java.util.concurrent.CompletableFuture$Completion.run(Unknown Source) ~[?:?]
	at knot/net.minecraft.class_4014.method_18365(class_4014.java:69) ~[client-intermediary.jar:?]
	at knot/net.minecraft.class_1255.method_18859(class_1255.java:162) ~[client-intermediary.jar:?]
	at knot/net.minecraft.class_4093.method_18859(class_4093.java:23) ~[client-intermediary.jar:?]
	at knot/net.minecraft.class_1255.method_16075(class_1255.java:136) ~[client-intermediary.jar:?]
	at knot/net.minecraft.class_1255.method_18857(class_1255.java:145) ~[client-intermediary.jar:?]
	at knot/net.minecraft.class_310.method_18857(class_310.java:32678) ~[client-intermediary.jar:?]
	at knot/net.minecraft.class_525.method_31130(class_525.java:329) ~[client-intermediary.jar:?]
	at knot/net.minecraft.class_526.method_19944(class_526.java:54) ~[client-intermediary.jar:?]
	at knot/net.minecraft.class_4185.method_25306(class_4185.java:96) ~[client-intermediary.jar:?]
	at knot/net.minecraft.class_4264.method_25348(class_4264.java:48) ~[client-intermediary.jar:?]
	at knot/net.minecraft.class_339.method_25402(class_339.java:141) ~[client-intermediary.jar:?]
	at knot/net.minecraft.class_4069.method_25402(class_4069.java:38) ~[client-intermediary.jar:?]
	at knot/net.minecraft.class_312.method_1611(class_312.java:107) ~[client-intermediary.jar:?]
	at knot/net.minecraft.class_437.method_25412(class_437.java:431) ~[client-intermediary.jar:?]
	at knot/net.minecraft.class_312.method_1601(class_312.java:107) ~[client-intermediary.jar:?]
	at knot/net.minecraft.class_312.method_22686(class_312.java:196) ~[client-intermediary.jar:?]
	at knot/net.minecraft.class_1255.execute(class_1255.java:108) ~[client-intermediary.jar:?]
	at knot/net.minecraft.class_312.method_22684(class_312.java:196) ~[client-intermediary.jar:?]
	at knot/org.lwjgl.glfw.GLFWMouseButtonCallbackI.callback(GLFWMouseButtonCallbackI.java:43) [lwjgl-glfw-3.3.3.jar:?]
	at knot/org.lwjgl.system.JNI.invokeV(Native Method) ~[lwjgl-3.3.3.jar:?]
	at knot/org.lwjgl.glfw.GLFW.glfwWaitEventsTimeout(GLFW.java:3509) [lwjgl-glfw-3.3.3.jar:?]
	at knot/com.mojang.blaze3d.systems.RenderSystem.limitDisplayFPS(RenderSystem.java:184) [client-intermediary.jar:?]
	at knot/net.minecraft.class_310.method_1523(class_310.java:1310) [client-intermediary.jar:?]
	at knot/net.minecraft.class_310.method_1514(class_310.java:882) [client-intermediary.jar:?]
	at knot/net.minecraft.client.main.Main.main(Main.java:256) [client-intermediary.jar:?]
	at net.fabricmc.loader.impl.game.minecraft.MinecraftGameProvider.launch(MinecraftGameProvider.java:514) [fabric-loader-0.18.1.jar:?]
	at net.fabricmc.loader.impl.launch.knot.Knot.launch(Knot.java:72) [fabric-loader-0.18.1.jar:?]
	at net.fabricmc.loader.impl.launch.knot.KnotClient.main(KnotClient.java:23) [fabric-loader-0.18.1.jar:?]
[22:11:29] [Render thread/ERROR]: Parsing error loading recipe supplementaries:flag_olive
com.google.gson.JsonParseException: Unknown registry key in ResourceKey[minecraft:root / minecraft:item]: supplementaries:flag_olive
	at knot/com.mojang.serialization.DataResult$Error.mde968eb$owo$lambda$addStackTraceToException$0$0(DataResult.java:565) ~[datafixerupper-8.0.16.jar:?]
	at knot/com.mojang.serialization.DataResult$Error.getOrThrow(DataResult.java:287) ~[datafixerupper-8.0.16.jar:?]
	at knot/net.minecraft.class_1863.method_20705(class_1863.java:62) ~[client-intermediary.jar:?]
	at knot/net.minecraft.class_1863.method_18788(class_1863.java:35) ~[client-intermediary.jar:?]
	at knot/net.minecraft.class_4080.method_18790(class_4080.java:13) ~[client-intermediary.jar:?]
	at java.base/java.util.concurrent.CompletableFuture$UniAccept.tryFire(Unknown Source) ~[?:?]
	at java.base/java.util.concurrent.CompletableFuture$Completion.run(Unknown Source) ~[?:?]
	at knot/net.minecraft.class_4014.method_18365(class_4014.java:69) ~[client-intermediary.jar:?]
	at knot/net.minecraft.class_1255.method_18859(class_1255.java:162) ~[client-intermediary.jar:?]
	at knot/net.minecraft.class_4093.method_18859(class_4093.java:23) ~[client-intermediary.jar:?]
	at knot/net.minecraft.class_1255.method_16075(class_1255.java:136) ~[client-intermediary.jar:?]
	at knot/net.minecraft.class_1255.method_18857(class_1255.java:145) ~[client-intermediary.jar:?]
	at knot/net.minecraft.class_310.method_18857(class_310.java:32678) ~[client-intermediary.jar:?]
	at knot/net.minecraft.class_525.method_31130(class_525.java:329) ~[client-intermediary.jar:?]
	at knot/net.minecraft.class_526.method_19944(class_526.java:54) ~[client-intermediary.jar:?]
	at knot/net.minecraft.class_4185.method_25306(class_4185.java:96) ~[client-intermediary.jar:?]
	at knot/net.minecraft.class_4264.method_25348(class_4264.java:48) ~[client-intermediary.jar:?]
	at knot/net.minecraft.class_339.method_25402(class_339.java:141) ~[client-intermediary.jar:?]
	at knot/net.minecraft.class_4069.method_25402(class_4069.java:38) ~[client-intermediary.jar:?]
	at knot/net.minecraft.class_312.method_1611(class_312.java:107) ~[client-intermediary.jar:?]
	at knot/net.minecraft.class_437.method_25412(class_437.java:431) ~[client-intermediary.jar:?]
	at knot/net.minecraft.class_312.method_1601(class_312.java:107) ~[client-intermediary.jar:?]
	at knot/net.minecraft.class_312.method_22686(class_312.java:196) ~[client-intermediary.jar:?]
	at knot/net.minecraft.class_1255.execute(class_1255.java:108) ~[client-intermediary.jar:?]
	at knot/net.minecraft.class_312.method_22684(class_312.java:196) ~[client-intermediary.jar:?]
	at knot/org.lwjgl.glfw.GLFWMouseButtonCallbackI.callback(GLFWMouseButtonCallbackI.java:43) [lwjgl-glfw-3.3.3.jar:?]
	at knot/org.lwjgl.system.JNI.invokeV(Native Method) ~[lwjgl-3.3.3.jar:?]
	at knot/org.lwjgl.glfw.GLFW.glfwWaitEventsTimeout(GLFW.java:3509) [lwjgl-glfw-3.3.3.jar:?]
	at knot/com.mojang.blaze3d.systems.RenderSystem.limitDisplayFPS(RenderSystem.java:184) [client-intermediary.jar:?]
	at knot/net.minecraft.class_310.method_1523(class_310.java:1310) [client-intermediary.jar:?]
	at knot/net.minecraft.class_310.method_1514(class_310.java:882) [client-intermediary.jar:?]
	at knot/net.minecraft.client.main.Main.main(Main.java:256) [client-intermediary.jar:?]
	at net.fabricmc.loader.impl.game.minecraft.MinecraftGameProvider.launch(MinecraftGameProvider.java:514) [fabric-loader-0.18.1.jar:?]
	at net.fabricmc.loader.impl.launch.knot.Knot.launch(Knot.java:72) [fabric-loader-0.18.1.jar:?]
	at net.fabricmc.loader.impl.launch.knot.KnotClient.main(KnotClient.java:23) [fabric-loader-0.18.1.jar:?]
[22:11:29] [Render thread/ERROR]: Parsing error loading recipe supplementaries:flag_slate
com.google.gson.JsonParseException: Unknown registry key in ResourceKey[minecraft:root / minecraft:item]: supplementaries:flag_slate
	at knot/com.mojang.serialization.DataResult$Error.mde968eb$owo$lambda$addStackTraceToException$0$0(DataResult.java:565) ~[datafixerupper-8.0.16.jar:?]
	at knot/com.mojang.serialization.DataResult$Error.getOrThrow(DataResult.java:287) ~[datafixerupper-8.0.16.jar:?]
	at knot/net.minecraft.class_1863.method_20705(class_1863.java:62) ~[client-intermediary.jar:?]
	at knot/net.minecraft.class_1863.method_18788(class_1863.java:35) ~[client-intermediary.jar:?]
	at knot/net.minecraft.class_4080.method_18790(class_4080.java:13) ~[client-intermediary.jar:?]
	at java.base/java.util.concurrent.CompletableFuture$UniAccept.tryFire(Unknown Source) ~[?:?]
	at java.base/java.util.concurrent.CompletableFuture$Completion.run(Unknown Source) ~[?:?]
	at knot/net.minecraft.class_4014.method_18365(class_4014.java:69) ~[client-intermediary.jar:?]
	at knot/net.minecraft.class_1255.method_18859(class_1255.java:162) ~[client-intermediary.jar:?]
	at knot/net.minecraft.class_4093.method_18859(class_4093.java:23) ~[client-intermediary.jar:?]
	at knot/net.minecraft.class_1255.method_16075(class_1255.java:136) ~[client-intermediary.jar:?]
	at knot/net.minecraft.class_1255.method_18857(class_1255.java:145) ~[client-intermediary.jar:?]
	at knot/net.minecraft.class_310.method_18857(class_310.java:32678) ~[client-intermediary.jar:?]
	at knot/net.minecraft.class_525.method_31130(class_525.java:329) ~[client-intermediary.jar:?]
	at knot/net.minecraft.class_526.method_19944(class_526.java:54) ~[client-intermediary.jar:?]
	at knot/net.minecraft.class_4185.method_25306(class_4185.java:96) ~[client-intermediary.jar:?]
	at knot/net.minecraft.class_4264.method_25348(class_4264.java:48) ~[client-intermediary.jar:?]
	at knot/net.minecraft.class_339.method_25402(class_339.java:141) ~[client-intermediary.jar:?]
	at knot/net.minecraft.class_4069.method_25402(class_4069.java:38) ~[client-intermediary.jar:?]
	at knot/net.minecraft.class_312.method_1611(class_312.java:107) ~[client-intermediary.jar:?]
	at knot/net.minecraft.class_437.method_25412(class_437.java:431) ~[client-intermediary.jar:?]
	at knot/net.minecraft.class_312.method_1601(class_312.java:107) ~[client-intermediary.jar:?]
	at knot/net.minecraft.class_312.method_22686(class_312.java:196) ~[client-intermediary.jar:?]
	at knot/net.minecraft.class_1255.execute(class_1255.java:108) ~[client-intermediary.jar:?]
	at knot/net.minecraft.class_312.method_22684(class_312.java:196) ~[client-intermediary.jar:?]
	at knot/org.lwjgl.glfw.GLFWMouseButtonCallbackI.callback(GLFWMouseButtonCallbackI.java:43) [lwjgl-glfw-3.3.3.jar:?]
	at knot/org.lwjgl.system.JNI.invokeV(Native Method) ~[lwjgl-3.3.3.jar:?]
	at knot/org.lwjgl.glfw.GLFW.glfwWaitEventsTimeout(GLFW.java:3509) [lwjgl-glfw-3.3.3.jar:?]
	at knot/com.mojang.blaze3d.systems.RenderSystem.limitDisplayFPS(RenderSystem.java:184) [client-intermediary.jar:?]
	at knot/net.minecraft.class_310.method_1523(class_310.java:1310) [client-intermediary.jar:?]
	at knot/net.minecraft.class_310.method_1514(class_310.java:882) [client-intermediary.jar:?]
	at knot/net.minecraft.client.main.Main.main(Main.java:256) [client-intermediary.jar:?]
	at net.fabricmc.loader.impl.game.minecraft.MinecraftGameProvider.launch(MinecraftGameProvider.java:514) [fabric-loader-0.18.1.jar:?]
	at net.fabricmc.loader.impl.launch.knot.Knot.launch(Knot.java:72) [fabric-loader-0.18.1.jar:?]
	at net.fabricmc.loader.impl.launch.knot.KnotClient.main(KnotClient.java:23) [fabric-loader-0.18.1.jar:?]
[22:11:29] [Render thread/ERROR]: Parsing error loading recipe supplementaries:candle_holder_mint
com.google.gson.JsonParseException: Unknown registry key in ResourceKey[minecraft:root / minecraft:item]: supplementaries:candle_holder_mint
	at knot/com.mojang.serialization.DataResult$Error.mde968eb$owo$lambda$addStackTraceToException$0$0(DataResult.java:565) ~[datafixerupper-8.0.16.jar:?]
	at knot/com.mojang.serialization.DataResult$Error.getOrThrow(DataResult.java:287) ~[datafixerupper-8.0.16.jar:?]
	at knot/net.minecraft.class_1863.method_20705(class_1863.java:62) ~[client-intermediary.jar:?]
	at knot/net.minecraft.class_1863.method_18788(class_1863.java:35) ~[client-intermediary.jar:?]
	at knot/net.minecraft.class_4080.method_18790(class_4080.java:13) ~[client-intermediary.jar:?]
	at java.base/java.util.concurrent.CompletableFuture$UniAccept.tryFire(Unknown Source) ~[?:?]
	at java.base/java.util.concurrent.CompletableFuture$Completion.run(Unknown Source) ~[?:?]
	at knot/net.minecraft.class_4014.method_18365(class_4014.java:69) ~[client-intermediary.jar:?]
	at knot/net.minecraft.class_1255.method_18859(class_1255.java:162) ~[client-intermediary.jar:?]
	at knot/net.minecraft.class_4093.method_18859(class_4093.java:23) ~[client-intermediary.jar:?]
	at knot/net.minecraft.class_1255.method_16075(class_1255.java:136) ~[client-intermediary.jar:?]
	at knot/net.minecraft.class_1255.method_18857(class_1255.java:145) ~[client-intermediary.jar:?]
	at knot/net.minecraft.class_310.method_18857(class_310.java:32678) ~[client-intermediary.jar:?]
	at knot/net.minecraft.class_525.method_31130(class_525.java:329) ~[client-intermediary.jar:?]
	at knot/net.minecraft.class_526.method_19944(class_526.java:54) ~[client-intermediary.jar:?]
	at knot/net.minecraft.class_4185.method_25306(class_4185.java:96) ~[client-intermediary.jar:?]
	at knot/net.minecraft.class_4264.method_25348(class_4264.java:48) ~[client-intermediary.jar:?]
	at knot/net.minecraft.class_339.method_25402(class_339.java:141) ~[client-intermediary.jar:?]
	at knot/net.minecraft.class_4069.method_25402(class_4069.java:38) ~[client-intermediary.jar:?]
	at knot/net.minecraft.class_312.method_1611(class_312.java:107) ~[client-intermediary.jar:?]
	at knot/net.minecraft.class_437.method_25412(class_437.java:431) ~[client-intermediary.jar:?]
	at knot/net.minecraft.class_312.method_1601(class_312.java:107) ~[client-intermediary.jar:?]
	at knot/net.minecraft.class_312.method_22686(class_312.java:196) ~[client-intermediary.jar:?]
	at knot/net.minecraft.class_1255.execute(class_1255.java:108) ~[client-intermediary.jar:?]
	at knot/net.minecraft.class_312.method_22684(class_312.java:196) ~[client-intermediary.jar:?]
	at knot/org.lwjgl.glfw.GLFWMouseButtonCallbackI.callback(GLFWMouseButtonCallbackI.java:43) [lwjgl-glfw-3.3.3.jar:?]
	at knot/org.lwjgl.system.JNI.invokeV(Native Method) ~[lwjgl-3.3.3.jar:?]
	at knot/org.lwjgl.glfw.GLFW.glfwWaitEventsTimeout(GLFW.java:3509) [lwjgl-glfw-3.3.3.jar:?]
	at knot/com.mojang.blaze3d.systems.RenderSystem.limitDisplayFPS(RenderSystem.java:184) [client-intermediary.jar:?]
	at knot/net.minecraft.class_310.method_1523(class_310.java:1310) [client-intermediary.jar:?]
	at knot/net.minecraft.class_310.method_1514(class_310.java:882) [client-intermediary.jar:?]
	at knot/net.minecraft.client.main.Main.main(Main.java:256) [client-intermediary.jar:?]
	at net.fabricmc.loader.impl.game.minecraft.MinecraftGameProvider.launch(MinecraftGameProvider.java:514) [fabric-loader-0.18.1.jar:?]
	at net.fabricmc.loader.impl.launch.knot.Knot.launch(Knot.java:72) [fabric-loader-0.18.1.jar:?]
	at net.fabricmc.loader.impl.launch.knot.KnotClient.main(KnotClient.java:23) [fabric-loader-0.18.1.jar:?]
[22:11:29] [Render thread/ERROR]: Parsing error loading recipe create:sequenced_assembly/c64_film_developing
com.google.gson.JsonParseException: Unknown registry key in ResourceKey[minecraft:root / minecraft:recipe_serializer]: create:sequenced_assembly
	at knot/com.mojang.serialization.DataResult$Error.mde968eb$owo$lambda$addStackTraceToException$0$0(DataResult.java:565) ~[datafixerupper-8.0.16.jar:?]
	at knot/com.mojang.serialization.DataResult$Error.getOrThrow(DataResult.java:287) ~[datafixerupper-8.0.16.jar:?]
	at knot/net.minecraft.class_1863.method_20705(class_1863.java:62) ~[client-intermediary.jar:?]
	at knot/net.minecraft.class_1863.method_18788(class_1863.java:35) ~[client-intermediary.jar:?]
	at knot/net.minecraft.class_4080.method_18790(class_4080.java:13) ~[client-intermediary.jar:?]
	at java.base/java.util.concurrent.CompletableFuture$UniAccept.tryFire(Unknown Source) ~[?:?]
	at java.base/java.util.concurrent.CompletableFuture$Completion.run(Unknown Source) ~[?:?]
	at knot/net.minecraft.class_4014.method_18365(class_4014.java:69) ~[client-intermediary.jar:?]
	at knot/net.minecraft.class_1255.method_18859(class_1255.java:162) ~[client-intermediary.jar:?]
	at knot/net.minecraft.class_4093.method_18859(class_4093.java:23) ~[client-intermediary.jar:?]
	at knot/net.minecraft.class_1255.method_16075(class_1255.java:136) ~[client-intermediary.jar:?]
	at knot/net.minecraft.class_1255.method_18857(class_1255.java:145) ~[client-intermediary.jar:?]
	at knot/net.minecraft.class_310.method_18857(class_310.java:32678) ~[client-intermediary.jar:?]
	at knot/net.minecraft.class_525.method_31130(class_525.java:329) ~[client-intermediary.jar:?]
	at knot/net.minecraft.class_526.method_19944(class_526.java:54) ~[client-intermediary.jar:?]
	at knot/net.minecraft.class_4185.method_25306(class_4185.java:96) ~[client-intermediary.jar:?]
	at knot/net.minecraft.class_4264.method_25348(class_4264.java:48) ~[client-intermediary.jar:?]
	at knot/net.minecraft.class_339.method_25402(class_339.java:141) ~[client-intermediary.jar:?]
	at knot/net.minecraft.class_4069.method_25402(class_4069.java:38) ~[client-intermediary.jar:?]
	at knot/net.minecraft.class_312.method_1611(class_312.java:107) ~[client-intermediary.jar:?]
	at knot/net.minecraft.class_437.method_25412(class_437.java:431) ~[client-intermediary.jar:?]
	at knot/net.minecraft.class_312.method_1601(class_312.java:107) ~[client-intermediary.jar:?]
	at knot/net.minecraft.class_312.method_22686(class_312.java:196) ~[client-intermediary.jar:?]
	at knot/net.minecraft.class_1255.execute(class_1255.java:108) ~[client-intermediary.jar:?]
	at knot/net.minecraft.class_312.method_22684(class_312.java:196) ~[client-intermediary.jar:?]
	at knot/org.lwjgl.glfw.GLFWMouseButtonCallbackI.callback(GLFWMouseButtonCallbackI.java:43) [lwjgl-glfw-3.3.3.jar:?]
	at knot/org.lwjgl.system.JNI.invokeV(Native Method) ~[lwjgl-3.3.3.jar:?]
	at knot/org.lwjgl.glfw.GLFW.glfwWaitEventsTimeout(GLFW.java:3509) [lwjgl-glfw-3.3.3.jar:?]
	at knot/com.mojang.blaze3d.systems.RenderSystem.limitDisplayFPS(RenderSystem.java:184) [client-intermediary.jar:?]
	at knot/net.minecraft.class_310.method_1523(class_310.java:1310) [client-intermediary.jar:?]
	at knot/net.minecraft.class_310.method_1514(class_310.java:882) [client-intermediary.jar:?]
	at knot/net.minecraft.client.main.Main.main(Main.java:256) [client-intermediary.jar:?]
	at net.fabricmc.loader.impl.game.minecraft.MinecraftGameProvider.launch(MinecraftGameProvider.java:514) [fabric-loader-0.18.1.jar:?]
	at net.fabricmc.loader.impl.launch.knot.Knot.launch(Knot.java:72) [fabric-loader-0.18.1.jar:?]
	at net.fabricmc.loader.impl.launch.knot.KnotClient.main(KnotClient.java:23) [fabric-loader-0.18.1.jar:?]
[22:11:29] [Render thread/ERROR]: Parsing error loading recipe supplementaries:candle_holder_amber
com.google.gson.JsonParseException: Unknown registry key in ResourceKey[minecraft:root / minecraft:item]: supplementaries:candle_holder_amber
	at knot/com.mojang.serialization.DataResult$Error.mde968eb$owo$lambda$addStackTraceToException$0$0(DataResult.java:565) ~[datafixerupper-8.0.16.jar:?]
	at knot/com.mojang.serialization.DataResult$Error.getOrThrow(DataResult.java:287) ~[datafixerupper-8.0.16.jar:?]
	at knot/net.minecraft.class_1863.method_20705(class_1863.java:62) ~[client-intermediary.jar:?]
	at knot/net.minecraft.class_1863.method_18788(class_1863.java:35) ~[client-intermediary.jar:?]
	at knot/net.minecraft.class_4080.method_18790(class_4080.java:13) ~[client-intermediary.jar:?]
	at java.base/java.util.concurrent.CompletableFuture$UniAccept.tryFire(Unknown Source) ~[?:?]
	at java.base/java.util.concurrent.CompletableFuture$Completion.run(Unknown Source) ~[?:?]
	at knot/net.minecraft.class_4014.method_18365(class_4014.java:69) ~[client-intermediary.jar:?]
	at knot/net.minecraft.class_1255.method_18859(class_1255.java:162) ~[client-intermediary.jar:?]
	at knot/net.minecraft.class_4093.method_18859(class_4093.java:23) ~[client-intermediary.jar:?]
	at knot/net.minecraft.class_1255.method_16075(class_1255.java:136) ~[client-intermediary.jar:?]
	at knot/net.minecraft.class_1255.method_18857(class_1255.java:145) ~[client-intermediary.jar:?]
	at knot/net.minecraft.class_310.method_18857(class_310.java:32678) ~[client-intermediary.jar:?]
	at knot/net.minecraft.class_525.method_31130(class_525.java:329) ~[client-intermediary.jar:?]
	at knot/net.minecraft.class_526.method_19944(class_526.java:54) ~[client-intermediary.jar:?]
	at knot/net.minecraft.class_4185.method_25306(class_4185.java:96) ~[client-intermediary.jar:?]
	at knot/net.minecraft.class_4264.method_25348(class_4264.java:48) ~[client-intermediary.jar:?]
	at knot/net.minecraft.class_339.method_25402(class_339.java:141) ~[client-intermediary.jar:?]
	at knot/net.minecraft.class_4069.method_25402(class_4069.java:38) ~[client-intermediary.jar:?]
	at knot/net.minecraft.class_312.method_1611(class_312.java:107) ~[client-intermediary.jar:?]
	at knot/net.minecraft.class_437.method_25412(class_437.java:431) ~[client-intermediary.jar:?]
	at knot/net.minecraft.class_312.method_1601(class_312.java:107) ~[client-intermediary.jar:?]
	at knot/net.minecraft.class_312.method_22686(class_312.java:196) ~[client-intermediary.jar:?]
	at knot/net.minecraft.class_1255.execute(class_1255.java:108) ~[client-intermediary.jar:?]
	at knot/net.minecraft.class_312.method_22684(class_312.java:196) ~[client-intermediary.jar:?]
	at knot/org.lwjgl.glfw.GLFWMouseButtonCallbackI.callback(GLFWMouseButtonCallbackI.java:43) [lwjgl-glfw-3.3.3.jar:?]
	at knot/org.lwjgl.system.JNI.invokeV(Native Method) ~[lwjgl-3.3.3.jar:?]
	at knot/org.lwjgl.glfw.GLFW.glfwWaitEventsTimeout(GLFW.java:3509) [lwjgl-glfw-3.3.3.jar:?]
	at knot/com.mojang.blaze3d.systems.RenderSystem.limitDisplayFPS(RenderSystem.java:184) [client-intermediary.jar:?]
	at knot/net.minecraft.class_310.method_1523(class_310.java:1310) [client-intermediary.jar:?]
	at knot/net.minecraft.class_310.method_1514(class_310.java:882) [client-intermediary.jar:?]
	at knot/net.minecraft.client.main.Main.main(Main.java:256) [client-intermediary.jar:?]
	at net.fabricmc.loader.impl.game.minecraft.MinecraftGameProvider.launch(MinecraftGameProvider.java:514) [fabric-loader-0.18.1.jar:?]
	at net.fabricmc.loader.impl.launch.knot.Knot.launch(Knot.java:72) [fabric-loader-0.18.1.jar:?]
	at net.fabricmc.loader.impl.launch.knot.KnotClient.main(KnotClient.java:23) [fabric-loader-0.18.1.jar:?]
[22:11:29] [Render thread/ERROR]: Parsing error loading recipe suppsquared:gold_candle_holder_coral
com.google.gson.JsonParseException: Unknown registry key in ResourceKey[minecraft:root / minecraft:item]: suppsquared:gold_candle_holder_coral
	at knot/com.mojang.serialization.DataResult$Error.mde968eb$owo$lambda$addStackTraceToException$0$0(DataResult.java:565) ~[datafixerupper-8.0.16.jar:?]
	at knot/com.mojang.serialization.DataResult$Error.getOrThrow(DataResult.java:287) ~[datafixerupper-8.0.16.jar:?]
	at knot/net.minecraft.class_1863.method_20705(class_1863.java:62) ~[client-intermediary.jar:?]
	at knot/net.minecraft.class_1863.method_18788(class_1863.java:35) ~[client-intermediary.jar:?]
	at knot/net.minecraft.class_4080.method_18790(class_4080.java:13) ~[client-intermediary.jar:?]
	at java.base/java.util.concurrent.CompletableFuture$UniAccept.tryFire(Unknown Source) ~[?:?]
	at java.base/java.util.concurrent.CompletableFuture$Completion.run(Unknown Source) ~[?:?]
	at knot/net.minecraft.class_4014.method_18365(class_4014.java:69) ~[client-intermediary.jar:?]
	at knot/net.minecraft.class_1255.method_18859(class_1255.java:162) ~[client-intermediary.jar:?]
	at knot/net.minecraft.class_4093.method_18859(class_4093.java:23) ~[client-intermediary.jar:?]
	at knot/net.minecraft.class_1255.method_16075(class_1255.java:136) ~[client-intermediary.jar:?]
	at knot/net.minecraft.class_1255.method_18857(class_1255.java:145) ~[client-intermediary.jar:?]
	at knot/net.minecraft.class_310.method_18857(class_310.java:32678) ~[client-intermediary.jar:?]
	at knot/net.minecraft.class_525.method_31130(class_525.java:329) ~[client-intermediary.jar:?]
	at knot/net.minecraft.class_526.method_19944(class_526.java:54) ~[client-intermediary.jar:?]
	at knot/net.minecraft.class_4185.method_25306(class_4185.java:96) ~[client-intermediary.jar:?]
	at knot/net.minecraft.class_4264.method_25348(class_4264.java:48) ~[client-intermediary.jar:?]
	at knot/net.minecraft.class_339.method_25402(class_339.java:141) ~[client-intermediary.jar:?]
	at knot/net.minecraft.class_4069.method_25402(class_4069.java:38) ~[client-intermediary.jar:?]
	at knot/net.minecraft.class_312.method_1611(class_312.java:107) ~[client-intermediary.jar:?]
	at knot/net.minecraft.class_437.method_25412(class_437.java:431) ~[client-intermediary.jar:?]
	at knot/net.minecraft.class_312.method_1601(class_312.java:107) ~[client-intermediary.jar:?]
	at knot/net.minecraft.class_312.method_22686(class_312.java:196) ~[client-intermediary.jar:?]
	at knot/net.minecraft.class_1255.execute(class_1255.java:108) ~[client-intermediary.jar:?]
	at knot/net.minecraft.class_312.method_22684(class_312.java:196) ~[client-intermediary.jar:?]
	at knot/org.lwjgl.glfw.GLFWMouseButtonCallbackI.callback(GLFWMouseButtonCallbackI.java:43) [lwjgl-glfw-3.3.3.jar:?]
	at knot/org.lwjgl.system.JNI.invokeV(Native Method) ~[lwjgl-3.3.3.jar:?]
	at knot/org.lwjgl.glfw.GLFW.glfwWaitEventsTimeout(GLFW.java:3509) [lwjgl-glfw-3.3.3.jar:?]
	at knot/com.mojang.blaze3d.systems.RenderSystem.limitDisplayFPS(RenderSystem.java:184) [client-intermediary.jar:?]
	at knot/net.minecraft.class_310.method_1523(class_310.java:1310) [client-intermediary.jar:?]
	at knot/net.minecraft.class_310.method_1514(class_310.java:882) [client-intermediary.jar:?]
	at knot/net.minecraft.client.main.Main.main(Main.java:256) [client-intermediary.jar:?]
	at net.fabricmc.loader.impl.game.minecraft.MinecraftGameProvider.launch(MinecraftGameProvider.java:514) [fabric-loader-0.18.1.jar:?]
	at net.fabricmc.loader.impl.launch.knot.Knot.launch(Knot.java:72) [fabric-loader-0.18.1.jar:?]
	at net.fabricmc.loader.impl.launch.knot.KnotClient.main(KnotClient.java:23) [fabric-loader-0.18.1.jar:?]
[22:11:29] [Render thread/INFO]: Loaded 9420 recipes
[22:11:29] [Render thread/ERROR]: Failed to parse resource conditions for file of type advancement with id supplementaries:recipes/decorations/candle_holder_indigo, skipping: Unknown resource condition key: supplementaries:flag
[22:11:29] [Render thread/ERROR]: Failed to parse resource conditions for file of type advancement with id suppsquared:recipes/decorations/gold_candle_holder_amber, skipping: Unknown resource condition key: supplementaries:flag
[22:11:29] [Render thread/ERROR]: Failed to parse resource conditions for file of type advancement with id supplementaries:recipes/decorations/flag_navy, skipping: Unknown resource condition key: supplementaries:flag
[22:11:29] [Render thread/ERROR]: Failed to parse resource conditions for file of type advancement with id suppsquared:recipes/decorations/gold_candle_holder_verdant, skipping: Unknown resource condition key: supplementaries:flag
[22:11:29] [Render thread/ERROR]: Failed to parse resource conditions for file of type advancement with id supplementaries:recipes/decorations/flag_amber, skipping: Unknown resource condition key: supplementaries:flag
[22:11:29] [Render thread/ERROR]: Failed to parse resource conditions for file of type advancement with id supplementaries:recipes/decorations/flag_teal, skipping: Unknown resource condition key: supplementaries:flag
[22:11:29] [Render thread/ERROR]: Failed to parse resource conditions for file of type advancement with id supplementaries:recipes/decorations/flag_rose, skipping: Unknown resource condition key: supplementaries:flag
[22:11:29] [Render thread/ERROR]: Failed to parse resource conditions for file of type advancement with id supplementaries:recipes/decorations/candle_holder_mint, skipping: Unknown resource condition key: supplementaries:flag
[22:11:29] [Render thread/ERROR]: Failed to parse resource conditions for file of type advancement with id supplementaries:recipes/decorations/candle_holder_verdant, skipping: Unknown resource condition key: supplementaries:flag
[22:11:29] [Render thread/ERROR]: Failed to parse resource conditions for file of type advancement with id supplementaries:recipes/decorations/flag_indigo, skipping: Unknown resource condition key: supplementaries:flag
[22:11:29] [Render thread/ERROR]: Failed to parse resource conditions for file of type advancement with id supplementaries:recipes/decorations/flag_tan, skipping: Unknown resource condition key: supplementaries:flag
[22:11:29] [Render thread/ERROR]: Failed to parse resource conditions for file of type advancement with id suppsquared:recipes/decorations/gold_candle_holder_mint, skipping: Unknown resource condition key: supplementaries:flag
[22:11:29] [Render thread/ERROR]: Failed to parse resource conditions for file of type advancement with id suppsquared:recipes/decorations/gold_candle_holder_slate, skipping: Unknown resource condition key: supplementaries:flag
[22:11:29] [Render thread/ERROR]: Failed to parse resource conditions for file of type advancement with id suppsquared:recipes/decorations/gold_candle_holder_olive, skipping: Unknown resource condition key: supplementaries:flag
[22:11:29] [Render thread/ERROR]: Failed to parse resource conditions for file of type advancement with id supplementaries:recipes/decorations/flag_verdant, skipping: Unknown resource condition key: supplementaries:flag
[22:11:29] [Render thread/ERROR]: Failed to parse resource conditions for file of type advancement with id suppsquared:recipes/decorations/gold_candle_holder_indigo, skipping: Unknown resource condition key: supplementaries:flag
[22:11:29] [Render thread/ERROR]: Failed to parse resource conditions for file of type advancement with id supplementaries:recipes/decorations/flag_olive, skipping: Unknown resource condition key: supplementaries:flag
[22:11:29] [Render thread/ERROR]: Failed to parse resource conditions for file of type advancement with id supplementaries:recipes/decorations/flag_slate, skipping: Unknown resource condition key: supplementaries:flag
[22:11:29] [Render thread/ERROR]: Failed to parse resource conditions for file of type advancement with id supplementaries:recipes/decorations/flag_aqua, skipping: Unknown resource condition key: supplementaries:flag
[22:11:29] [Render thread/ERROR]: Failed to parse resource conditions for file of type advancement with id supplementaries:recipes/decorations/candle_holder_beige, skipping: Unknown resource condition key: supplementaries:flag
[22:11:29] [Render thread/ERROR]: Failed to parse resource conditions for file of type advancement with id supplementaries:recipes/decorations/candle_holder_tan, skipping: Unknown resource condition key: supplementaries:flag
[22:11:29] [Render thread/ERROR]: Failed to parse resource conditions for file of type advancement with id supplementaries:recipes/decorations/candle_holder_forest, skipping: Unknown resource condition key: supplementaries:flag
[22:11:29] [Render thread/ERROR]: Failed to parse resource conditions for file of type advancement with id supplementaries:recipes/decorations/candle_holder_coral, skipping: Unknown resource condition key: supplementaries:flag
[22:11:29] [Render thread/ERROR]: Failed to parse resource conditions for file of type advancement with id supplementaries:recipes/decorations/candle_holder_navy, skipping: Unknown resource condition key: supplementaries:flag
[22:11:29] [Render thread/ERROR]: Failed to parse resource conditions for file of type advancement with id supplementaries:recipes/decorations/candle_holder_maroon, skipping: Unknown resource condition key: supplementaries:flag
[22:11:29] [Render thread/ERROR]: Failed to parse resource conditions for file of type advancement with id suppsquared:recipes/decorations/gold_candle_holder_tan, skipping: Unknown resource condition key: supplementaries:flag
[22:11:29] [Render thread/ERROR]: Failed to parse resource conditions for file of type advancement with id supplementaries:recipes/decorations/candle_holder_ginger, skipping: Unknown resource condition key: supplementaries:flag
[22:11:29] [Render thread/ERROR]: Failed to parse resource conditions for file of type advancement with id suppsquared:recipes/decorations/gold_candle_holder_navy, skipping: Unknown resource condition key: supplementaries:flag
[22:11:29] [Render thread/ERROR]: Failed to parse resource conditions for file of type advancement with id suppsquared:recipes/decorations/gold_candle_holder_rose, skipping: Unknown resource condition key: supplementaries:flag
[22:11:29] [Render thread/ERROR]: Failed to parse resource conditions for file of type advancement with id supplementaries:recipes/decorations/flag_forest, skipping: Unknown resource condition key: supplementaries:flag
[22:11:29] [Render thread/ERROR]: Failed to parse resource conditions for file of type advancement with id supplementaries:recipes/decorations/candle_holder_amber, skipping: Unknown resource condition key: supplementaries:flag
[22:11:29] [Render thread/ERROR]: Failed to parse resource conditions for file of type advancement with id supplementaries:recipes/decorations/flag_mint, skipping: Unknown resource condition key: supplementaries:flag
[22:11:29] [Render thread/ERROR]: Failed to parse resource conditions for file of type advancement with id supplementaries:recipes/decorations/flag_ginger, skipping: Unknown resource condition key: supplementaries:flag
[22:11:29] [Render thread/ERROR]: Failed to parse resource conditions for file of type advancement with id suppsquared:recipes/decorations/gold_candle_holder_maroon, skipping: Unknown resource condition key: supplementaries:flag
[22:11:29] [Render thread/ERROR]: Failed to parse resource conditions for file of type advancement with id supplementaries:recipes/decorations/candle_holder_rose, skipping: Unknown resource condition key: supplementaries:flag
[22:11:29] [Render thread/ERROR]: Failed to parse resource conditions for file of type advancement with id suppsquared:recipes/decorations/gold_candle_holder_coral, skipping: Unknown resource condition key: supplementaries:flag
[22:11:29] [Render thread/ERROR]: Failed to parse resource conditions for file of type advancement with id suppsquared:recipes/decorations/gold_candle_holder_teal, skipping: Unknown resource condition key: supplementaries:flag
[22:11:29] [Render thread/ERROR]: Failed to parse resource conditions for file of type advancement with id supplementaries:recipes/decorations/candle_holder_teal, skipping: Unknown resource condition key: supplementaries:flag
[22:11:29] [Render thread/ERROR]: Failed to parse resource conditions for file of type advancement with id supplementaries:recipes/decorations/flag_beige, skipping: Unknown resource condition key: supplementaries:flag
[22:11:29] [Render thread/ERROR]: Failed to parse resource conditions for file of type advancement with id suppsquared:recipes/decorations/gold_candle_holder_beige, skipping: Unknown resource condition key: supplementaries:flag
[22:11:29] [Render thread/ERROR]: Failed to parse resource conditions for file of type advancement with id supplementaries:recipes/decorations/candle_holder_aqua, skipping: Unknown resource condition key: supplementaries:flag
[22:11:29] [Render thread/ERROR]: Failed to parse resource conditions for file of type advancement with id supplementaries:recipes/decorations/flag_coral, skipping: Unknown resource condition key: supplementaries:flag
[22:11:29] [Render thread/ERROR]: Failed to parse resource conditions for file of type advancement with id supplementaries:recipes/decorations/candle_holder_olive, skipping: Unknown resource condition key: supplementaries:flag
[22:11:29] [Render thread/ERROR]: Failed to parse resource conditions for file of type advancement with id supplementaries:recipes/decorations/candle_holder_slate, skipping: Unknown resource condition key: supplementaries:flag
[22:11:29] [Render thread/ERROR]: Failed to parse resource conditions for file of type advancement with id suppsquared:recipes/decorations/gold_candle_holder_aqua, skipping: Unknown resource condition key: supplementaries:flag
[22:11:29] [Render thread/ERROR]: Failed to parse resource conditions for file of type advancement with id supplementaries:recipes/decorations/flag_maroon, skipping: Unknown resource condition key: supplementaries:flag
[22:11:29] [Render thread/ERROR]: Failed to parse resource conditions for file of type advancement with id suppsquared:recipes/decorations/gold_candle_holder_ginger, skipping: Unknown resource condition key: supplementaries:flag
[22:11:29] [Render thread/ERROR]: Failed to parse resource conditions for file of type advancement with id suppsquared:recipes/decorations/gold_candle_holder_forest, skipping: Unknown resource condition key: supplementaries:flag
[22:11:29] [Render thread/ERROR]: Parsing error loading custom advancement minecraft:husbandry/allay_deliver_item_to_player: No key criteria in MapLike[{}]
[22:11:29] [Render thread/ERROR]: Parsing error loading custom advancement arts_and_crafts:adventure/cycle_chalk_pattern_forwards: No key criteria in MapLike[{}]
[22:11:29] [Render thread/ERROR]: Parsing error loading custom advancement xercapaint:recipes/item_canvas: No key criteria in MapLike[{}]
[22:11:29] [Render thread/ERROR]: Parsing error loading custom advancement minecraft:adventure/trim_with_all_exclusive_armor_patterns: No key criteria in MapLike[{}]
[22:11:29] [Render thread/ERROR]: Parsing error loading custom advancement farmersdelight:main/get_rich_soil: No key criteria in MapLike[{}]
[22:11:29] [Render thread/ERROR]: Parsing error loading custom advancement knowlogy:recipes/knowlogy_book: No key criteria in MapLike[{}]
[22:11:29] [Render thread/ERROR]: Parsing error loading custom advancement beautify:rope: No key criteria in MapLike[{}]
[22:11:29] [Render thread/ERROR]: Parsing error loading custom advancement minecraft:story/deflect_arrow: No key criteria in MapLike[{}]
[22:11:29] [Render thread/ERROR]: Parsing error loading custom advancement exposure:adventure/family_portrait: No key criteria in MapLike[{}]
[22:11:29] [Render thread/ERROR]: Parsing error loading custom advancement minecraft:husbandry/whole_pack: No key criteria in MapLike[{}]
[22:11:29] [Render thread/ERROR]: Parsing error loading custom advancement minecraft:nether/brew_potion: No key criteria in MapLike[{}]
[22:11:29] [Render thread/ERROR]: Parsing error loading custom advancement minecraft:husbandry/fishy_business: No key criteria in MapLike[{}]
[22:11:29] [Render thread/ERROR]: Parsing error loading custom advancement minecraft:nether/explore_nether: No key criteria in MapLike[{}]
[22:11:29] [Render thread/ERROR]: Parsing error loading custom advancement minecraft:nether/all_effects: No key criteria in MapLike[{}]
[22:11:29] [Render thread/ERROR]: Parsing error loading custom advancement arts_and_crafts:adventure/craft_bleachdew_paintbrush: No key criteria in MapLike[{}]
[22:11:29] [Render thread/ERROR]: Parsing error loading custom advancement minecraft:adventure/two_birds_one_arrow: No key criteria in MapLike[{}]
[22:11:29] [Render thread/ERROR]: Parsing error loading custom advancement minecraft:nether/obtain_blaze_rod: No key criteria in MapLike[{}]
[22:11:29] [Render thread/ERROR]: Parsing error loading custom advancement minecraft:adventure/shoot_arrow: No key criteria in MapLike[{}]
[22:11:29] [Render thread/ERROR]: Parsing error loading custom advancement regions_unexplored:eternal_expedition: No key criteria in MapLike[{}]
[22:11:29] [Render thread/ERROR]: Parsing error loading custom advancement minecraft:nether/charge_respawn_anchor: No key criteria in MapLike[{}]
[22:11:29] [Render thread/ERROR]: Parsing error loading custom advancement minecraft:story/shiny_gear: No key criteria in MapLike[{}]
[22:11:29] [Render thread/ERROR]: Parsing error loading custom advancement lootr:1cart: No key criteria in MapLike[{}]
[22:11:29] [Render thread/ERROR]: Parsing error loading custom advancement exposure:adventure/piercing_gaze: No key criteria in MapLike[{}]
[22:11:29] [Render thread/ERROR]: Parsing error loading custom advancement minecraft:adventure/summon_iron_golem: No key criteria in MapLike[{}]
[22:11:29] [Render thread/ERROR]: Parsing error loading custom advancement xercapaint:recipes/item_easel: No key criteria in MapLike[{}]
[22:11:29] [Render thread/ERROR]: Parsing error loading custom advancement minecraft:adventure/sleep_in_bed: No key criteria in MapLike[{}]
[22:11:29] [Render thread/ERROR]: Parsing error loading custom advancement minecraft:adventure/voluntary_exile: No key criteria in MapLike[{}]
[22:11:29] [Render thread/ERROR]: Parsing error loading custom advancement exposure:adventure/splitting_the_photon: No key criteria in MapLike[{}]
[22:11:29] [Render thread/ERROR]: Parsing error loading custom advancement totw_modded:derelict_grass_tower: No key criteria in MapLike[{}]
[22:11:29] [Render thread/ERROR]: Parsing error loading custom advancement xercapaint:recipes/item_canvas_tall: No key criteria in MapLike[{}]
[22:11:29] [Render thread/ERROR]: Parsing error loading custom advancement beautify:iron_blinds: No key criteria in MapLike[{}]
[22:11:29] [Render thread/ERROR]: Parsing error loading custom advancement minecraft:adventure/trade_at_world_height: No key criteria in MapLike[{}]
[22:11:29] [Render thread/ERROR]: Parsing error loading custom advancement minecraft:nether/create_full_beacon: No key criteria in MapLike[{}]
[22:11:29] [Render thread/ERROR]: Parsing error loading custom advancement hopo:minecraft/adventure/locate_all_underwater_structures: No key criteria in MapLike[{}]
[22:11:29] [Render thread/ERROR]: Parsing error loading custom advancement exposure:adventure/moment_in_time: No key criteria in MapLike[{}]
[22:11:29] [Render thread/ERROR]: Parsing error loading custom advancement minecraft:nether/uneasy_alliance: No key criteria in MapLike[{}]
[22:11:29] [Render thread/ERROR]: Parsing error loading custom advancement minecraft:recipes/misc/blend_type/basalt_deltas: Failed to parse either. First: Not a tag id; Second: Failed to parse either. First: Not a json array: "biomeblends:biome_blend"; Second: Failed to get element biomeblends:biome_blend missed input: {"has_ingredients":{"conditions":{"items":[{"items":"biomeblends:biome_blend"}]},"trigger":"minecraft:inventory_changed"}}
[22:11:29] [Render thread/ERROR]: Parsing error loading custom advancement farmersdelight:main/eat_comfort_food: No key criteria in MapLike[{}]
[22:11:29] [Render thread/ERROR]: Parsing error loading custom advancement farmersdelight:main/plant_all_crops: No key criteria in MapLike[{}]
[22:11:29] [Render thread/ERROR]: Parsing error loading custom advancement minecraft:husbandry/breed_an_animal: No key criteria in MapLike[{}]
[22:11:29] [Render thread/ERROR]: Parsing error loading custom advancement minecraft:husbandry/complete_catalogue: No key criteria in MapLike[{}]
[22:11:29] [Render thread/ERROR]: Parsing error loading custom advancement biomeswevegone:biomeswevegone/husbandry/hot_diggity_not_dog: No key criteria in MapLike[{}]
[22:11:29] [Render thread/ERROR]: Parsing error loading custom advancement minecraft:adventure/very_very_frightening: No key criteria in MapLike[{}]
[22:11:29] [Render thread/ERROR]: Parsing error loading custom advancement minecraft:story/lava_bucket: No key criteria in MapLike[{}]
[22:11:29] [Render thread/ERROR]: Parsing error loading custom advancement minecraft:husbandry/ride_a_boat_with_a_goat: No key criteria in MapLike[{}]
[22:11:29] [Render thread/ERROR]: Parsing error loading custom advancement minecraft:husbandry/tame_an_animal: No key criteria in MapLike[{}]
[22:11:29] [Render thread/ERROR]: Parsing error loading custom advancement regions_unexplored:spelunker: No key criteria in MapLike[{}]
[22:11:29] [Render thread/ERROR]: Parsing error loading custom advancement lootr:50loot: No key criteria in MapLike[{}]
[22:11:29] [Render thread/ERROR]: Parsing error loading custom advancement minecraft:husbandry/remove_wolf_armor: No key criteria in MapLike[{}]
[22:11:29] [Render thread/ERROR]: Parsing error loading custom advancement farmersdelight:main/get_ham: No key criteria in MapLike[{}]
[22:11:29] [Render thread/ERROR]: Parsing error loading custom advancement minecraft:recipes/misc/blend_type/deep_frozen_ocean: Failed to parse either. First: Not a tag id; Second: Failed to parse either. First: Not a json array: "biomeblends:biome_blend"; Second: Failed to get element biomeblends:biome_blend missed input: {"has_ingredients":{"conditions":{"items":[{"items":"biomeblends:biome_blend"}]},"trigger":"minecraft:inventory_changed"}}
[22:11:29] [Render thread/ERROR]: Parsing error loading custom advancement regions_unexplored:this_tree_bleeds_red: No key criteria in MapLike[{}]
[22:11:29] [Render thread/ERROR]: Parsing error loading custom advancement lootr:1barrel: No key criteria in MapLike[{}]
[22:11:29] [Render thread/ERROR]: Parsing error loading custom advancement minecraft:husbandry/feed_snifflet: No key criteria in MapLike[{}]
[22:11:29] [Render thread/ERROR]: Parsing error loading custom advancement xercapaint:recipes/item_canvas_large_alt_alt: No key criteria in MapLike[{}]
[22:11:29] [Render thread/ERROR]: Parsing error loading custom advancement minecraft:end/enter_end_gateway: No key criteria in MapLike[{}]
[22:11:29] [Render thread/ERROR]: Parsing error loading custom advancement exposure:adventure/unforeseen_consequences: No key criteria in MapLike[{}]
[22:11:29] [Render thread/ERROR]: Parsing error loading custom advancement xercapaint:recipes/item_canvas_large: No key criteria in MapLike[{}]
[22:11:29] [Render thread/ERROR]: Parsing error loading custom advancement minecraft:end/elytra: No key criteria in MapLike[{}]
[22:11:29] [Render thread/ERROR]: Parsing error loading custom advancement minecraft:story/follow_ender_eye: No key criteria in MapLike[{}]
[22:11:29] [Render thread/ERROR]: Parsing error loading custom advancement minecraft:husbandry/axolotl_in_a_bucket: No key criteria in MapLike[{}]
[22:11:29] [Render thread/ERROR]: Parsing error loading custom advancement minecraft:nether/ride_strider_in_overworld_lava: No key criteria in MapLike[{}]
[22:11:29] [Render thread/ERROR]: Parsing error loading custom advancement minecraft:nether/summon_wither: No key criteria in MapLike[{}]
[22:11:29] [Render thread/ERROR]: Parsing error loading custom advancement regions_unexplored:got_wood: No key criteria in MapLike[{}]
[22:11:29] [Render thread/ERROR]: Parsing error loading custom advancement biomeswevegone:biomeswevegone/adventure/inside_quicksand: No key criteria in MapLike[{}]
[22:11:29] [Render thread/ERROR]: Parsing error loading custom advancement arts_and_crafts:adventure/obtain_pottery_sherd: No key criteria in MapLike[{}]
[22:11:29] [Render thread/ERROR]: Parsing error loading custom advancement minecraft:story/enter_the_end: No key criteria in MapLike[{}]
[22:11:29] [Render thread/ERROR]: Parsing error loading custom advancement minecraft:nether/obtain_crying_obsidian: No key criteria in MapLike[{}]
[22:11:29] [Render thread/ERROR]: Parsing error loading custom advancement farmersdelight:main/place_cooking_pot: No key criteria in MapLike[{}]
[22:11:29] [Render thread/ERROR]: Parsing error loading custom advancement minecraft:husbandry/froglights: No key criteria in MapLike[{}]
[22:11:29] [Render thread/ERROR]: Parsing error loading custom advancement beautify:hanging_pot: No key criteria in MapLike[{}]
[22:11:29] [Render thread/ERROR]: Parsing error loading custom advancement minecraft:story/obtain_armor: No key criteria in MapLike[{}]
[22:11:29] [Render thread/ERROR]: Parsing error loading custom advancement farmersdelight:main/place_skillet: No key criteria in MapLike[{}]
[22:11:29] [Render thread/ERROR]: Parsing error loading custom advancement hopo:minecraft/adventure/locate_underwater_city: No key criteria in MapLike[{}]
[22:11:29] [Render thread/ERROR]: Parsing error loading custom advancement minecraft:husbandry/make_a_sign_glow: No key criteria in MapLike[{}]
[22:11:29] [Render thread/ERROR]: Parsing error loading custom advancement beautify:progression/bookstack: No key criteria in MapLike[{}]
[22:11:29] [Render thread/ERROR]: Parsing error loading custom advancement minecraft:story/iron_tools: No key criteria in MapLike[{}]
[22:11:29] [Render thread/ERROR]: Parsing error loading custom advancement minecraft:adventure/overoverkill: No key criteria in MapLike[{}]
[22:11:29] [Render thread/ERROR]: Parsing error loading custom advancement minecraft:nether/ride_strider: No key criteria in MapLike[{}]
[22:11:29] [Render thread/ERROR]: Parsing error loading custom advancement minecraft:adventure/bullseye: No key criteria in MapLike[{}]
[22:11:29] [Render thread/ERROR]: Parsing error loading custom advancement exposure:adventure/complex_composite_compound: No key criteria in MapLike[{}]
[22:11:29] [Render thread/ERROR]: Parsing error loading custom advancement minecraft:story/enter_the_nether: No key criteria in MapLike[{}]
[22:11:29] [Render thread/ERROR]: Parsing error loading custom advancement xercapaint:recipes/item_canvas_long: No key criteria in MapLike[{}]
[22:11:29] [Render thread/ERROR]: Parsing error loading custom advancement totw_modded:ice_tower: No key criteria in MapLike[{}]
[22:11:29] [Render thread/ERROR]: Parsing error loading custom advancement minecraft:husbandry/silk_touch_nest: No key criteria in MapLike[{}]
[22:11:29] [Render thread/ERROR]: Parsing error loading custom advancement minecraft:adventure/under_lock_and_key: No key criteria in MapLike[{}]
[22:11:29] [Render thread/ERROR]: Parsing error loading custom advancement minecraft:story/smelt_iron: No key criteria in MapLike[{}]
[22:11:29] [Render thread/ERROR]: Parsing error loading custom advancement minecraft:adventure/revaulting: No key criteria in MapLike[{}]
[22:11:29] [Render thread/ERROR]: Parsing error loading custom advancement beautify:progression/light: No key criteria in MapLike[{}]
[22:11:29] [Render thread/ERROR]: Parsing error loading custom advancement minecraft:husbandry/wax_off: No key criteria in MapLike[{}]
[22:11:29] [Render thread/ERROR]: Parsing error loading custom advancement regions_unexplored:from_the_tree_tops: No key criteria in MapLike[{}]
[22:11:29] [Render thread/ERROR]: Parsing error loading custom advancement minecraft:end/dragon_breath: No key criteria in MapLike[{}]
[22:11:29] [Render thread/ERROR]: Parsing error loading custom advancement regions_unexplored:every_bit_of_the_rainbow: No key criteria in MapLike[{}]
[22:11:29] [Render thread/ERROR]: Parsing error loading custom advancement minecraft:adventure/totem_of_undying: No key criteria in MapLike[{}]
[22:11:29] [Render thread/ERROR]: Parsing error loading custom advancement biomeswevegone:biomeswevegone/adventure/little_house_on_the_prairie: No key criteria in MapLike[{}]
[22:11:29] [Render thread/ERROR]: Parsing error loading custom advancement beautify:blinds: No key criteria in MapLike[{}]
[22:11:30] [Render thread/ERROR]: Parsing error loading custom advancement minecraft:husbandry/allay_deliver_cake_to_note_block: No key criteria in MapLike[{}]
[22:11:30] [Render thread/ERROR]: Parsing error loading custom advancement beautify:frames: No key criteria in MapLike[{}]
[22:11:30] [Render thread/ERROR]: Parsing error loading custom advancement exposure:adventure/wildlife_archivist: No key criteria in MapLike[{}]
[22:11:30] [Render thread/ERROR]: Parsing error loading custom advancement minecraft:husbandry/kill_axolotl_target: No key criteria in MapLike[{}]
[22:11:30] [Render thread/ERROR]: Parsing error loading custom advancement minecraft:adventure/honey_block_slide: No key criteria in MapLike[{}]
[22:11:30] [Render thread/ERROR]: Parsing error loading custom advancement beautify:bookstack: No key criteria in MapLike[{}]
[22:11:30] [Render thread/ERROR]: Parsing error loading custom advancement biomeswevegone:biomeswevegone/husbandry/forgotten_nostalgia: No key criteria in MapLike[{}]
[22:11:30] [Render thread/ERROR]: Parsing error loading custom advancement minecraft:adventure/lightning_rod_with_villager_no_fire: No key criteria in MapLike[{}]
[22:11:30] [Render thread/ERROR]: Parsing error loading custom advancement farmersdelight:main/get_mushroom_colony: No key criteria in MapLike[{}]
[22:11:30] [Render thread/ERROR]: Parsing error loading custom advancement exposure:adventure/spotlight: No key criteria in MapLike[{}]
[22:11:30] [Render thread/ERROR]: Parsing error loading custom advancement exposure:adventure/exposed_paparazzi: No key criteria in MapLike[{}]
[22:11:30] [Render thread/ERROR]: Parsing error loading custom advancement regions_unexplored:regions_explored: No key criteria in MapLike[{}]
[22:11:30] [Render thread/ERROR]: Parsing error loading custom advancement minecraft:nether/get_wither_skull: No key criteria in MapLike[{}]
[22:11:30] [Render thread/ERROR]: Parsing error loading custom advancement minecraft:story/upgrade_tools: No key criteria in MapLike[{}]
[22:11:30] [Render thread/ERROR]: Parsing error loading custom advancement farmersdelight:main/master_chef: No key criteria in MapLike[{}]
[22:11:30] [Render thread/ERROR]: Parsing error loading custom advancement minecraft:husbandry/tactical_fishing: No key criteria in MapLike[{}]
[22:11:30] [Render thread/ERROR]: Parsing error loading custom advancement beautify:botanist_workbench: No key criteria in MapLike[{}]
[22:11:30] [Render thread/ERROR]: Parsing error loading custom advancement arts_and_crafts:adventure/collect_all_chalk_sticks: No key criteria in MapLike[{}]
[22:11:30] [Render thread/ERROR]: Parsing error loading custom advancement farmersdelight:main/use_skillet: No key criteria in MapLike[{}]
[22:11:30] [Render thread/ERROR]: Parsing error loading custom advancement minecraft:end/respawn_dragon: No key criteria in MapLike[{}]
[22:11:30] [Render thread/ERROR]: Parsing error loading custom advancement regions_unexplored:pioneer: No key criteria in MapLike[{}]
[22:11:30] [Render thread/ERROR]: Parsing error loading custom advancement minecraft:adventure/avoid_vibration: No key criteria in MapLike[{}]
[22:11:30] [Render thread/ERROR]: Parsing error loading custom advancement minecraft:nether/return_to_sender: No key criteria in MapLike[{}]
[22:11:30] [Render thread/ERROR]: Parsing error loading custom advancement minecraft:husbandry/obtain_sniffer_egg: No key criteria in MapLike[{}]
[22:11:30] [Render thread/ERROR]: Parsing error loading custom advancement minecraft:husbandry/obtain_netherite_hoe: No key criteria in MapLike[{}]
[22:11:30] [Render thread/ERROR]: Parsing error loading custom advancement beautify:candelabras: No key criteria in MapLike[{}]
[22:11:30] [Render thread/ERROR]: Parsing error loading custom advancement minecraft:adventure/kill_a_mob: No key criteria in MapLike[{}]
[22:11:30] [Render thread/ERROR]: Parsing error loading custom advancement biomeswevegone:biomeswevegone/husbandry/root: No key criteria in MapLike[{}]
[22:11:30] [Render thread/ERROR]: Parsing error loading custom advancement lootr:100loot: No key criteria in MapLike[{}]
[22:11:30] [Render thread/ERROR]: Parsing error loading custom advancement minecraft:husbandry/balanced_diet: No key criteria in MapLike[{}]
[22:11:30] [Render thread/ERROR]: Parsing error loading custom advancement exposure:adventure/lights_up: No key criteria in MapLike[{}]
[22:11:30] [Render thread/ERROR]: Parsing error loading custom advancement minecraft:nether/use_lodestone: No key criteria in MapLike[{}]
[22:11:30] [Render thread/ERROR]: Parsing error loading custom advancement regions_unexplored:mycologist: No key criteria in MapLike[{}]
[22:11:30] [Render thread/ERROR]: Parsing error loading custom advancement biomeswevegone:biomeswevegone/husbandry/forager: No key criteria in MapLike[{}]
[22:11:30] [Render thread/ERROR]: Parsing error loading custom advancement biomeswevegone:biomeswevegone/adventure/forgotten_fae: No key criteria in MapLike[{}]
[22:11:30] [Render thread/ERROR]: Parsing error loading custom advancement minecraft:husbandry/leash_all_frog_variants: No key criteria in MapLike[{}]
[22:11:30] [Render thread/ERROR]: Parsing error loading custom advancement minecraft:recipes/misc/blend_type/deep_ocean: Failed to parse either. First: Not a tag id; Second: Failed to parse either. First: Not a json array: "biomeblends:biome_blend"; Second: Failed to get element biomeblends:biome_blend missed input: {"has_ingredients":{"conditions":{"items":[{"items":"biomeblends:biome_blend"}]},"trigger":"minecraft:inventory_changed"}}
[22:11:30] [Render thread/ERROR]: Parsing error loading custom advancement biomeswevegone:biomeswevegone/adventure/true_traveler: No key criteria in MapLike[{}]
[22:11:30] [Render thread/ERROR]: Parsing error loading custom advancement biomeswevegone:biomeswevegone/root: No key criteria in MapLike[{}]
[22:11:30] [Render thread/ERROR]: Parsing error loading custom advancement minecraft:end/dragon_egg: No key criteria in MapLike[{}]
[22:11:30] [Render thread/ERROR]: Parsing error loading custom advancement farmersdelight:main/obtain_netherite_knife: No key criteria in MapLike[{}]
[22:11:30] [Render thread/ERROR]: Parsing error loading custom advancement totw_modded:regular_tower: No key criteria in MapLike[{}]
[22:11:30] [Render thread/ERROR]: Parsing error loading custom advancement exposure:adventure/exposure: No key criteria in MapLike[{}]
[22:11:30] [Render thread/ERROR]: Parsing error loading custom advancement minecraft:story/mine_stone: No key criteria in MapLike[{}]
[22:11:30] [Render thread/ERROR]: Parsing error loading custom advancement beautify:lamps: No key criteria in MapLike[{}]
[22:11:30] [Render thread/ERROR]: Parsing error loading custom advancement biomeswevegone:biomeswevegone/adventure/witches_road: No key criteria in MapLike[{}]
[22:11:30] [Render thread/ERROR]: Parsing error loading custom advancement arts_and_crafts:adventure/cycle_chalk_pattern_backwards: No key criteria in MapLike[{}]
[22:11:30] [Render thread/ERROR]: Parsing error loading custom advancement farmersdelight:main/get_fd_seed: No key criteria in MapLike[{}]
[22:11:30] [Render thread/ERROR]: Parsing error loading custom advancement exposure_polaroid:adventure/instant_classic: No key criteria in MapLike[{}]
[22:11:30] [Render thread/ERROR]: Parsing error loading custom advancement farmersdelight:main/place_organic_compost: No key criteria in MapLike[{}]
[22:11:30] [Render thread/ERROR]: Parsing error loading custom advancement farmersdelight:main/place_campfire: No key criteria in MapLike[{}]
[22:11:30] [Render thread/ERROR]: Parsing error loading custom advancement minecraft:adventure/arbalistic: No key criteria in MapLike[{}]
[22:11:30] [Render thread/ERROR]: Parsing error loading custom advancement arts_and_crafts:adventure/save_chalk_pattern: No key criteria in MapLike[{}]
[22:11:30] [Render thread/ERROR]: Parsing error loading custom advancement minecraft:adventure/kill_all_mobs: No key criteria in MapLike[{}]
[22:11:30] [Render thread/ERROR]: Parsing error loading custom advancement beautify:progression/rope: No key criteria in MapLike[{}]
[22:11:30] [Render thread/ERROR]: Parsing error loading custom advancement biomeswevegone:biomeswevegone/husbandry/just_like_grandmas: No key criteria in MapLike[{}]
[22:11:30] [Render thread/ERROR]: Parsing error loading custom advancement beautify:progression/root: No key criteria in MapLike[{}]
[22:11:30] [Render thread/ERROR]: Parsing error loading custom advancement minecraft:adventure/spyglass_at_dragon: No key criteria in MapLike[{}]
[22:11:30] [Render thread/ERROR]: Parsing error loading custom advancement minecraft:recipes/misc/blend_type/frozen_peaks: Failed to parse either. First: Not a tag id; Second: Failed to parse either. First: Not a json array: "biomeblends:biome_blend"; Second: Failed to get element biomeblends:biome_blend missed input: {"has_ingredients":{"conditions":{"items":[{"items":"biomeblends:biome_blend"}]},"trigger":"minecraft:inventory_changed"}}
[22:11:30] [Render thread/ERROR]: Parsing error loading custom advancement minecraft:nether/obtain_ancient_debris: No key criteria in MapLike[{}]
[22:11:30] [Render thread/ERROR]: Parsing error loading custom advancement minecraft:husbandry/safely_harvest_honey: No key criteria in MapLike[{}]
[22:11:30] [Render thread/ERROR]: Parsing error loading custom advancement minecraft:adventure/spyglass_at_ghast: No key criteria in MapLike[{}]
[22:11:30] [Render thread/ERROR]: Parsing error loading custom advancement minecraft:adventure/trim_with_any_armor_pattern: No key criteria in MapLike[{}]
[22:11:30] [Render thread/ERROR]: Parsing error loading custom advancement minecraft:adventure/throw_trident: No key criteria in MapLike[{}]
[22:11:30] [Render thread/ERROR]: Parsing error loading custom advancement minecraft:adventure/ol_betsy: No key criteria in MapLike[{}]
[22:11:30] [Render thread/ERROR]: Parsing error loading custom advancement minecraft:nether/netherite_armor: No key criteria in MapLike[{}]
[22:11:30] [Render thread/ERROR]: Parsing error loading custom advancement biomeswevegone:biomeswevegone/husbandry/granny_smith: No key criteria in MapLike[{}]
[22:11:30] [Render thread/ERROR]: Parsing error loading custom advancement minecraft:nether/distract_piglin: No key criteria in MapLike[{}]
[22:11:30] [Render thread/ERROR]: Parsing error loading custom advancement lootr:1shulker: No key criteria in MapLike[{}]
[22:11:30] [Render thread/ERROR]: Parsing error loading custom advancement minecraft:husbandry/repair_wolf_armor: No key criteria in MapLike[{}]
[22:11:30] [Render thread/ERROR]: Parsing error loading custom advancement lootr:social: No key criteria in MapLike[{}]
[22:11:30] [Render thread/ERROR]: Parsing error loading custom advancement minecraft:nether/all_potions: No key criteria in MapLike[{}]
[22:11:30] [Render thread/ERROR]: Parsing error loading custom advancement minecraft:adventure/fall_from_world_height: No key criteria in MapLike[{}]
[22:11:30] [Render thread/ERROR]: Parsing error loading custom advancement minecraft:husbandry/bred_all_animals: No key criteria in MapLike[{}]
[22:11:30] [Render thread/ERROR]: Parsing error loading custom advancement lootr:25loot: No key criteria in MapLike[{}]
[22:11:30] [Render thread/ERROR]: Parsing error loading custom advancement minecraft:adventure/walk_on_powder_snow_with_leather_boots: No key criteria in MapLike[{}]
[22:11:30] [Render thread/ERROR]: Parsing error loading custom advancement totw_modded:derelict_tower: No key criteria in MapLike[{}]
[22:11:30] [Render thread/ERROR]: Parsing error loading custom advancement biomeswevegone:biomeswevegone/husbandry/johnny_appleseed: No key criteria in MapLike[{}]
[22:11:30] [Render thread/ERROR]: Parsing error loading custom advancement minecraft:story/form_obsidian: No key criteria in MapLike[{}]
[22:11:30] [Render thread/ERROR]: Parsing error loading custom advancement minecraft:nether/loot_bastion: No key criteria in MapLike[{}]
[22:11:30] [Render thread/ERROR]: Parsing error loading custom advancement arts_and_crafts:adventure/craft_paintbrush: No key criteria in MapLike[{}]
[22:11:30] [Render thread/ERROR]: Parsing error loading custom advancement minecraft:adventure/root: No key criteria in MapLike[{}]
[22:11:30] [Render thread/ERROR]: Parsing error loading custom advancement biomeswevegone:biomeswevegone/adventure/root: No key criteria in MapLike[{}]
[22:11:30] [Render thread/ERROR]: Parsing error loading custom advancement minecraft:adventure/brush_armadillo: No key criteria in MapLike[{}]
[22:11:30] [Render thread/ERROR]: Parsing error loading custom advancement farmersdelight:main/craft_knife: No key criteria in MapLike[{}]
[22:11:30] [Render thread/ERROR]: Parsing error loading custom advancement regions_unexplored:light_as_a_frog: No key criteria in MapLike[{}]
[22:11:30] [Render thread/ERROR]: Parsing error loading custom advancement minecraft:adventure/read_power_of_chiseled_bookshelf: No key criteria in MapLike[{}]
[22:11:30] [Render thread/ERROR]: Parsing error loading custom advancement minecraft:story/mine_diamond: No key criteria in MapLike[{}]
[22:11:30] [Render thread/ERROR]: Parsing error loading custom advancement arts_and_crafts:adventure/craft_chalk_stick: No key criteria in MapLike[{}]
[22:11:30] [Render thread/ERROR]: Parsing error loading custom advancement minecraft:nether/find_fortress: No key criteria in MapLike[{}]
[22:11:30] [Render thread/ERROR]: Parsing error loading custom advancement minecraft:adventure/crafters_crafting_crafters: No key criteria in MapLike[{}]
[22:11:30] [Render thread/ERROR]: Parsing error loading custom advancement regions_unexplored:parent: No key criteria in MapLike[{}]
[22:11:30] [Render thread/ERROR]: Parsing error loading custom advancement beautify:progression/blinds: No key criteria in MapLike[{}]
[22:11:30] [Render thread/ERROR]: Parsing error loading custom advancement farmersdelight:main/harvest_ropelogged_tomato: No key criteria in MapLike[{}]
[22:11:30] [Render thread/ERROR]: Parsing error loading custom advancement lootr:1chest: No key criteria in MapLike[{}]
[22:11:30] [Render thread/ERROR]: Parsing error loading custom advancement minecraft:adventure/minecraft_trials_edition: No key criteria in MapLike[{}]
[22:11:30] [Render thread/ERROR]: Parsing error loading custom advancement minecraft:end/kill_dragon: No key criteria in MapLike[{}]
[22:11:30] [Render thread/ERROR]: Parsing error loading custom advancement minecraft:nether/create_beacon: No key criteria in MapLike[{}]
[22:11:30] [Render thread/ERROR]: Parsing error loading custom advancement biomeswevegone:biomeswevegone/husbandry/berrily_alive: No key criteria in MapLike[{}]
[22:11:30] [Render thread/ERROR]: Parsing error loading custom advancement exposure:adventure/spooky_silly_skeletons: No key criteria in MapLike[{}]
[22:11:30] [Render thread/ERROR]: Parsing error loading custom advancement minecraft:end/levitate: No key criteria in MapLike[{}]
[22:11:30] [Render thread/ERROR]: Parsing error loading custom advancement farmersdelight:main/plant_rice: No key criteria in MapLike[{}]
[22:11:30] [Render thread/ERROR]: Parsing error loading custom advancement beautify:lamp_jar: No key criteria in MapLike[{}]
[22:11:30] [Render thread/ERROR]: Parsing error loading custom advancement minecraft:adventure/whos_the_pillager_now: No key criteria in MapLike[{}]
[22:11:30] [Render thread/ERROR]: Parsing error loading custom advancement beautify:progression/hanging_pot: No key criteria in MapLike[{}]
[22:11:30] [Render thread/ERROR]: Parsing error loading custom advancement farmersdelight:main/hit_raider_with_rotten_tomato: No key criteria in MapLike[{}]
[22:11:30] [Render thread/ERROR]: Parsing error loading custom advancement knowlogy:grant_knowlogy_book: No key criteria in MapLike[{}]
[22:11:30] [Render thread/ERROR]: Parsing error loading custom advancement minecraft:husbandry/tadpole_in_a_bucket: No key criteria in MapLike[{}]
[22:11:30] [Render thread/ERROR]: Parsing error loading custom advancement biomeswevegone:biomeswevegone/adventure/oh_the_biomes_weve_gone: No key criteria in MapLike[{}]
[22:11:30] [Render thread/ERROR]: Parsing error loading custom advancement exposure:adventure/photos_of_spider_man: No key criteria in MapLike[{}]
[22:11:30] [Render thread/ERROR]: Parsing error loading custom advancement farmersdelight:main/place_feast: No key criteria in MapLike[{}]
[22:11:30] [Render thread/ERROR]: Parsing error loading custom advancement regions_unexplored:downer: No key criteria in MapLike[{}]
[22:11:30] [Render thread/ERROR]: Parsing error loading custom advancement minecraft:story/enchant_item: No key criteria in MapLike[{}]
[22:11:30] [Render thread/ERROR]: Parsing error loading custom advancement minecraft:adventure/spyglass_at_parrot: No key criteria in MapLike[{}]
[22:11:30] [Render thread/ERROR]: Parsing error loading custom advancement regions_unexplored:light_snack: No key criteria in MapLike[{}]
[22:11:30] [Render thread/ERROR]: Parsing error loading custom advancement lootr:root: No key criteria in MapLike[{}]
[22:11:30] [Render thread/ERROR]: Parsing error loading custom advancement xercapaint:recipes/root: No key criteria in MapLike[{}]
[22:11:30] [Render thread/ERROR]: Parsing error loading custom advancement minecraft:husbandry/wax_on: No key criteria in MapLike[{}]
[22:11:30] [Render thread/ERROR]: Parsing error loading custom advancement minecraft:adventure/play_jukebox_in_meadows: No key criteria in MapLike[{}]
[22:11:30] [Render thread/ERROR]: Parsing error loading custom advancement minecraft:adventure/hero_of_the_village: No key criteria in MapLike[{}]
[22:11:30] [Render thread/ERROR]: Parsing error loading custom advancement arts_and_crafts:husbandry/interact_with_lily_pad_using_some_lotus_pistils: No key criteria in MapLike[{}]
[22:11:30] [Render thread/ERROR]: Parsing error loading custom advancement xercapaint:recipes/item_canvas_large_alt: No key criteria in MapLike[{}]
[22:11:30] [Render thread/ERROR]: Parsing error loading custom advancement minecraft:husbandry/root: No key criteria in MapLike[{}]
[22:11:30] [Render thread/ERROR]: Parsing error loading custom advancement minecraft:adventure/trade: No key criteria in MapLike[{}]
[22:11:30] [Render thread/ERROR]: Parsing error loading custom advancement minecraft:adventure/blowback: No key criteria in MapLike[{}]
[22:11:30] [Render thread/ERROR]: Parsing error loading custom advancement biomeswevegone:biomeswevegone/adventure/pale_in_comparison: No key criteria in MapLike[{}]
[22:11:30] [Render thread/ERROR]: Parsing error loading custom advancement regions_unexplored:blind_as_a_bat: No key criteria in MapLike[{}]
[22:11:30] [Render thread/ERROR]: Parsing error loading custom advancement exposure:adventure/void: No key criteria in MapLike[{}]
[22:11:30] [Render thread/ERROR]: Parsing error loading custom advancement totw_modded:root: No key criteria in MapLike[{}]
[22:11:30] [Render thread/ERROR]: Parsing error loading custom advancement minecraft:adventure/craft_decorated_pot_using_only_sherds: No key criteria in MapLike[{}]
[22:11:30] [Render thread/ERROR]: Parsing error loading custom advancement arts_and_crafts:husbandry/obtain_bleachdew: No key criteria in MapLike[{}]
[22:11:30] [Render thread/ERROR]: Parsing error loading custom advancement minecraft:adventure/kill_mob_near_sculk_catalyst: No key criteria in MapLike[{}]
[22:11:30] [Render thread/ERROR]: Parsing error loading custom advancement minecraft:adventure/sniper_duel: No key criteria in MapLike[{}]
[22:11:30] [Render thread/ERROR]: Parsing error loading custom advancement minecraft:nether/root: No key criteria in MapLike[{}]
[22:11:30] [Render thread/ERROR]: Parsing error loading custom advancement totw_modded:jungle_tower: No key criteria in MapLike[{}]
[22:11:30] [Render thread/ERROR]: Parsing error loading custom advancement regions_unexplored:ancient_specimens: No key criteria in MapLike[{}]
[22:11:30] [Render thread/ERROR]: Parsing error loading custom advancement lootr:10loot: No key criteria in MapLike[{}]
[22:11:30] [Render thread/ERROR]: Parsing error loading custom advancement farmersdelight:main/root: No key criteria in MapLike[{}]
[22:11:30] [Render thread/ERROR]: Parsing error loading custom advancement farmersdelight:main/use_cutting_board: No key criteria in MapLike[{}]
[22:11:30] [Render thread/ERROR]: Parsing error loading custom advancement minecraft:adventure/salvage_sherd: No key criteria in MapLike[{}]
[22:11:30] [Render thread/ERROR]: Parsing error loading custom advancement minecraft:story/cure_zombie_villager: No key criteria in MapLike[{}]
[22:11:30] [Render thread/ERROR]: Parsing error loading custom advancement minecraft:end/find_end_city: No key criteria in MapLike[{}]
[22:11:30] [Render thread/ERROR]: Parsing error loading custom advancement minecraft:adventure/lighten_up: No key criteria in MapLike[{}]
[22:11:30] [Render thread/ERROR]: Parsing error loading custom advancement farmersdelight:main/eat_nourishing_food: No key criteria in MapLike[{}]
[22:11:30] [Render thread/ERROR]: Parsing error loading custom advancement farmersdelight:main/harvest_straw: No key criteria in MapLike[{}]
[22:11:30] [Render thread/ERROR]: Parsing error loading custom advancement minecraft:end/root: No key criteria in MapLike[{}]
[22:11:30] [Render thread/ERROR]: Parsing error loading custom advancement minecraft:husbandry/plant_any_sniffer_seed: No key criteria in MapLike[{}]
[22:11:30] [Render thread/ERROR]: Parsing error loading custom advancement minecraft:adventure/adventuring_time: No key criteria in MapLike[{}]
[22:11:30] [Render thread/ERROR]: Parsing error loading custom advancement minecraft:husbandry/plant_seed: No key criteria in MapLike[{}]
[22:11:30] [Render thread/ERROR]: Parsing error loading custom advancement minecraft:nether/find_bastion: No key criteria in MapLike[{}]
[22:11:30] [Render thread/ERROR]: Parsing error loading custom advancement minecraft:nether/fast_travel: No key criteria in MapLike[{}]
[22:11:30] [Render thread/ERROR]: Parsing error loading custom advancement beautify:trellis: No key criteria in MapLike[{}]
[22:11:30] [Render thread/ERROR]: Parsing error loading custom advancement minecraft:story/root: No key criteria in MapLike[{}]
[22:11:30] [Render thread/ERROR]: Parsing error loading custom advancement beautify:progression/candelabra: No key criteria in MapLike[{}]
[22:11:30] [Render thread/ERROR]: Parsing error loading custom advancement minecraft:adventure/who_needs_rockets: No key criteria in MapLike[{}]
[22:11:30] [Render thread/ERROR]: Couldn't load advancements: [sootychimneys:adventure/just_dont_breathe_it_in]
[22:11:30] [Render thread/INFO]: Loaded 8274 advancements
[22:11:30] [Render thread/INFO]: Loaded 150 actions
[22:11:31] [Render thread/INFO]: Loaded 10 server scripts and 1 client scripts
[22:11:39] [Render thread/INFO]: Loaded 936 moves
[22:11:39] [Render thread/INFO]: Loaded 314 abilities
[22:11:40] [Render thread/INFO]: Loaded 48 entity behaviours
[22:11:53] [Render thread/INFO]: Finished additions
[22:11:54] [cobblemon Datafixer Bootstrap/INFO]: 4 Datafixer optimizations took 79 milliseconds
[22:11:55] [Render thread/INFO]: Loaded 1025 Pokémon species
[22:11:55] [Render thread/INFO]: Loaded 29 spawn detail presets.
[22:11:55] [Render thread/INFO]: Starting dummy Showdown battle to force it to pre-load data.
[22:11:57] [Render thread/INFO]: Imported 319 held item IDs from showdown
[22:11:57] [Render thread/INFO]: Loaded 16 fossils
[22:11:57] [Render thread/INFO]: Loaded 6 callbacks and 0 client callbacks
[22:11:57] [Render thread/INFO]: Loaded 168 marks
[22:11:59] [Render thread/ERROR]: Unknown preset name: deep_dark.
[22:11:59] [Render thread/ERROR]: Unknown preset name: deep_dark.
[22:12:00] [Render thread/ERROR]: Unknown preset name: underground.
[22:12:00] [Render thread/ERROR]: Unknown preset name: ruins.
[22:12:02] [Render thread/ERROR]: Unknown preset name: underground.
[22:12:02] [Render thread/ERROR]: Unknown preset name: ruins.
[22:12:02] [Render thread/ERROR]: Unknown preset name: deep_dark.
[22:12:03] [Render thread/INFO]: Loaded 70 berries
[22:12:03] [Render thread/INFO]: Loaded 137 Pokémon interaction sets
[22:12:03] [Render thread/INFO]: Loaded 17 biome platforms
[22:12:03] [Render thread/INFO]: toms_storage has registered com.tom.storagemod.gui.CraftingTerminalMenu for CraftingTweaks via data pack
[22:12:03] [Render thread/INFO]: Loaded 0 item restrictions
[22:12:03] [Render thread/INFO]: Loaded 10 jobs
[22:12:03] [Render thread/INFO]: Loaded 113 job powerups
[22:12:03] [Render thread/WARN]: Could not decode GlobalLootModifier with json id exposure_expanded:shipwreck_supply - error: Unknown registry key in ResourceKey[minecraft:root / porting_lib:global_loot_modifier_serializers]: exposure:add_table
[22:12:03] [Render thread/WARN]: Could not decode GlobalLootModifier with json id exposure_expanded:underwater_ruin_small - error: Unknown registry key in ResourceKey[minecraft:root / porting_lib:global_loot_modifier_serializers]: exposure:add_table
[22:12:03] [Render thread/WARN]: Could not decode GlobalLootModifier with json id exposure_expanded:woodland_mansion - error: Unknown registry key in ResourceKey[minecraft:root / porting_lib:global_loot_modifier_serializers]: exposure:add_table
[22:12:03] [Render thread/WARN]: Could not decode GlobalLootModifier with json id exposure_expanded:village_snowy_house - error: Unknown registry key in ResourceKey[minecraft:root / porting_lib:global_loot_modifier_serializers]: exposure:add_table
[22:12:03] [Render thread/WARN]: Could not decode GlobalLootModifier with json id exposure_expanded:desert_pyramid - error: Unknown registry key in ResourceKey[minecraft:root / porting_lib:global_loot_modifier_serializers]: exposure:add_table
[22:12:03] [Render thread/WARN]: Could not decode GlobalLootModifier with json id exposure_expanded:buried_treasure - error: Unknown registry key in ResourceKey[minecraft:root / porting_lib:global_loot_modifier_serializers]: exposure:add_table
[22:12:03] [Render thread/WARN]: Could not decode GlobalLootModifier with json id exposure_expanded:igloo_chest - error: Unknown registry key in ResourceKey[minecraft:root / porting_lib:global_loot_modifier_serializers]: exposure:add_table
[22:12:03] [Render thread/WARN]: Could not decode GlobalLootModifier with json id exposure_expanded:simple_dungeon - error: Unknown registry key in ResourceKey[minecraft:root / porting_lib:global_loot_modifier_serializers]: exposure:add_table
[22:12:03] [Render thread/WARN]: Could not decode GlobalLootModifier with json id exposure_expanded:village_temple - error: Unknown registry key in ResourceKey[minecraft:root / porting_lib:global_loot_modifier_serializers]: exposure:add_table
[22:12:03] [Render thread/WARN]: Could not decode GlobalLootModifier with json id exposure_expanded:ruined_portal - error: Unknown registry key in ResourceKey[minecraft:root / porting_lib:global_loot_modifier_serializers]: exposure:add_table
[22:12:03] [Render thread/WARN]: Could not decode GlobalLootModifier with json id exposure_expanded:ancient_city - error: Unknown registry key in ResourceKey[minecraft:root / porting_lib:global_loot_modifier_serializers]: exposure:add_table
[22:12:03] [Render thread/WARN]: Could not decode GlobalLootModifier with json id exposure_expanded:abandoned_mineshaft - error: Unknown registry key in ResourceKey[minecraft:root / porting_lib:global_loot_modifier_serializers]: exposure:add_table
[22:12:03] [Render thread/WARN]: Could not decode GlobalLootModifier with json id exposure_expanded:nether_bridge - error: Unknown registry key in ResourceKey[minecraft:root / porting_lib:global_loot_modifier_serializers]: exposure:add_table
[22:12:03] [Render thread/WARN]: Could not decode GlobalLootModifier with json id exposure_expanded:end_city_treasure - error: Unknown registry key in ResourceKey[minecraft:root / porting_lib:global_loot_modifier_serializers]: exposure:add_table
[22:12:03] [Render thread/WARN]: Could not decode GlobalLootModifier with json id exposure_expanded:village_plains_house - error: Unknown registry key in ResourceKey[minecraft:root / porting_lib:global_loot_modifier_serializers]: exposure:add_table
[22:12:03] [Render thread/WARN]: Could not decode GlobalLootModifier with json id exposure_expanded:bastion_other - error: Unknown registry key in ResourceKey[minecraft:root / porting_lib:global_loot_modifier_serializers]: exposure:add_table
[22:12:03] [Render thread/WARN]: Could not decode GlobalLootModifier with json id exposure_expanded:village_desert_house - error: Unknown registry key in ResourceKey[minecraft:root / porting_lib:global_loot_modifier_serializers]: exposure:add_table
[22:12:03] [Render thread/WARN]: Could not decode GlobalLootModifier with json id exposure_expanded:pillager_outpost - error: Unknown registry key in ResourceKey[minecraft:root / porting_lib:global_loot_modifier_serializers]: exposure:add_table
[22:12:03] [Render thread/WARN]: Could not decode GlobalLootModifier with json id exposure_expanded:jungle_temple - error: Unknown registry key in ResourceKey[minecraft:root / porting_lib:global_loot_modifier_serializers]: exposure:add_table
[22:12:03] [Render thread/WARN]: Could not decode GlobalLootModifier with json id exposure_expanded:trial_chamber_corridor - error: Unknown registry key in ResourceKey[minecraft:root / porting_lib:global_loot_modifier_serializers]: exposure:add_table
[22:12:03] [Render thread/WARN]: Could not decode GlobalLootModifier with json id exposure_expanded:village_savanna_house - error: Unknown registry key in ResourceKey[minecraft:root / porting_lib:global_loot_modifier_serializers]: exposure:add_table
[22:12:04] [Render thread/INFO]: Loaded 44 chiseling recipes
[22:12:04] [Render thread/WARN]: Not all defined tags for registry ResourceKey[minecraft:root / minecraft:enchantment] are present in data pack: nova_structures:illagers_bane, nova_structures:outreach, nova_structures:photosynthesis, nova_structures:shrine
[22:12:04] [Render thread/WARN]: Not all defined tags for registry ResourceKey[minecraft:root / minecraft:item] are present in data pack: cobblemon:mint_leaf, mega_showdown:rotom_appliances, nova_structures:desert_ruins_filter, nova_structures:jungle_ruins_filter
[22:12:05] [Render thread/WARN]: Not all defined tags for registry ResourceKey[minecraft:root / minecraft:worldgen/biome] are present in data pack: minecraft:empty, mss:has_structure/cherry_biomes, mvs:has_structure/cherry_biomes, mvs:has_structure/flower_biomes, totw_modded:has_structure/aether_tower, totw_modded:has_structure/desert_tower, totw_modded:has_structure/everbright_tower, totw_modded:has_structure/everdawn_tower, totw_modded:has_structure/glacio_tower, totw_modded:has_structure/mars_tower, totw_modded:has_structure/mercury_tower, totw_modded:has_structure/moon_tower, totw_modded:has_structure/ratlantis_tower, totw_modded:has_structure/tw_canopy_tower, totw_modded:has_structure/tw_mangrove_tower, totw_modded:has_structure/venus_tower
[22:12:05] [Render thread/INFO]: Loading Structurify config...
[22:12:05] [Render thread/INFO]: Separatiton value for structure set minecraft:strongholds is currently 0, which is bigger than spacing 0, value will be automatically corrected to -1.
[22:12:05] [Render thread/INFO]: Separatiton value for structure set minecraft:strongholds is currently -1, which is lower than minimum value of zero, value will be automatically corrected to 0.
[22:12:05] [Render thread/INFO]: Spacing value for structure set minecraft:strongholds is currently 0, which is lower than minimum value of zero, value will be automatically corrected to 0.
[22:12:05] [Render thread/INFO]: Structurify config loaded
[22:12:05] [Render thread/INFO]: Disabled 36 structures: [minecraft:stronghold_big, minecraft:village_desert, minecraft:village_mushroom, minecraft:village_plains, minecraft:village_savanna, minecraft:village_snowy, minecraft:village_swamp, minecraft:village_taiga, ati_structures:gnome_hut, mns:copper_tower, mss:arena, mss:calcite_house, mss:volcano, mvs:cathedral, mvs:sunzi_gate, rad-gyms:gym_entrance_bug, rad-gyms:gym_entrance_dark, rad-gyms:gym_entrance_dragon, rad-gyms:gym_entrance_electric, rad-gyms:gym_entrance_fairy, rad-gyms:gym_entrance_fighting, rad-gyms:gym_entrance_fire, rad-gyms:gym_entrance_flying, rad-gyms:gym_entrance_ghost, rad-gyms:gym_entrance_grass, rad-gyms:gym_entrance_ground, rad-gyms:gym_entrance_ice, rad-gyms:gym_entrance_normal, rad-gyms:gym_entrance_poison, rad-gyms:gym_entrance_psychic, rad-gyms:gym_entrance_rock, rad-gyms:gym_entrance_steel, rad-gyms:gym_entrance_water, trek:overworld/rare/sunken_city, trek:overworld/rare/villager_castle, trek:overworld/very_rare/coves]
[22:12:05] [Render thread/INFO]: Enabled global spacing and separation modifier with value of 2.0
[22:12:05] [Render thread/INFO]: Changed settings of 74 structures sets: [cobblemon:fishing_boats, cobblemon:fossils/avoid_gimmi_towers, cobblemon:fossils/avoid_jungle_temples, cobblemon:fossils/avoid_shipwrecks, cobblemon:fossils/avoid_trial_chambers, cobblemon:fossils/avoid_villages, cobblemon:fossils/avoid_witch_huts, cobblemon:ruins/avoid_trial_chambers, cobblemon:ruins/avoid_villages, cobblemon:ruins/avoid_witch_huts, cobblemon:ruins/gimmi_towers, cobblemon:shipwreck_coves, hopo:underwater_city, hopo:underwater_fossils, hopo:underwater_small_ruins, hopo:underwater_warm_small_ruins, minecraft:ancient_cities, minecraft:buried_treasures, minecraft:desert_pyramids, minecraft:end_cities, minecraft:igloos, minecraft:jungle_temples, minecraft:mineshafts, minecraft:nether_complexes, minecraft:nether_fossils, minecraft:ocean_monuments, minecraft:ocean_ruins, minecraft:pillager_outposts, minecraft:ruined_portals, minecraft:shipwrecks, minecraft:strongholds, minecraft:swamp_huts, minecraft:trail_ruins, minecraft:trial_chambers, minecraft:villages, minecraft:woodland_mansions, mss:arena, mss:birch_river, mss:calcite_house, mss:castle_ruin, mss:castle_tower, mss:cherry_river, mss:desert_pyramid, mss:desert_well, mss:diorite_house, mss:frozen_pond, mss:jungle, mss:large_tower, mss:leaf_hollow, mss:mangrove, mss:muddy_water_hole, mss:mushroom, mss:nether_portal, mss:palm_island, mss:red_sand, mss:small_deepslate_house, mss:small_oak_house, mss:small_pond, mss:small_tower, mss:spruce_huts, mss:taiga, mss:tree_1, mss:tree_2, mss:tree_3, mss:tree_4, mss:tree_5, mss:tree_6, mss:tree_7, mss:tree_8, mss:volcano, mss:white_house, stellarity:chapel, stellarity:return_gateways, stellarity:small_structures]
[22:12:06] [Render thread/WARN]: Initial datapack load took 1.653 min
[22:12:06] [Render thread/INFO]: [FANCYMENU] ScreenCustomizationLayer registered: create_world_screen
[22:12:08] [Render thread/INFO]: Reloading dynamic packs before reloading data packs for SERVER_DATA
[22:12:08] [Render thread/INFO]: Generated runtime resources for 1 packs in a total of: 0 ms
[22:12:08] [Render thread/INFO]: Initialized TerraBlender biomes for level stem minecraft:the_nether
[22:12:10] [Render thread/INFO]: Initialized TerraBlender biomes for level stem minecraft:overworld
[22:12:11] [Render thread/INFO]: Applied 3454 biome modifications to 228 of 228 new biomes in 598.8 ms
[22:12:11] [Server thread/INFO]: Dispatching loading event for config leavesbegone-server.toml
[22:12:11] [Server thread/INFO]: Dispatching loading event for config linkedchests-server.toml
[22:12:11] [Server thread/INFO]: Registered 8 collectors and 4 block collectors
[22:12:12] [Server thread/INFO]: Starting background profiler...
[22:12:12] [Server thread/INFO]: The async-profiler engine is not supported for your os/arch (windows11/amd64), so the built-in Java engine will be used instead.
[22:12:12] [Server thread/INFO]: Updating registries...
[22:12:12] [Server thread/INFO]: Structure registries updated
[22:12:12] [Server thread/INFO]: Structure Sets registries updated
[22:12:12] [Server thread/INFO]: Registries updated
[22:12:13] [Server thread/INFO]: [WTHIT] Plugin config reloaded
[22:12:13] [Server thread/INFO]: Starting integrated minecraft server version 1.21.1
[22:12:13] [Server thread/INFO]: Generating keypair
[22:12:13] [Render thread/INFO]: [FANCYMENU] ScreenCustomizationLayer registered: level_loading_screen
[22:12:20] [Worker-Main-9/WARN]: @Redirect conflict. Skipping mixins.redirected_fabric_1.21.1.json:net.minecraft.world.level.block.state.CacheMixin from mod redirected->@Redirect::redirectSupportTypes()[Lnet/minecraft/class_5431; with priority 10, already redirected by modernfix-common.mixins.json:perf.cache_blockstate_cache_arrays.AbstractBlockStateCacheMixin from mod modernfix->@Redirect::getVoxelShapeValues()[Lnet/minecraft/class_5431; with priority 1000
[22:12:40] [Server thread/INFO]: [Biome Spawn Point] Finding the nearest 'minecraft:plains' biome. This might take a few seconds.
[22:12:41] [Server thread/INFO]: Locating element minecraft:plains took 18 ms
[22:12:41] [Server thread/INFO]: [Biome Spawn Point] Unable to find custom spawn point.
[22:12:41] [Server thread/INFO]: Loading dimension "minecraft:the_nether" with biome source: "minecraft:multi_noise".
[22:12:41] [Server thread/INFO]: Preparing start region for dimension minecraft:overworld
[22:12:41] [Render thread/INFO]: Préparation de la zone d'apparition : 2 %
[22:12:42] [Render thread/INFO]: Préparation de la zone d'apparition : 2 %
[22:12:42] [Render thread/INFO]: Préparation de la zone d'apparition : 2 %
[22:12:43] [Render thread/INFO]: Préparation de la zone d'apparition : 2 %
[22:12:43] [Render thread/INFO]: Préparation de la zone d'apparition : 2 %
[22:12:44] [Render thread/INFO]: Préparation de la zone d'apparition : 2 %
[22:12:45] [Render thread/INFO]: Préparation de la zone d'apparition : 2 %
[22:12:45] [Render thread/INFO]: Préparation de la zone d'apparition : 2 %
[22:12:45] [Worker-Main-11/WARN]: Empty height range: [-55 absolute--60 absolute]
[22:12:45] [Worker-Main-11/WARN]: Empty height range: [-55 absolute--60 absolute]
[22:12:45] [Worker-Main-11/WARN]: Empty height range: [-55 absolute--60 absolute]
[22:12:45] [Render thread/INFO]: Préparation de la zone d'apparition : 2 %
[22:12:46] [Render thread/INFO]: Préparation de la zone d'apparition : 2 %
[22:12:46] [Render thread/INFO]: Préparation de la zone d'apparition : 2 %
[22:12:47] [Render thread/INFO]: Préparation de la zone d'apparition : 2 %
[22:12:47] [Render thread/INFO]: Préparation de la zone d'apparition : 2 %
[22:12:48] [Render thread/INFO]: Préparation de la zone d'apparition : 14 %
[22:12:49] [Render thread/INFO]: Préparation de la zone d'apparition : 18 %
[22:12:49] [Render thread/INFO]: Préparation de la zone d'apparition : 18 %
[22:12:49] [Render thread/INFO]: Préparation de la zone d'apparition : 18 %
[22:12:50] [Render thread/INFO]: Préparation de la zone d'apparition : 18 %
[22:12:50] [Render thread/INFO]: Préparation de la zone d'apparition : 18 %
[22:12:51] [Render thread/INFO]: Préparation de la zone d'apparition : 18 %
[22:12:51] [Render thread/INFO]: Préparation de la zone d'apparition : 18 %
[22:12:52] [Render thread/INFO]: Préparation de la zone d'apparition : 18 %
[22:12:52] [Render thread/INFO]: Préparation de la zone d'apparition : 18 %
[22:12:53] [Render thread/INFO]: Préparation de la zone d'apparition : 18 %
[22:12:53] [Render thread/INFO]: Préparation de la zone d'apparition : 18 %
[22:12:54] [Render thread/INFO]: Préparation de la zone d'apparition : 18 %
[22:12:54] [Render thread/INFO]: Préparation de la zone d'apparition : 18 %
[22:12:55] [Render thread/INFO]: Préparation de la zone d'apparition : 18 %
[22:12:55] [Render thread/INFO]: Préparation de la zone d'apparition : 18 %
[22:13:01] [Render thread/INFO]: Préparation de la zone d'apparition : 18 %
[22:13:01] [Render thread/INFO]: Préparation de la zone d'apparition : 18 %
[22:13:01] [Render thread/INFO]: Préparation de la zone d'apparition : 18 %
[22:13:01] [Render thread/INFO]: Préparation de la zone d'apparition : 18 %
[22:13:01] [Render thread/INFO]: Préparation de la zone d'apparition : 18 %
[22:13:01] [Render thread/INFO]: Préparation de la zone d'apparition : 18 %
[22:13:01] [Render thread/INFO]: Préparation de la zone d'apparition : 18 %
[22:13:01] [Render thread/INFO]: Préparation de la zone d'apparition : 18 %
[22:13:01] [Render thread/INFO]: Préparation de la zone d'apparition : 18 %
[22:13:01] [Render thread/INFO]: Préparation de la zone d'apparition : 18 %
[22:13:01] [Render thread/INFO]: Préparation de la zone d'apparition : 18 %
[22:13:01] [Render thread/INFO]: Préparation de la zone d'apparition : 18 %
[22:13:02] [Render thread/INFO]: Préparation de la zone d'apparition : 28 %
[22:13:02] [Render thread/INFO]: Préparation de la zone d'apparition : 51 %
[22:13:03] [Render thread/INFO]: Préparation de la zone d'apparition : 51 %
[22:13:03] [Render thread/INFO]: Préparation de la zone d'apparition : 51 %
[22:13:04] [Render thread/INFO]: Préparation de la zone d'apparition : 51 %
[22:13:04] [Render thread/INFO]: Préparation de la zone d'apparition : 51 %
[22:13:05] [Render thread/INFO]: Préparation de la zone d'apparition : 51 %
[22:13:05] [Render thread/INFO]: Préparation de la zone d'apparition : 51 %
[22:13:06] [Render thread/INFO]: Préparation de la zone d'apparition : 51 %
[22:13:06] [Render thread/INFO]: Préparation de la zone d'apparition : 51 %
[22:13:07] [Render thread/INFO]: Préparation de la zone d'apparition : 51 %
[22:13:07] [Render thread/INFO]: Préparation de la zone d'apparition : 51 %
[22:13:08] [Render thread/INFO]: Préparation de la zone d'apparition : 51 %
[22:13:08] [Render thread/INFO]: Préparation de la zone d'apparition : 51 %
[22:13:09] [Render thread/INFO]: Préparation de la zone d'apparition : 51 %
[22:13:09] [Render thread/INFO]: Préparation de la zone d'apparition : 51 %
[22:13:10] [Render thread/INFO]: Time elapsed: 28630 ms
[22:13:10] [Server thread/INFO]: Optimizing spawn pools...
[22:13:11] [Server thread/INFO]: Loaded localization for ru_ru from dimworldborder:lang/ru_ru.json
[22:13:11] [Server thread/INFO]: Loaded localization for en_us from dimworldborder:lang/en_us.json
[22:13:11] [Server thread/INFO]: Key Items auto-save thread started (5-minute intervals)
[22:13:11] [Server thread/INFO]: Initializing progress storage systems
[22:13:11] [Server thread/INFO]: === STARTING SHRINE TRACKER INITIALIZATION ===
[22:13:11] [Server thread/INFO]: Successfully loaded shrine progress data for 11 worlds and 11 total players
[22:13:11] [Server thread/INFO]: === SHRINE TRACKER INITIALIZATION SUCCESSFUL ===
[22:13:11] [Server thread/INFO]: === STARTING FOOTPRINT TRACKER INITIALIZATION ===
[22:13:11] [Server thread/INFO]: Successfully loaded footprint progress data for 11 worlds and 11 total players
[22:13:11] [Server thread/INFO]: === FOOTPRINT TRACKER INITIALIZATION SUCCESSFUL ===
[22:13:11] [Server thread/INFO]: Initializing phone app data storage
[22:13:11] [Server thread/INFO]: App data storage initialized
[22:13:11] [VoiceChatServerThread/INFO]: [voicechat] Voice chat server started at port 55009
[22:13:49] [Server thread/WARN]: Can't keep up! Is the server overloaded? Running 38867ms or 777 ticks behind
[22:13:49] [Server thread/INFO]: Possible lunar events for dimension "minecraft:overworld" are [enhancedcelestials:aurora_moon, enhancedcelestials:super_blue_moon, enhancedcelestials:blue_moon, enhancedcelestials:super_blood_moon, enhancedcelestials:blood_moon, enhancedcelestials:harvest_moon, enhancedcelestials:super_harvest_moon].
[22:13:50] [Server thread/INFO]: Changing view distance to 16, from 10
[22:13:50] [Server thread/INFO]: Changing simulation distance to 10, from 0
[22:13:50] [Netty Local Client IO #0/INFO]: Received server config
[22:13:53] [Render thread/INFO]: [WTHIT] Initializing client plugin balm:wthit at net.blay09.mods.balm.common.compat.hudinfo.WTHITModCompat
[22:13:53] [Render thread/INFO]: [WTHIT] Initializing common plugin biomeswevegone:plugin at net.potionstudios.biomeswevegone.compat.wthit.BWGWTHITPlugin
[22:13:53] [Render thread/INFO]: [WTHIT] Initializing client plugin biomeswevegone:plugin at net.potionstudios.biomeswevegone.compat.wthit.BWGWTHITPlugin
[22:13:53] [Render thread/INFO]: [WTHIT] Initializing plugin polymer:core at eu.pb4.polymer.core.impl.client.compat.WthitCompatibility
[22:13:53] [Render thread/INFO]: [WTHIT] Initializing plugin shouldersurfing:plugin at com.github.exopandora.shouldersurfing.integration.ShoulderSurfingWthitPlugin
[22:13:53] [Render thread/INFO]: [WTHIT] Initializing common plugin treechop:plugin at ht.treechop.compat.Wthit
[22:13:53] [Render thread/INFO]: [WTHIT] Initializing client plugin treechop:plugin at ht.treechop.compat.Wthit
[22:13:53] [Render thread/INFO]: [WTHIT] Initializing common plugin waila:core at mcp.mobius.waila.plugin.core.CoreCommonPlugin
[22:13:53] [Render thread/INFO]: [WTHIT] Initializing client plugin waila:core at mcp.mobius.waila.plugin.core.CoreClientPlugin
[22:13:53] [Render thread/INFO]: [WTHIT] Initializing common plugin waila:vanilla at mcp.mobius.waila.plugin.vanilla.VanillaCommonPlugin
[22:13:53] [Render thread/INFO]: [WTHIT] Initializing client plugin waila:vanilla at mcp.mobius.waila.plugin.vanilla.VanillaClientPlugin
[22:13:53] [Render thread/INFO]: [WTHIT] Initializing common plugin waila:harvest at mcp.mobius.waila.plugin.harvest.HarvestCommonPlugin
[22:13:53] [Render thread/INFO]: [WTHIT] Initializing client plugin waila:harvest at mcp.mobius.waila.plugin.harvest.HarvestClientPlugin
[22:13:53] [Render thread/INFO]: [WTHIT] Initializing common plugin waila:fabric at mcp.mobius.waila.plugin.fabric.FabricCommonPlugin
[22:13:53] [Render thread/INFO]: [WTHIT] Initializing client plugin waila:fabric at mcp.mobius.waila.plugin.fabric.FabricClientPlugin
[22:13:53] [Render thread/INFO]: [WTHIT] Initializing common plugin waila:team_reborn_energy at mcp.mobius.waila.plugin.trenergy.TeamRebornEnergyCommonPlugin
[22:13:53] [Render thread/INFO]: [WTHIT] Initializing common plugin waila:extra at mcp.mobius.waila.plugin.extra.ExtraPlugin
[22:13:53] [Render thread/INFO]: [WTHIT] Initializing client plugin waila:extra at mcp.mobius.waila.plugin.extra.ExtraPlugin
[22:13:53] [Render thread/INFO]: [WTHIT] Plugin config reloaded
[22:13:53] [Render thread/INFO]: [WTHIT] Received config from the server: {"minecraft:bee.hive_occupants":true,"minecraft:attribute.horse_jump_height":true,"harvest:enabled":true,"treechop:show_num_chops_remaining":true,"minecraft:level.composter":true,"minecraft:entity.armor":true,"minecraft:effect.beacon":true,"minecraft:plant.tree_growable":true,"minecraft:attribute.horse_speed":true,"wailax:progress.enabled_entity":true,"minecraft:redstone.lever":true,"minecraft:entity.absorption":true,"minecraft:jukebox.record":true,"minecraft:effect.mob":true,"minecraft:book.bookshelf":true,"wailax:energy.enabled_entity":true,"wailax:fluid.enabled_block":true,"minecraft:plant.crop_growable":true,"minecraft:attribute.health":true,"minecraft:horse.jump_height":true,"minecraft:crop_growable":true,"wailax:item.nbt":true,"minecraft:attribute.beacon_effects":true,"minecraft:entity.health":true,"minecraft:plant.crop_progress":true,"minecraft:pet.owner":true,"minecraft:bee.hive_honey_level":true,"wailax:fluid.enabled_entity":true,"minecraft:timer.grow":true,"minecraft:bee.hive_pos":true,"minecraft:entity.item_entity":true,"minecraft:attribute.mob_effects":true,"minecraft:override.invisible_entity":true,"minecraft:spawner_type":true,"wailax:progress.enabled_block":true,"minecraft:note_block.type":true,"minecraft:tree_growable":true,"minecraft:override.infested":true,"wailax:item.enabled_entity":true,"minecraft:item_entity":true,"minecraft:breaking_progress.enabled":true,"minecraft:timer.breed":true,"minecraft:attribute.panda_genes":true,"minecraft:redstone.comparator":true,"wailax:item.enabled_block":true,"minecraft:spawner.type":true,"minecraft:effect.hidden_mob":false,"minecraft:override.trapped_chest":true,"treechop:show_tree_block_counts":true,"minecraft:horse.speed":true,"minecraft:attribute.armor":true,"wailax:energy.enabled_block":true,"minecraft:attribute.absorption":true,"minecraft:redstone.level":true,"minecraft:level.honey":true,"minecraft:crop_progress":true,"minecraft:attribute.hidden_mob_effects":false,"minecraft:redstone.repeater":true,"minecraft:player_head.name":true,"minecraft:panda.genes":true,"minecraft:override.powder_snow":true}
[22:13:55] [Render thread/INFO]: [EMI] Recipes synchronized, waiting for tags to reload EMI...
[22:13:55] [Render thread/INFO]: Reloading dynamic packs before reloading data packs for SERVER_DATA
[22:13:55] [Render thread/INFO]: Generated runtime resources for 1 packs in a total of: 0 ms
[22:13:55] [Render thread/INFO]: Registered 63 custom block set types
[22:13:55] [Render thread/INFO]: Loaded 0 Custom Item Models for 0 items
[22:13:55] [Render thread/INFO]: Reloaded Polytone Resources in 333 ms
[22:13:57] [Server thread/INFO]: Maghrebinfoutu[local:E:e54b6a3a] logged in with entity id 23 at (16.5, 66.0, -103.5)
[22:13:58] [Render thread/INFO]: [FANCYMENU] ScreenCustomizationLayer registered: receiving_level_screen
[22:13:58] [Render thread/INFO]: Reloading pipeline on dimension change: minecraft:overworld => minecraft:overworld
[22:13:58] [Render thread/INFO]: Destroying pipeline minecraft:overworld
[22:13:58] [Render thread/INFO]: Creating pipeline for dimension minecraft:overworld
[22:13:58] [Render thread/INFO]: Started 6 worker threads
[22:13:59] [Render thread/WARN]: It seems the given player has no slots bound to it within a init call, is that desired?
[22:13:59] [Render thread/INFO]: Registered 1 client collectors
[22:13:59] [Render thread/WARN]: Could not load entry 'cobblemon:braised_vivichoke'
com.google.gson.JsonSyntaxException: Invalid item stack: 'cobblemon:braised_vivichoke'
	at knot/io.wispforest.lavender.book.BookContentLoader.itemStackFromString(BookContentLoader.java:290) ~[lavender-0.1.15+1.21.jar:?]
	at knot/io.wispforest.lavender.book.BookContentLoader.getIcon(BookContentLoader.java:251) ~[lavender-0.1.15+1.21.jar:?]
	at knot/io.wispforest.lavender.book.BookContentLoader.lambda$reloadContents$1(BookContentLoader.java:100) ~[lavender-0.1.15+1.21.jar:?]
	at knot/io.wispforest.lavender.book.BookContentLoader.lambda$forResourceOfBook$6(BookContentLoader.java:186) ~[lavender-0.1.15+1.21.jar:?]
	at java.base/java.util.HashMap.forEach(Unknown Source) ~[?:?]
	at knot/io.wispforest.lavender.book.BookContentLoader.forResourceOfBook(BookContentLoader.java:184) ~[lavender-0.1.15+1.21.jar:?]
	at knot/io.wispforest.lavender.book.BookContentLoader.reloadContents(BookContentLoader.java:84) ~[lavender-0.1.15+1.21.jar:?]
	at knot/io.wispforest.lavender.client.LavenderClient.lambda$onInitializeClient$2(LavenderClient.java:70) ~[lavender-0.1.15+1.21.jar:?]
	at knot/net.fabricmc.fabric.api.client.networking.v1.ClientPlayConnectionEvents.lambda$static$2(ClientPlayConnectionEvents.java:50) ~[fabric-networking-api-v1-4.3.0+c7469b2119-e6dc189b85779bb0.jar:?]
	at knot/net.fabricmc.fabric.impl.networking.client.ClientPlayNetworkAddon.onServerReady(ClientPlayNetworkAddon.java:60) ~[fabric-networking-api-v1-4.3.0+c7469b2119-e6dc189b85779bb0.jar:?]
	at knot/net.minecraft.class_634.handler$dgg000$fabric-networking-api-v1$handleServerPlayReady(class_634.java:3544) ~[client-intermediary.jar:?]
	at knot/net.minecraft.class_634.method_11120(class_634.java:477) ~[client-intermediary.jar:?]
	at knot/net.minecraft.class_2678.method_11567(class_2678.java:69) ~[client-intermediary.jar:?]
	at knot/net.minecraft.class_2678.method_11054(class_2678.java:17) ~[client-intermediary.jar:?]
	at knot/net.minecraft.class_2600.method_11072(class_2600.java:27) ~[client-intermediary.jar:?]
	at knot/net.minecraft.class_1255.method_18859(class_1255.java:162) [client-intermediary.jar:?]
	at knot/net.minecraft.class_4093.method_18859(class_4093.java:23) [client-intermediary.jar:?]
	at knot/net.minecraft.class_1255.method_16075(class_1255.java:136) [client-intermediary.jar:?]
	at knot/net.minecraft.class_1255.method_5383(class_1255.java:121) [client-intermediary.jar:?]
	at knot/net.minecraft.class_310.method_1523(class_310.java:1240) [client-intermediary.jar:?]
	at knot/net.minecraft.class_310.method_1514(class_310.java:882) [client-intermediary.jar:?]
	at knot/net.minecraft.client.main.Main.main(Main.java:256) [client-intermediary.jar:?]
	at net.fabricmc.loader.impl.game.minecraft.MinecraftGameProvider.launch(MinecraftGameProvider.java:514) [fabric-loader-0.18.1.jar:?]
	at net.fabricmc.loader.impl.launch.knot.Knot.launch(Knot.java:72) [fabric-loader-0.18.1.jar:?]
	at net.fabricmc.loader.impl.launch.knot.KnotClient.main(KnotClient.java:23) [fabric-loader-0.18.1.jar:?]
Caused by: com.mojang.brigadier.exceptions.CommandSyntaxException: Objet inconnu : cobblemon:braised_vivichoke at position 0: <--[HERE]
[22:13:59] [Render thread/INFO]: Sending chop settings sync request
[22:13:59] [Render thread/INFO]: [voicechat] Sending secret request to the server
[22:14:00] [Render thread/INFO]: [EMI] Joining server, EMI waiting for data from server...
[22:14:00] [Render thread/WARN]: Ambiguity between arguments [csa, glow, clear] and [csa, glow, uuid] with inputs: [clear]
[22:14:00] [Render thread/INFO]: Using 3 total BufferAllocator caches
[22:14:00] [Render thread/WARN]: Unable to read property: east with value: false for blockstate: {Name:"minecraft:cobblestone_wall",Properties:{east:"false",north:"false",south:"false",up:"false",west:"false"}}
[22:14:00] [Render thread/WARN]: Unable to read property: south with value: false for blockstate: {Name:"minecraft:cobblestone_wall",Properties:{east:"false",north:"false",south:"false",up:"false",west:"false"}}
[22:14:00] [Render thread/WARN]: Unable to read property: north with value: false for blockstate: {Name:"minecraft:cobblestone_wall",Properties:{east:"false",north:"false",south:"false",up:"false",west:"false"}}
[22:14:00] [Render thread/WARN]: Unable to read property: west with value: false for blockstate: {Name:"minecraft:cobblestone_wall",Properties:{east:"false",north:"false",south:"false",up:"false",west:"false"}}
[22:14:00] [Render thread/WARN]: Unable to read property: east with value: false for blockstate: {Name:"minecraft:mossy_cobblestone_wall",Properties:{east:"false",north:"false",south:"false",up:"false",west:"false"}}
[22:14:00] [Render thread/WARN]: Unable to read property: south with value: false for blockstate: {Name:"minecraft:mossy_cobblestone_wall",Properties:{east:"false",north:"false",south:"false",up:"false",west:"false"}}
[22:14:00] [Render thread/WARN]: Unable to read property: north with value: false for blockstate: {Name:"minecraft:mossy_cobblestone_wall",Properties:{east:"false",north:"false",south:"false",up:"false",west:"false"}}
[22:14:00] [Render thread/WARN]: Unable to read property: west with value: false for blockstate: {Name:"minecraft:mossy_cobblestone_wall",Properties:{east:"false",north:"false",south:"false",up:"false",west:"false"}}
[22:14:00] [Render thread/INFO]: [ShulkerBoxTooltip Plugins] Loading 2 plugins: cobblemon, shulkerboxtooltip
[22:14:00] [Render thread/INFO]: [ShulkerBoxTooltip Plugins] Registered 19 color keys for mod shulkerboxtooltip
[22:14:00] [Render thread/INFO]: [ShulkerBoxTooltip Plugins] Registered 31 providers for mod shulkerboxtooltip
[22:14:00] [Render thread/INFO]: [ShulkerBoxTooltip Plugins] Registered 4 providers for mod cobblemon
[22:14:01] [Render thread/INFO]: [minecraft-cursor] Remapping cursor to 'default' from 'io.wispforest.owo.ui.util'
[22:14:01] [Render thread/INFO]: [minecraft-cursor] Remapping cursor to 'text' from 'io.wispforest.owo.ui.util'
[22:14:01] [Render thread/INFO]: [minecraft-cursor] Remapping cursor to 'pointer' from 'io.wispforest.owo.ui.util'
[22:14:01] [Render thread/INFO]: [minecraft-cursor] Remapping cursor to 'crosshair' from 'io.wispforest.owo.ui.util'
[22:14:01] [Render thread/INFO]: [minecraft-cursor] Remapping cursor to 'grabbing' from 'io.wispforest.owo.ui.util'
[22:14:01] [Render thread/INFO]: [minecraft-cursor] Remapping cursor to 'resize_ew' from 'io.wispforest.owo.ui.util'
[22:14:01] [Render thread/INFO]: [minecraft-cursor] Remapping cursor to 'resize_ns' from 'io.wispforest.owo.ui.util'
[22:14:01] [Render thread/INFO]: [minecraft-cursor] Remapping cursor to 'resize_nwse' from 'io.wispforest.owo.ui.util'
[22:14:01] [Render thread/INFO]: [minecraft-cursor] Remapping cursor to 'resize_nesw' from 'io.wispforest.owo.ui.util'
[22:14:01] [Render thread/INFO]: [minecraft-cursor] Remapping cursor to 'not_allowed' from 'io.wispforest.owo.ui.util'
[22:14:01] [Render thread/INFO]: Possible lunar events for dimension "minecraft:overworld" are [enhancedcelestials:aurora_moon, enhancedcelestials:blood_moon, enhancedcelestials:blue_moon, enhancedcelestials:super_blue_moon, enhancedcelestials:harvest_moon, enhancedcelestials:super_blood_moon, enhancedcelestials:super_harvest_moon].
[22:14:01] [Render thread/WARN]: Program link log for sodium:chunk_shader: Fragment info
-------------
0(101) : warning C7050: "fadeColor" might be used before being initialized

[22:14:01] [Render thread/WARN]: Program link log for sodium:chunk_shader: Fragment info
-------------
0(102) : warning C7050: "fadeColor" might be used before being initialized

[22:14:01] [Render thread/WARN]: Program link log for sodium:chunk_shader: Fragment info
-------------
0(101) : warning C7050: "fadeColor" might be used before being initialized

[22:14:01] [Server thread/INFO]: Sending server config values to client
[22:14:01] [Server thread/INFO]: Player Maghrebinfoutu joined, loading progress data
[22:14:02] [Server thread/INFO]: Loaded c6b1d886-4386-422a-b424-8a44b353f541 from and now put in com.cobblemon.mod.common.api.storage.party.PlayerPartyStore cache.
[22:14:02] [Render thread/INFO]: Applying server overrides
[22:14:02] [Render thread/INFO]: Responding with client values
[22:14:02] [Render thread/INFO]: [ShulkerBoxTooltip] Server integration enabled, attempting handshake...
[22:14:02] [Server thread/INFO]: Loaded c6b1d886-4386-422a-b424-8a44b353f541 from and now put in com.cobblemon.mod.common.api.storage.pc.PCStore cache.
[22:14:02] [Render thread/INFO]: Synced moonlight-common.json configs
[22:14:02] [Server thread/ERROR]: .old File cobblemonplayerdata for c6b1d886-4386-422a-b424-8a44b353f541 is corrupt or missing. Data is lost
[22:14:02] [Server thread/ERROR]: .old File pokedex for c6b1d886-4386-422a-b424-8a44b353f541 is corrupt or missing. Data is lost
[22:14:02] [Render thread/INFO]: [FANCYMENU] Connected to a server with FancyMenu installed: local_lan_world
[22:14:04] [OkHttp https://api.cobblemon.academy/.../ERROR]: Failed to read from or write to the web socket.
[22:14:05] [spark-java-sampler-0-5/WARN]: Timed out waiting for world statistics
[22:14:05] [OkHttp https://api.cobblemon.academy/.../ERROR]: Failed to read from or write to the web socket.
[22:14:06] [Server thread/INFO]: [voicechat] Using Fabric Permissions API
[22:14:08] [Server thread/INFO]: Maghrebinfoutu a rejoint la partie
[22:14:08] [Render thread/INFO]: [EMI] Tags synchronized, reloading EMI
[22:14:08] [Render thread/INFO]: [EMI] Starting Reload
[22:14:08] [Thread-83/INFO]: [EMI] Starting EMI reload...
[22:14:08] [Thread-83/INFO]: [EMI] Clearing data
[22:14:09] [Thread-83/INFO]: [EMI] Initializing plugin from emi
[22:14:09] [Thread-83/INFO]: [EMI] Initialized plugin from emi in 20ms
[22:14:09] [Thread-83/INFO]: [EMI] Initializing plugin from academy
[22:14:09] [Thread-83/INFO]: [EMI] Initialized plugin from academy in 0ms
[22:14:09] [Thread-83/INFO]: [EMI] Initializing plugin from accessories
[22:14:09] [Thread-83/INFO]: [EMI] Initialized plugin from accessories in 0ms
[22:14:09] [Thread-83/INFO]: [EMI] Initializing plugin from constructionwand
[22:14:09] [Thread-83/INFO]: [EMI] Initialized plugin from constructionwand in 0ms
[22:14:09] [Thread-83/INFO]: [EMI] Initializing plugin from emi_loot
[22:14:09] [Thread-83/INFO]: [EMI] Initialized plugin from emi_loot in 9ms
[22:14:09] [Thread-83/INFO]: [EMI] Initializing plugin from enchantmentdisabler
[22:14:09] [Thread-83/INFO]: [EMI] Initialized plugin from enchantmentdisabler in 1ms
[22:14:09] [Thread-83/INFO]: [EMI] Initializing plugin from farmersdelight
[22:14:09] [Thread-83/INFO]: [EMI] Initialized plugin from farmersdelight in 0ms
[22:14:09] [Thread-83/INFO]: [EMI] Initializing plugin from ftblibrary
[22:14:09] [Thread-83/INFO]: [EMI] Initialized plugin from ftblibrary in 2ms
[22:14:09] [Thread-83/INFO]: [EMI] Initializing plugin from item_obliterator
[22:14:09] [Thread-83/INFO]: [EMI] Initialized plugin from item_obliterator in 5ms
[22:14:09] [Thread-83/INFO]: [EMI] Initializing plugin from owo
[22:14:09] [Thread-83/INFO]: [EMI] Initialized plugin from owo in 0ms
[22:14:09] [Thread-83/INFO]: [EMI] Initializing plugin from polymer-core
[22:14:09] [Thread-83/INFO]: [EMI] Initialized plugin from polymer-core in 0ms
[22:14:09] [Thread-83/INFO]: [EMI] Initializing plugin from sophisticatedcore
[22:14:09] [Thread-83/INFO]: [EMI] Initialized plugin from sophisticatedcore in 0ms
[22:14:09] [Thread-83/INFO]: [EMI] Initializing plugin from sophisticatedstorage
[22:14:09] [Thread-83/INFO]: [EMI] Initialized plugin from sophisticatedstorage in 0ms
[22:14:09] [Thread-83/INFO]: [EMI] Initializing plugin from toms_storage
[22:14:09] [Thread-83/INFO]: [EMI] Initialized plugin from toms_storage in 0ms
[22:14:09] [Thread-83/INFO]: [EMI] Initializing plugin from trinkets
[22:14:09] [Thread-83/INFO]: [EMI] Initialized plugin from trinkets in 0ms
[22:14:09] [Thread-83/INFO]: [EMI] Initializing plugin from wthit
[22:14:09] [Thread-83/INFO]: [EMI] Initialized plugin from wthit in 0ms
[22:14:09] [Thread-83/INFO]: [EMI] Initializing plugin from jemi
[22:14:09] [Thread-83/INFO]: [EMI] Initialized plugin from jemi in 0ms
[22:14:09] [Thread-83/INFO]: [EMI] Processing tags
[22:14:09] [Render thread/INFO]: Starting JEI...
[22:14:09] [Render thread/INFO]: Registering item subtypes...
[22:14:09] [Render thread/INFO]: Registering item subtypes: vanity:jei took 24.26 milliseconds
[22:14:09] [Render thread/INFO]: Registering item subtypes took 35.73 milliseconds
[22:14:09] [Render thread/INFO]: Registering fluid subtypes...
[22:14:09] [Render thread/INFO]: Registering fluid subtypes: jei:debug took 18.99 milliseconds
[22:14:09] [Render thread/INFO]: Registering fluid subtypes took 19.96 milliseconds
[22:14:09] [Render thread/INFO]: Registering ingredients...
[22:14:09] [Thread-83/INFO]: [EMI] Constructing index
[22:14:09] [Thread-83/INFO]: [EMI] Reloading item groups on client thread...
[22:14:10] [Render thread/WARN]: Item Group has no display items and no search tab display items. Items from this group will be missing from the JEI ingredient list. itemGroup.lootr.lootr
[22:14:10] [Render thread/WARN]: Item Group has no display items and no search tab display items. Items from this group will be missing from the JEI ingredient list. CT - Perso.
[22:14:10] [Render thread/WARN]: Item Group has no display items and no search tab display items. Items from this group will be missing from the JEI ingredient list. DT - Perso.
[22:14:10] [Render thread/WARN]: Item Group has no display items and no search tab display items. Items from this group will be missing from the JEI ingredient list. Vanity: Designs
[22:14:10] [Render thread/INFO]: Registering ingredients: jei:minecraft took 1.352 seconds
[22:14:10] [Render thread/INFO]: Registering ingredients took 1.354 seconds
[22:14:10] [Render thread/INFO]: Registering extra ingredients...
[22:14:10] [Render thread/INFO]: Registering extra ingredients took 1.384 milliseconds
[22:14:10] [Render thread/INFO]: Registering search ingredient aliases...
[22:14:10] [Render thread/INFO]: Registering search ingredient aliases took 1.602 milliseconds
[22:14:10] [Render thread/INFO]: Registering Mod Info...
[22:14:10] [Render thread/INFO]: Registering Mod Info took 800.9 microseconds
[22:14:10] [Render thread/INFO]: Registering categories...
[22:14:10] [Render thread/INFO]: Registering categories: jei:minecraft took 36.34 milliseconds
[22:14:10] [Render thread/INFO]: Registering categories: cobblemon:jei_plugin took 89.43 milliseconds
[22:14:10] [Render thread/INFO]: Registering categories: sootychimneys:jei_plugin took 18.24 milliseconds
[22:14:10] [Render thread/INFO]: Registering categories took 179.6 milliseconds
[22:14:10] [Render thread/INFO]: Registering vanilla category extensions...
[22:14:10] [Render thread/INFO]: Registering vanilla category extensions took 8.957 milliseconds
[22:14:11] [Render thread/INFO]: Registering recipe catalysts...
[22:14:11] [Render thread/INFO]: Registering recipe catalysts took 1.079 milliseconds
[22:14:11] [Render thread/INFO]: Building recipe registry...
[22:14:11] [Render thread/INFO]: Building recipe registry took 48.04 milliseconds
[22:14:11] [Render thread/INFO]: Registering advanced plugins...
[22:14:11] [Render thread/INFO]: Registering advanced plugins took 570.6 microseconds
[22:14:11] [Render thread/INFO]: Registering recipes...
[22:14:11] [Render thread/INFO]: Registering recipes: chipped:jei took 61.34 milliseconds
[22:14:11] [Render thread/INFO]: Registering recipes: cobblemon:jei_plugin took 27.83 milliseconds
[22:14:11] [Render thread/INFO]: Registering recipes: dye_depot:jei took 17.73 milliseconds
[22:14:11] [Render thread/INFO]: Registering recipes: exposure:jei_plugin took 24.52 milliseconds
[22:14:11] [Render thread/INFO]: Registering recipes: sootychimneys:jei_plugin took 145.6 milliseconds
[22:14:11] [Render thread/INFO]: Registering recipes took 309.3 milliseconds
[22:14:11] [Render thread/INFO]: Registering recipes transfer handlers...
[22:14:11] [Render thread/INFO]: Registering recipes transfer handlers took 5.761 milliseconds
[22:14:11] [Render thread/INFO]: Building runtime...
[22:14:11] [Render thread/INFO]: Registering gui handlers...
[22:14:11] [Render thread/INFO]: Registering gui handlers took 6.847 milliseconds
[22:14:11] [Render thread/INFO]: Registering Runtime...
[22:14:11] [Render thread/INFO]: Registering Runtime took 7.596 milliseconds
[22:14:11] [Render thread/INFO]: Building runtime took 24.81 milliseconds
[22:14:11] [Render thread/INFO]: Sending Runtime...
[22:14:11] [Render thread/INFO]: [WTHIT] Show recipe action set for Just Enough Items
[22:14:11] [Render thread/INFO]: Sending Runtime took 1.173 milliseconds
[22:14:11] [Render thread/INFO]: Starting JEI took 2.267 seconds
[22:14:11] [Render thread/INFO]: [ClientSort]: Search order update blocked by EMI reload, waiting...
[22:14:12] [Server thread/INFO]: Channel update: Maghrebinfoutu -> default
[22:14:12] [Thread-83/INFO]: [EMI] Reloading item groups on client thread took 3138ms
[22:14:12] [Render thread/INFO]: Read 617 bytes, 1 objects
[22:14:12] [Render thread/INFO]: Loaded 9 advancements
[22:14:12] [Thread-83/INFO]: [EMI] Loading plugin from emi
[22:14:12] [Render thread/INFO]: received server config settings for config: ftbchunks-world
[22:14:13] [Render thread/INFO]: Loading FTB Chunks client data from world 74a04819-ca67-4ff1-a818-b4014c7f27f2
[22:14:13] [Server thread/INFO]: Receiving client config
[22:14:13] [Server thread/INFO]: [ShulkerBoxTooltip] Maghrebinfoutu: protocol version: 2.0
[22:14:14] [Server thread/INFO]: [voicechat] Received secret request of Maghrebinfoutu (18)
[22:14:15] [Server thread/INFO]: [voicechat] Sent secret to Maghrebinfoutu
[22:14:15] [Server thread/INFO]: [FANCYMENU] A client with FancyMenu installed joined the server: Maghrebinfoutu
[22:14:16] [Render thread/INFO]: [ShulkerBoxTooltip] Handshake succeeded
[22:14:16] [Render thread/INFO]: [ShulkerBoxTooltip] Server protocol version: 2.0
[22:14:16] [Render thread/INFO]: [voicechat] Received secret
[22:14:16] [Render thread/INFO]: [voicechat] Connecting to voice chat server: '127.0.0.1:55009'
[22:14:16] [VoiceChatAuthenticationThread/INFO]: [voicechat] Trying to authenticate voice chat connection
[22:14:16] [VoiceChatPacketProcessingThread/INFO]: [voicechat] Successfully authenticated player c6b1d886-4386-422a-b424-8a44b353f541
[22:14:16] [VoiceChatConnectionThread/INFO]: [voicechat] Server acknowledged authentication
[22:14:17] [Render thread/WARN]: Time from main menu to in-game was 129.11214 seconds
[22:14:17] [Render thread/WARN]: Total time to load game and open world was 323.42413 seconds
[22:14:17] [VoiceChatAuthenticationThread/INFO]: [voicechat] Trying to validate voice chat connection
[22:14:17] [VoiceChatPacketProcessingThread/INFO]: [voicechat] Successfully validated connection of player c6b1d886-4386-422a-b424-8a44b353f541
[22:14:18] [VoiceChatAuthenticationThread/INFO]: [voicechat] Trying to validate voice chat connection
[22:14:18] [VoiceChatPacketProcessingThread/INFO]: [voicechat] Player Maghrebinfoutu (c6b1d886-4386-422a-b424-8a44b353f541) successfully connected to voice chat
[22:14:19] [VoiceChatConnectionThread/INFO]: [voicechat] Server acknowledged connection check
[22:14:19] [MicrophoneThread/ERROR]: [voicechat] Voicechat sound manager ALC error: de.maxhenkel.voicechat.voice.client.microphone.ALMicrophone.tryOpenMic[131] Invalid value
[22:14:19] [MicrophoneThread/WARN]: [voicechat] Failed to open microphone 'OpenAL Soft on CABLE-B Output (VB-Audio Cable B)', falling back to default microphone
[22:14:22] [Thread-83/INFO]: [EMI] Reloaded plugin from emi in 9227ms
[22:14:22] [Thread-83/INFO]: [EMI] Loading plugin from academy
[22:14:22] [Thread-83/INFO]: [EMI] Reloaded plugin from academy in 64ms
[22:14:22] [Thread-83/INFO]: [EMI] Loading plugin from accessories
[22:14:22] [Thread-83/INFO]: [EMI] Reloaded plugin from accessories in 4ms
[22:14:22] [Thread-83/INFO]: [EMI] Loading plugin from constructionwand
[22:14:22] [Thread-83/INFO]: [EMI] Reloaded plugin from constructionwand in 37ms
[22:14:22] [Thread-83/INFO]: [EMI] Loading plugin from emi_loot
[22:14:22] [ForkJoinPool.commonPool-worker-9/INFO]: Built 7999 block loot recipes in 139ms
[22:14:22] [ForkJoinPool.commonPool-worker-4/INFO]: Built 80 mob loot recipes in 155ms
[22:14:22] [Render thread/INFO]: [FANCYMENU] ScreenCustomizationLayer registered: pause_screen
[22:14:22] [ForkJoinPool.commonPool-worker-8/INFO]: Built 23 gameplay loot recipes in 255ms
[22:14:22] [Thread-83/INFO]: Registered gameplay loot recipes after 268ms
[22:14:23] [Server thread/INFO]: Saving and pausing game...
[22:14:23] [ForkJoinPool.commonPool-worker-6/INFO]: Built 149 archaeology loot recipes in 1036ms
[22:14:23] [Thread-83/INFO]: Registered archaeology loot recipes after 1102ms
[22:14:23] [Thread-83/INFO]: Registered mob loot recipes after 1103ms
[22:14:25] [ForkJoinPool.commonPool-worker-11/INFO]: Built 558 chest loot recipes in 3157ms
[22:14:25] [Thread-83/INFO]: Registered chest loot recipes after 3296ms
[22:14:25] [Thread-83/INFO]: Registered all loot recipes after 3306ms
[22:14:25] [Thread-83/INFO]: [EMI] Reloaded plugin from emi_loot in 3310ms
[22:14:25] [Thread-83/INFO]: [EMI] Loading plugin from enchantmentdisabler
[22:14:25] [Thread-83/INFO]: [EMI] Reloaded plugin from enchantmentdisabler in 0ms
[22:14:25] [Thread-83/INFO]: [EMI] Loading plugin from farmersdelight
[22:14:25] [Server thread/INFO]: Saving chunks for level 'ServerLevel[Nouveau monde]'/minecraft:overworld
[22:14:28] [Server thread/INFO]: Saving chunks for level 'ServerLevel[Nouveau monde]'/legendarymonuments:hall_of_origin_world
[22:14:28] [Server thread/INFO]: Saving chunks for level 'ServerLevel[Nouveau monde]'/legendarymonuments:distortion_world
[22:14:28] [Server thread/INFO]: Saving chunks for level 'ServerLevel[Nouveau monde]'/academy:island
[22:14:28] [Server thread/INFO]: Saving chunks for level 'ServerLevel[Nouveau monde]'/minecraft:the_nether
[22:14:28] [Server thread/INFO]: Saving chunks for level 'ServerLevel[Nouveau monde]'/minecraft:the_end
[22:14:28] [Server thread/INFO]: Saving chunks for level 'ServerLevel[Nouveau monde]'/rad-gyms:rad-gyms_dim
[22:14:28] [Server thread/INFO]: Saving chunks for level 'ServerLevel[Nouveau monde]'/academy:safari
[22:14:29] [Server thread/WARN]: Can't keep up! Is the server overloaded? Running 25013ms or 500 ticks behind
[22:14:31] [Render thread/INFO]: [FANCYMENU] ScreenCustomizationLayer registered: abeshutt.staracademy.screen.AcceptanceLetterScreen
[22:14:32] [Thread-83/INFO]: [EMI] Reloaded plugin from farmersdelight in 6529ms
[22:14:32] [Thread-83/INFO]: [EMI] Loading plugin from ftblibrary
[22:14:32] [Thread-83/INFO]: [EMI] Reloaded plugin from ftblibrary in 1ms
[22:14:32] [Thread-83/INFO]: [EMI] Loading plugin from item_obliterator
[22:14:32] [Thread-83/INFO]: [EMI] Reloaded plugin from item_obliterator in 0ms
[22:14:32] [Thread-83/INFO]: [EMI] Loading plugin from owo
[22:14:32] [Thread-83/INFO]: [EMI] Reloaded plugin from owo in 1ms
[22:14:32] [Thread-83/INFO]: [EMI] Loading plugin from polymer-core
[22:14:32] [Thread-83/INFO]: [EMI] Reloaded plugin from polymer-core in 0ms
[22:14:32] [Thread-83/INFO]: [EMI] Loading plugin from sophisticatedcore
[22:14:32] [Thread-83/INFO]: [EMI] Reloaded plugin from sophisticatedcore in 0ms
[22:14:32] [Thread-83/INFO]: [EMI] Loading plugin from sophisticatedstorage
[22:14:32] [Thread-83/INFO]: [EMI] Reloaded plugin from sophisticatedstorage in 331ms
[22:14:32] [Thread-83/INFO]: [EMI] Loading plugin from toms_storage
[22:14:32] [Thread-83/INFO]: [EMI] Reloaded plugin from toms_storage in 13ms
[22:14:32] [Thread-83/INFO]: [EMI] Loading plugin from trinkets
[22:14:32] [Thread-83/INFO]: [EMI] Reloaded plugin from trinkets in 1ms
[22:14:32] [Thread-83/INFO]: [EMI] Loading plugin from wthit
[22:14:32] [Thread-83/WARN]: [WTHIT] Show recipe action is already set for Just Enough Items
[22:14:32] [Thread-83/WARN]: [WTHIT] Replaced it with one for EMI
[22:14:32] [Thread-83/INFO]: [EMI] Reloaded plugin from wthit in 0ms
[22:14:32] [Thread-83/INFO]: [EMI] Loading plugin from jemi
[22:14:32] [Thread-83/INFO]: [EMI] [JEMI] Waiting for JEI to finish reloading...
[22:14:32] [Thread-83/INFO]: [EMI] Waiting for JEI to finish...
[22:14:32] [Thread-83/INFO]: [EMI] [JEMI] JEI reloaded!
[22:14:32] [Thread-83/INFO]: [EMI] Loading information from JEI...
[22:14:32] [Thread-83/INFO]: [EMI] Processing JEI stacks...
[22:14:32] [Thread-83/INFO]: [EMI] Processing JEI subtypes...
[22:14:32] [Thread-83/INFO]: [EMI] Processing JEI recipes...
[22:14:32] [Thread-83/INFO]: [EMI] [JEMI] Collecting data for Établi
[22:14:32] [Thread-83/INFO]: [EMI] Loading JEI data for Établi
[22:14:32] [Thread-83/INFO]: [EMI] [JEMI] Collecting data for Enclume
[22:14:32] [Thread-83/INFO]: [EMI] Loading JEI data for Enclume
[22:14:32] [Thread-83/INFO]: [EMI] [JEMI] Collecting data for Haut fourneau
[22:14:32] [Thread-83/INFO]: [EMI] Loading JEI data for Haut fourneau
[22:14:32] [Thread-83/INFO]: [EMI] [JEMI] Collecting data for Création de potion
[22:14:32] [Thread-83/INFO]: [EMI] Loading JEI data for Création de potion
[22:14:32] [Thread-83/INFO]: [EMI] [JEMI] Collecting data for Feu de camp
[22:14:32] [Thread-83/INFO]: [EMI] Loading JEI data for Feu de camp
[22:14:32] [Thread-83/INFO]: [EMI] [JEMI] Collecting data for Compostable
[22:14:32] [Thread-83/INFO]: [EMI] Loading JEI data for Compostable
[22:14:32] [Thread-83/INFO]: [EMI] [JEMI] Collecting data for Carburant
[22:14:32] [Thread-83/INFO]: [EMI] Loading JEI data for Carburant
[22:14:32] [Thread-83/INFO]: [EMI] [JEMI] Collecting data for Fourneau
[22:14:32] [Thread-83/INFO]: [EMI] Loading JEI data for Fourneau
[22:14:32] [Thread-83/INFO]: [EMI] [JEMI] Collecting data for Table de forge
[22:14:32] [Thread-83/INFO]: [EMI] Loading JEI data for Table de forge
[22:14:32] [Thread-83/INFO]: [EMI] [JEMI] Collecting data for Fumoir
[22:14:32] [Thread-83/INFO]: [EMI] Loading JEI data for Fumoir
[22:14:32] [Thread-83/INFO]: [EMI] [JEMI] Collecting data for Tailleur de pierre
[22:14:32] [Thread-83/INFO]: [EMI] Loading JEI data for Tailleur de pierre
[22:14:32] [Thread-83/INFO]: [EMI] [JEMI] Collecting data for Berry Mutation
[22:14:32] [Thread-83/INFO]: [EMI] Loading JEI data for Berry Mutation
[22:14:32] [Thread-83/INFO]: [EMI] [JEMI] Collecting data for Marmite à feu
[22:14:32] [Thread-83/INFO]: [EMI] Loading JEI data for Marmite à feu
[22:14:32] [Thread-83/INFO]: [EMI] [JEMI] Collecting data for Impression
[22:14:32] [Thread-83/INFO]: [EMI] Loading JEI data for Impression
[22:14:32] [Thread-83/INFO]: [EMI] [JEMI] Collecting data for Empiler des photographies
[22:14:32] [Thread-83/INFO]: [EMI] Loading JEI data for Empiler des photographies
[22:14:32] [Thread-83/INFO]: [EMI] [JEMI] Collecting data for Information
[22:14:32] [Thread-83/INFO]: [EMI] Loading JEI data for Information
[22:14:32] [Thread-83/INFO]: [EMI] [JEMI] Collecting data for Chiseling
[22:14:32] [Thread-83/INFO]: [EMI] Loading JEI data for Chiseling
[22:14:32] [Thread-83/INFO]: [EMI] [JEMI] Collecting data for Soot Covering
[22:14:32] [Thread-83/INFO]: [EMI] Loading JEI data for Soot Covering
[22:14:32] [Thread-83/INFO]: [EMI] [JEMI] Collecting data for Soot Scraping
[22:14:32] [Thread-83/INFO]: [EMI] Loading JEI data for Soot Scraping
[22:14:32] [Thread-83/INFO]: [EMI] [JEMI] Collecting data for Designs
[22:14:32] [Thread-83/INFO]: [EMI] Loading JEI data for Designs
[22:14:32] [Thread-83/INFO]: [EMI] [JEMI] Collecting data for Workbench
[22:14:32] [Thread-83/INFO]: [EMI] Loading JEI data for Workbench
[22:14:32] [Thread-83/INFO]: [EMI] [JEMI] Collecting data for FurniCrafter
[22:14:32] [Thread-83/INFO]: [EMI] Loading JEI data for FurniCrafter
[22:14:32] [Thread-83/INFO]: [EMI] Reloaded plugin from jemi in 420ms
[22:14:32] [Thread-83/INFO]: [EMI] Baking index
[22:14:33] [Thread-83/INFO]: [EMI] Registering late recipes
[22:14:33] [Thread-83/INFO]: [EMI] Baking recipes
[22:14:34] [Render thread/ERROR]: Failed to create animation by name cry, most likely something wrong in the MoLang
[22:14:34] [Render thread/INFO]: [STDERR]: java.lang.IllegalArgumentException: Unable to evaluate expression: q.bedrock_stateful('treecko', 'cry')
[22:14:34] [Render thread/INFO]: [STDERR]: 	at knot//com.cobblemon.mod.common.util.MoLangExtensionsKt.resolve(MoLangExtensionsKt.java:50)
[22:14:34] [Render thread/INFO]: [STDERR]: 	at knot//com.cobblemon.mod.common.api.molang.SingleExpression.resolve(SingleExpression.java:26)
[22:14:34] [Render thread/INFO]: [STDERR]: 	at knot//com.cobblemon.mod.common.api.molang.ExpressionLike.resolve$default(ExpressionLike.java:27)
[22:14:34] [Render thread/INFO]: [STDERR]: 	at knot//com.cobblemon.mod.common.api.molang.ExpressionLike.resolveObject(ExpressionLike.java:35)
[22:14:34] [Render thread/INFO]: [STDERR]: 	at knot//com.cobblemon.mod.common.api.molang.SingleExpression.resolveObject(SingleExpression.java:24)
[22:14:34] [Render thread/INFO]: [STDERR]: 	at knot//com.cobblemon.mod.common.client.render.models.blockbench.PosableModel.resolveFromAnimationMap(PosableModel.java:231)
[22:14:34] [Render thread/INFO]: [STDERR]: 	at knot//com.cobblemon.mod.common.client.render.models.blockbench.PosableModel.getAnimation(PosableModel.java:190)
[22:14:34] [Render thread/INFO]: [STDERR]: 	at knot//com.cobblemon.mod.common.client.render.models.blockbench.PosableState.addFirstAnimation(PosableState.java:430)
[22:14:34] [Render thread/INFO]: [STDERR]: 	at knot//com.cobblemon.mod.common.client.gui.summary.widgets.ModelWidget.playCry(ModelWidget.java:146)
[22:14:34] [Render thread/INFO]: [STDERR]: 	at knot//com.cobblemon.mod.common.client.gui.summary.widgets.ModelWidget.method_25402(ModelWidget.java:137)
[22:14:34] [Render thread/INFO]: [STDERR]: 	at knot//net.minecraft.class_4069.method_25402(class_4069.java:38)
[22:14:34] [Render thread/INFO]: [STDERR]: 	at knot//net.minecraft.class_312.method_1611(class_312.java:107)
[22:14:34] [Render thread/INFO]: [STDERR]: 	at knot//net.minecraft.class_437.method_25412(class_437.java:431)
[22:14:34] [Render thread/INFO]: [STDERR]: 	at knot//net.minecraft.class_312.method_1601(class_312.java:107)
[22:14:34] [Render thread/INFO]: [STDERR]: 	at knot//net.minecraft.class_312.method_22686(class_312.java:196)
[22:14:34] [Render thread/INFO]: [STDERR]: 	at knot//net.minecraft.class_1255.execute(class_1255.java:108)
[22:14:34] [Render thread/INFO]: [STDERR]: 	at knot//net.minecraft.class_312.method_22684(class_312.java:196)
[22:14:34] [Render thread/INFO]: [STDERR]: 	at knot//org.lwjgl.glfw.GLFWMouseButtonCallbackI.callback(GLFWMouseButtonCallbackI.java:43)
[22:14:34] [Render thread/INFO]: [STDERR]: 	at knot//org.lwjgl.system.JNI.invokeV(Native Method)
[22:14:34] [Render thread/INFO]: [STDERR]: 	at knot//org.lwjgl.glfw.GLFW.glfwPollEvents(GLFW.java:3438)
[22:14:34] [Render thread/INFO]: [STDERR]: 	at knot//com.mojang.blaze3d.systems.RenderSystem.pollEvents(RenderSystem.java:150)
[22:14:34] [Render thread/INFO]: [STDERR]: 	at knot//com.mojang.blaze3d.systems.RenderSystem.flipFrame(RenderSystem.java:168)
[22:14:34] [Render thread/INFO]: [STDERR]: 	at knot//net.minecraft.class_1041.method_15998(class_1041.java:303)
[22:14:34] [Render thread/INFO]: [STDERR]: 	at knot//net.minecraft.class_310.method_1523(class_310.java:1307)
[22:14:34] [Render thread/INFO]: [STDERR]: 	at knot//net.minecraft.class_310.method_1514(class_310.java:882)
[22:14:34] [Render thread/INFO]: [STDERR]: 	at knot//net.minecraft.client.main.Main.main(Main.java:256)
[22:14:34] [Render thread/INFO]: [STDERR]: 	at net.fabricmc.loader.impl.game.minecraft.MinecraftGameProvider.launch(MinecraftGameProvider.java:514)
[22:14:34] [Render thread/INFO]: [STDERR]: 	at net.fabricmc.loader.impl.launch.knot.Knot.launch(Knot.java:72)
[22:14:34] [Render thread/INFO]: [STDERR]: 	at net.fabricmc.loader.impl.launch.knot.KnotClient.main(KnotClient.java:23)
[22:14:34] [Render thread/INFO]: [STDERR]: Caused by: java.lang.IllegalArgumentException: Animation animation.treecko.cry not found in animation group treecko
[22:14:34] [Render thread/INFO]: [STDERR]: 	at knot//com.cobblemon.mod.common.client.render.models.blockbench.bedrock.animation.BedrockAnimationRepository.getAnimation(BedrockAnimationRepository.java:81)
[22:14:34] [Render thread/INFO]: [STDERR]: 	at knot//com.cobblemon.mod.common.client.render.models.blockbench.PosableModel.bedrockStateful(PosableModel.java:818)
[22:14:34] [Render thread/INFO]: [STDERR]: 	at knot//com.cobblemon.mod.common.client.render.models.blockbench.PosableModel.bedrockStateful$default(PosableModel.java:814)
[22:14:34] [Render thread/INFO]: [STDERR]: 	at knot//com.cobblemon.mod.common.client.ClientMoLangFunctions.animationFunctions$lambda$2$0(ClientMoLangFunctions.java:114)
[22:14:34] [Render thread/INFO]: [STDERR]: 	at knot//com.bedrockk.molang.runtime.struct.QueryStruct.get(QueryStruct.java:25)
[22:14:34] [Render thread/INFO]: [STDERR]: 	at knot//com.bedrockk.molang.runtime.MoLangEnvironment.getValue(MoLangEnvironment.java:70)
[22:14:34] [Render thread/INFO]: [STDERR]: 	at knot//com.bedrockk.molang.ast.FuncCallExpression.evaluate(FuncCallExpression.java:37)
[22:14:34] [Render thread/INFO]: [STDERR]: 	at knot//com.bedrockk.molang.runtime.MoLangRuntime.execute(MoLangRuntime.java:36)
[22:14:34] [Render thread/INFO]: [STDERR]: 	at knot//com.cobblemon.mod.common.util.MoLangExtensionsKt.resolve(MoLangExtensionsKt.java:45)
[22:14:34] [Render thread/INFO]: [STDERR]: 	... 28 more
[22:14:34] [OkHttp https://api.cobblemon.academy/.../ERROR]: Failed to read from or write to the web socket.
[22:14:37] [Render thread/INFO]: Loaded 71 advancements
[22:14:37] [Render thread/INFO]: Created new fancy advancement toast: L'Heure du Showdown !; texture: fancytoasts:textures/toast/modern.png; animation: fancytoasts:animations/toast/standard
[22:14:37] [Render thread/INFO]: Created new fancy advancement toast: Join the Academy!; texture: fancytoasts:textures/toast/modern.png; animation: fancytoasts:animations/toast/standard
[22:14:38] [Thread-83/INFO]: [EMI] Baked 29170 recipes in 5138ms
[22:14:38] [Thread-83/INFO]: [EMI] Baking search
[22:14:42] [Thread-93/INFO]: [EMI] Baked recipes after reload in 3503ms
[22:14:43] [Render thread/INFO]: [FANCYMENU] ScreenCustomizationLayer registered: chat_screen
[22:14:45] [Thread-83/INFO]: [EMI] Finishing up
[22:14:46] [Thread-83/INFO]: [EMI] Reloaded EMI in 37714ms
[22:14:46] [Render thread/INFO]: [ClientSort]: EMI reload finished; updating search order
[22:14:47] [Server thread/WARN]: Can't keep up! Is the server overloaded? Running 3062ms or 61 ticks behind
[22:14:55] [OkHttp https://api.cobblemon.academy/.../ERROR]: Failed to read from or write to the web socket.
[22:14:57] [Server thread/INFO]: Serializing 1 Pokémon stores.
[22:14:57] [Server thread/INFO]: Queueing save.
[22:14:57] [pool-21-thread-1/INFO]: Saved 1 Pokémon stores.
[22:15:16] [OkHttp https://api.cobblemon.academy/.../ERROR]: Failed to read from or write to the web socket.
[22:15:23] [Server thread/INFO]: Serializing 0 Pokémon stores.
[22:15:23] [Server thread/INFO]: Queueing save.
[22:15:23] [pool-21-thread-1/INFO]: Saved 0 Pokémon stores.
[22:15:27] [Server thread/INFO]: Saving and pausing game...
[22:15:27] [Server thread/INFO]: Saving chunks for level 'ServerLevel[Nouveau monde]'/minecraft:overworld
[22:15:28] [Server thread/INFO]: Saving chunks for level 'ServerLevel[Nouveau monde]'/legendarymonuments:hall_of_origin_world
[22:15:28] [Server thread/INFO]: Saving chunks for level 'ServerLevel[Nouveau monde]'/legendarymonuments:distortion_world
[22:15:28] [Server thread/INFO]: Saving chunks for level 'ServerLevel[Nouveau monde]'/academy:island
[22:15:28] [Server thread/INFO]: Saving chunks for level 'ServerLevel[Nouveau monde]'/minecraft:the_nether
[22:15:28] [Server thread/INFO]: Saving chunks for level 'ServerLevel[Nouveau monde]'/minecraft:the_end
[22:15:28] [Server thread/INFO]: Saving chunks for level 'ServerLevel[Nouveau monde]'/rad-gyms:rad-gyms_dim
[22:15:28] [Server thread/INFO]: Saving chunks for level 'ServerLevel[Nouveau monde]'/academy:safari
[22:15:28] [Render thread/INFO]: [EMI] Disconnecting from server, EMI data cleared
[22:15:28] [Thread-100/INFO]: [EMI] Clearing data
[22:15:28] [Netty Server IO #1/INFO]: Triggered save for disconnecting player: Maghrebinfoutu
[22:15:28] [Netty Server IO #1/INFO]: Player Maghrebinfoutu disconnected, saving their progress data
[22:15:28] [Render thread/INFO]: [voicechat] Clearing audio channels
[22:15:28] [Netty Server IO #1/INFO]: Saved shrine progress for player Maghrebinfoutu in world Nouveau monde_112439339
[22:15:29] [Netty Server IO #1/INFO]: Saved footprint progress for player Maghrebinfoutu in world Nouveau monde_112439339
[22:15:29] [Render thread/INFO]: [voicechat] Stopping microphone thread
[22:15:29] [Render thread/INFO]: [voicechat] Disconnecting voicechat
[22:15:29] [Server thread/WARN]: Can't keep up! Is the server overloaded? Running 3163ms or 63 ticks behind
[22:15:29] [Server thread/INFO]: [STDOUT]: Saved Cobblemon player data for Maghrebinfoutu
[22:15:29] [Render thread/INFO]: Loaded config file: item-restrictions-common.yaml
[22:15:29] [Render thread/INFO]: Loaded config file: arc-common.yaml
[22:15:29] [Render thread/INFO]: Loaded config file: jobsplus-common.yaml
[22:15:30] [Server thread/INFO]: Maghrebinfoutu lost connection: Déconnecté(e)
[22:15:30] [Server thread/INFO]: Maghrebinfoutu a quitté la partie
[22:15:30] [Server thread/INFO]: [voicechat] Disconnecting client Maghrebinfoutu
[22:15:31] [Server thread/INFO]: Stopping singleplayer server as player logged out
[22:15:31] [Server thread/INFO]: Server stopping, performing final save of all key items data...
[22:15:31] [Server thread/INFO]: Final save triggered for world: minecraft:overworld
[22:15:31] [Server thread/INFO]: Final save triggered for world: legendarymonuments:hall_of_origin_world
[22:15:31] [Server thread/INFO]: Final save triggered for world: legendarymonuments:distortion_world
[22:15:31] [Server thread/INFO]: Final save triggered for world: academy:island
[22:15:31] [Server thread/INFO]: Final save triggered for world: minecraft:the_nether
[22:15:31] [Server thread/INFO]: Final save triggered for world: minecraft:the_end
[22:15:31] [Server thread/INFO]: Final save triggered for world: rad-gyms:rad-gyms_dim
[22:15:31] [Server thread/INFO]: Final save triggered for world: academy:safari
[22:15:31] [Server thread/INFO]: Server stopping, saving all player progress data
[22:15:32] [Server thread/INFO]: Stopping server
[22:15:32] [Server thread/INFO]: Saving players
[22:15:32] [Server thread/INFO]: Saving worlds
[22:15:42] [Server thread/INFO]: Saving chunks for level 'ServerLevel[Nouveau monde]'/minecraft:overworld
[22:15:44] [Server thread/INFO]: Saving chunks for level 'ServerLevel[Nouveau monde]'/legendarymonuments:hall_of_origin_world
[22:15:44] [Server thread/INFO]: Saving chunks for level 'ServerLevel[Nouveau monde]'/legendarymonuments:distortion_world
[22:15:44] [Server thread/INFO]: Saving chunks for level 'ServerLevel[Nouveau monde]'/academy:island
[22:15:44] [Server thread/INFO]: Saving chunks for level 'ServerLevel[Nouveau monde]'/minecraft:the_nether
[22:15:44] [Server thread/INFO]: Saving chunks for level 'ServerLevel[Nouveau monde]'/minecraft:the_end
[22:15:44] [Server thread/INFO]: Saving chunks for level 'ServerLevel[Nouveau monde]'/rad-gyms:rad-gyms_dim
[22:15:44] [Server thread/INFO]: Saving chunks for level 'ServerLevel[Nouveau monde]'/academy:safari
[22:15:44] [Server thread/INFO]: ThreadedAnvilChunkStorage (Nouveau monde (1)): All chunks are saved
[22:15:44] [Server thread/INFO]: ThreadedAnvilChunkStorage (hall_of_origin_world): All chunks are saved
[22:15:44] [Server thread/INFO]: ThreadedAnvilChunkStorage (distortion_world): All chunks are saved
[22:15:44] [Server thread/INFO]: ThreadedAnvilChunkStorage (island): All chunks are saved
[22:15:44] [Server thread/INFO]: ThreadedAnvilChunkStorage (DIM-1): All chunks are saved
[22:15:44] [Server thread/INFO]: ThreadedAnvilChunkStorage (DIM1): All chunks are saved
[22:15:44] [Server thread/INFO]: ThreadedAnvilChunkStorage (rad-gyms_dim): All chunks are saved
[22:15:44] [Server thread/INFO]: ThreadedAnvilChunkStorage (safari): All chunks are saved
[22:15:44] [Server thread/INFO]: ThreadedAnvilChunkStorage: All dimensions are saved
[22:15:44] [Server thread/INFO]: Serializing 0 Pokémon stores.
[22:15:44] [Server thread/INFO]: Queueing save.
[22:15:44] [pool-21-thread-1/INFO]: Saved 0 Pokémon stores.
[22:15:45] [Server thread/INFO]: Dispatching unloading event for config leavesbegone-server.toml
[22:15:45] [Server thread/INFO]: Dispatching unloading event for config linkedchests-server.toml
[22:15:45] [Render thread/INFO]: Stopping worker threads
[22:15:45] [Render thread/INFO]: Glassential Renewed
[22:15:45] [Render thread/INFO]: MC Version: fabric-0.18.1-1.21.1
[22:15:45] [Render thread/INFO]: Glassential Renewed
[22:15:45] [Render thread/INFO]: MC Version: fabric-0.18.1-1.21.1
[22:15:45] [Render thread/INFO]: Glassential Renewed
[22:15:45] [Render thread/INFO]: MC Version: fabric-0.18.1-1.21.1
[22:15:53] [OkHttp https://api.cobblemon.academy/.../ERROR]: Failed to read from or write to the web socket.
[22:15:53] [OkHttp https://api.cobblemon.academy/.../ERROR]: Failed to read from or write to the web socket.
[22:16:13] [OkHttp https://api.cobblemon.academy/.../ERROR]: Failed to read from or write to the web socket.
[22:16:24] [Render thread/INFO]: Connecting to cobblemonv2.hosterfy.eu, 25565
[22:16:26] [Render thread/INFO]: Glassential Renewed
[22:16:26] [Render thread/INFO]: MC Version: fabric-0.18.1-1.21.1
[22:16:26] [Render thread/INFO]: Glassential Renewed
[22:16:26] [Render thread/INFO]: MC Version: fabric-0.18.1-1.21.1
[22:16:26] [Render thread/INFO]: Glassential Renewed
[22:16:26] [Render thread/INFO]: MC Version: fabric-0.18.1-1.21.1
[22:16:27] [Render thread/INFO]: Stopping!
[22:16:27] [CullThread/INFO]: [STDOUT]: Shutting down culling task!
[22:16:28] [Render thread/INFO]: Shutting down map thread
