[00:12:54] [main/INFO]: Loading Minecraft 1.21.1 with Fabric Loader 0.18.4
[00:12:54] [ForkJoinPool-1-worker-1/WARN]: Mod totw_modded uses the version fabric-1.21-1.0.8 which isn't compatible with Loader's extended semantic version format (Could not parse version number component 'fabric'!), SemVer is recommended for reliably evaluating dependencies and prioritizing newer version
[00:12:54] [ForkJoinPool-1-worker-1/WARN]: The mod "accessories_compat_layer" contains invalid entries in its mod json:
- Unsupported root entry "#COMMENT_breaks" at line 53 column 20
[00:12:54] [ForkJoinPool-1-worker-6/WARN]: Mod treechop uses the version 0.19.3a which isn't compatible with Loader's extended semantic version format (Could not parse version number component '3a'!), SemVer is recommended for reliably evaluating dependencies and prioritizing newer version
[00:12:54] [main/INFO]: Loading 302 mods:
	- academy 2.0.0
	   \-- com_madgag_animated-gif-lib 1.4
	- accessories 1.1.0-beta.52+1.21.1
	- accessories_compat_layer 0.1.10
	   \-- mixinsquared 0.3.4
	- advancementframes 1.21-2.2.9
	- another_furniture 4.0.1
	- arc 1.9.5-1.21.1
	- architectury 13.0.8
	- arts_and_crafts 1.5.3
	   \-- blue_endless_jankson 1.2.3
	- athena 4.0.2
	- atistructures 1.3.10
	- badpackets 0.8.2
	- balm 21.0.49
	   \-- kuma_api 21.0.5
	- bcc 21.1.0
	- beautify 1.3.0+1.21.1
	- beb 5.0.0
	- bettervillage 3.3.1
	- biomespawnpoint 2.4
	- biomeswevegone 2.4.6
	- bookshelf 21.1.69
	- capture_xp 1.7.1-fabric-1.3.0
	- chalk 2.2.5+1.21.1
	   |-- com_github_mclegoman_releasetypeutils 2.1.0
	   \-- fabric-simplelibs 2.0.0
	- chalk-colorful-addon 2.1.1+1.19.3
	- chipped 4.0.2
	- chunky 1.4.23
	- cloth-config 15.0.140
	   \-- cloth-basic-math 0.6.1
	- clumps 19.0.0.1
	- cobblefurnies 0.6.3
	- cobblemon 1.7.1+1.21.1
	- cobblemon_quests 1.2.0
	- cobblemon_spawn_alerts 1.11.2
	   \-- adventure-platform-fabric 5.14.1
	        |-- net_kyori_adventure-api 4.17.0
	        |-- net_kyori_adventure-key 4.17.0
	        |-- net_kyori_adventure-platform-api 4.3.3
	        |-- net_kyori_adventure-text-logger-slf4j 4.17.0
	        |-- net_kyori_adventure-text-minimessage 4.17.0
	        |-- net_kyori_adventure-text-serializer-ansi 4.17.0
	        |-- net_kyori_adventure-text-serializer-gson 4.17.0
	        |-- net_kyori_adventure-text-serializer-json 4.17.0
	        |-- net_kyori_adventure-text-serializer-plain 4.17.0
	        |-- net_kyori_ansi 1.1.0
	        |-- net_kyori_examination-api 1.3.0
	        |-- net_kyori_examination-string 1.3.0
	        \-- net_kyori_option 1.0.0
	- cobblemon_wonder_trade 1.0.0
	- cobblemonraiddens 0.5.5+1.21.1
	- cobblemontrialsedition 1.1.0
	- cobblenav 2.2.5
	- collective 8.3
	- comforts 9.0.4+1.21.1
	   |-- cardinal-components-base 6.1.2
	   |-- cardinal-components-entity 6.1.2
	   \-- spectrelib 0.17.2+1.21
	- connectiblechains 2.5.4+1.21.1
	- constructionwand 1.0.6
	- corgilib 5.0.0.7
	   |-- com_electronwill_night-config_core 3.8.2
	   \-- com_electronwill_night-config_toml 3.8.2
	- cozyhome 1.1.20
	- craftingtweaks 21.1.5
	- crd_broadcasts 1.2.0+1.21.1
	- crd_converters 1.0.0+1.21.1
	- cupboard 1.21-2.9
	- dataanchor 2.0.0.12
	- defaultoptions 21.1.2
	- deimos 2.2
	- dimworldborder 1.0.5
	- dye_depot 2.0.2-fabric
	- elevatorid 1.21-1.11.1
	- emi 1.1.22+1.21.1+fabric
	- emi_loot 0.7.9+1.21+fabric
	- emojiful 5.2.1
	   |-- com_esotericsoftware_yamlbeans_yamlbeans 1.17
	   \-- midnightlib 1.5.7
	- emotecraft 2.4.12
	   |-- bendy-lib 5.1
	   \-- playeranimator 2.0.1+1.21.1
	- enchantmentdisabler 3.3.2+1.21.1
	   \-- mixson 1.4.0
	- enhancedcelestials 6.0.2.5
	- exposure 1.9.11
	- exposure_catalog 1.1.1
	   \-- fabric-permissions-api-v0 0.3.1
	- exposure_expanded 1.0.1
	- exposure_polaroid 1.1.2
	- fabric-api 0.116.7+1.21.1
	   |-- fabric-api-base 0.4.42+6573ed8c19
	   |-- fabric-api-lookup-api-v1 1.6.71+b559734419
	   |-- fabric-biome-api-v1 13.0.31+d527f9fd19
	   |-- fabric-block-api-v1 1.1.0+0bc3503219
	   |-- fabric-block-view-api-v2 1.0.11+ebb2264e19
	   |-- fabric-blockrenderlayer-v1 1.1.52+0af3f5a719
	   |-- fabric-client-tags-api-v1 1.1.15+6573ed8c19
	   |-- fabric-command-api-v1 1.2.49+f71b366f19
	   |-- fabric-command-api-v2 2.2.28+6ced4dd919
	   |-- fabric-commands-v0 0.2.66+df3654b319
	   |-- fabric-content-registries-v0 8.0.19+b559734419
	   |-- fabric-convention-tags-v1 2.1.5+7f945d5b19
	   |-- fabric-convention-tags-v2 2.11.1+a406e79519
	   |-- fabric-crash-report-info-v1 0.2.29+0af3f5a719
	   |-- fabric-data-attachment-api-v1 1.4.5+6116a37819
	   |-- fabric-data-generation-api-v1 20.2.34+37516cd619
	   |-- fabric-dimensions-v1 4.0.1+65213ef819
	   |-- fabric-entity-events-v1 1.8.0+2b27e0a419
	   |-- fabric-events-interaction-v0 0.7.13+ba9dae0619
	   |-- fabric-game-rule-api-v1 1.0.53+6ced4dd919
	   |-- fabric-item-api-v1 11.2.0+3b3cb2e819
	   |-- fabric-item-group-api-v1 4.1.7+def88e3a19
	   |-- fabric-key-binding-api-v1 1.0.47+0af3f5a719
	   |-- fabric-keybindings-v0 0.2.45+df3654b319
	   |-- fabric-lifecycle-events-v1 2.6.0+0865547519
	   |-- fabric-loot-api-v2 3.0.15+3f89f5a519
	   |-- fabric-loot-api-v3 1.0.3+3f89f5a519
	   |-- fabric-message-api-v1 6.0.14+8aaf3aca19
	   |-- fabric-model-loading-api-v1 2.1.0+b4d813fc19
	   |-- fabric-networking-api-v1 4.3.0+c7469b2119
	   |-- fabric-object-builder-api-v1 15.2.1+40875a9319
	   |-- fabric-particles-v1 4.0.2+6573ed8c19
	   |-- fabric-recipe-api-v1 5.0.15+2475392c19
	   |-- fabric-registry-sync-v0 5.3.1+e3eddc2119
	   |-- fabric-renderer-api-v1 3.4.1+b4d813fc19
	   |-- fabric-renderer-indigo 1.7.1+c705a49c19
	   |-- fabric-renderer-registries-v1 3.2.69+df3654b319
	   |-- fabric-rendering-data-attachment-v1 0.3.49+73761d2e19
	   |-- fabric-rendering-fluids-v1 3.1.6+1daea21519
	   |-- fabric-rendering-v0 1.1.72+df3654b319
	   |-- fabric-rendering-v1 5.1.0+ab4c25a019
	   |-- fabric-resource-conditions-api-v1 4.3.0+8dc279b119
	   |-- fabric-resource-loader-v0 1.3.1+5b5275af19
	   |-- fabric-screen-api-v1 2.0.25+8b68f1c719
	   |-- fabric-screen-handler-api-v1 1.3.90+b559734419
	   |-- fabric-sound-api-v1 1.0.23+6573ed8c19
	   |-- fabric-transfer-api-v1 5.4.3+c24bd99419
	   \-- fabric-transitive-access-wideners-v1 6.2.0+45b9699719
	- fabric-language-kotlin 1.13.5+kotlin.2.2.10
	   |-- org_jetbrains_kotlin_kotlin-reflect 2.2.10
	   |-- org_jetbrains_kotlin_kotlin-stdlib 2.2.10
	   |-- org_jetbrains_kotlin_kotlin-stdlib-jdk7 2.2.10
	   |-- org_jetbrains_kotlin_kotlin-stdlib-jdk8 2.2.10
	   |-- org_jetbrains_kotlinx_atomicfu-jvm 0.29.0
	   |-- org_jetbrains_kotlinx_kotlinx-coroutines-core-jvm 1.10.2
	   |-- org_jetbrains_kotlinx_kotlinx-coroutines-jdk8 1.10.2
	   |-- org_jetbrains_kotlinx_kotlinx-datetime-jvm 0.7.1
	   |-- org_jetbrains_kotlinx_kotlinx-io-bytestring-jvm 0.8.0
	   |-- org_jetbrains_kotlinx_kotlinx-io-core-jvm 0.8.0
	   |-- org_jetbrains_kotlinx_kotlinx-serialization-cbor-jvm 1.9.0
	   |-- org_jetbrains_kotlinx_kotlinx-serialization-core-jvm 1.9.0
	   \-- org_jetbrains_kotlinx_kotlinx-serialization-json-jvm 1.9.0
	- fabricloader 0.18.4
	   \-- mixinextras 0.5.0
	- farmersdelight 1.21.1-3.2.2+refabricated
	   \-- mm 2.3
	- faster-random 5.1.0
	- faux-custom-entity-data 13.0.1
	- ferritecore 7.0.2-hotfix
	- fireworkcapsules 1.1.0+1.21.1
	- forgeconfigapiport 21.1.4
	- ftbchunks 2101.1.13
	- ftblibrary 2101.1.30
	- ftbquests 2101.1.21
	   \-- team_reborn_energy 4.1.0
	- ftbteams 2101.1.9
	- fusion 1.2.11
	- fwaystones 3.3.4+mc1.21.1
	- fzzy_config 0.7.2+1.21
	   |-- blue_endless_jankson 1.2.3
	   |-- fabric-permissions-api-v0 0.3.1
	   \-- net_peanuuutz_tomlkt_tomlkt-jvm 0.3.7
	- geckolib 4.7.6
	- glassential 3.2.5
	- glitchcore 2.1.0.0
	   \-- net_jodah_typetools 0.6.3
	- globalpacks 21.0.6
	- handcrafted 4.0.3
	- hopobetterunderwaterruins 1.2.1
	- iceberg 1.3.2
	- item_obliterator 3.1.1
	- itemrestrictions 1.3.2-1.21.1
	- java 21
	- jei 19.21.2.313
	- jinxedlib 1.0.4
	- jobsplus 1.5.8-1.21.1
	- knowlogy 0.9.1
	- konkrete 1.9.9
	- laserbridges 5.3
	- lavender 0.1.15+1.21
	   |-- lavender-md 0.1.2+1.21
	   \-- lavender-md-owo-ui 0.1.2+1.21
	- leavesbegone 21.1.0
	- legendarymonuments 7.7
	- letsparkour 1.8
	- libraryferret 4.0.0
	- linkedchests 21.1.0
	- lootr 1.21-1.10.35.91
	- mega_showdown 1.5.1+1.7.1+1.21.1-b-8
	- melody 1.0.10
	- mes 2.0.0
	- minecraft 1.21.1
	- mns 2.0.1
	- modernfix 5.25.1+mc1.21.1
	- moogs_structures 1.1.0-1.21-1.21.1-fabric
	- moonlight 1.21-2.20.7
	- moresparkles 1.1
	   |-- adventure-platform-fabric 5.14.1
	   |    |-- net_kyori_adventure-api 4.17.0
	   |    |-- net_kyori_adventure-key 4.17.0
	   |    |-- net_kyori_adventure-platform-api 4.3.3
	   |    |-- net_kyori_adventure-text-logger-slf4j 4.17.0
	   |    |-- net_kyori_adventure-text-minimessage 4.17.0
	   |    |-- net_kyori_adventure-text-serializer-ansi 4.17.0
	   |    |-- net_kyori_adventure-text-serializer-gson 4.17.0
	   |    |-- net_kyori_adventure-text-serializer-json 4.17.0
	   |    |-- net_kyori_adventure-text-serializer-plain 4.17.0
	   |    |-- net_kyori_ansi 1.1.0
	   |    |-- net_kyori_examination-api 1.3.0
	   |    |-- net_kyori_examination-string 1.3.0
	   |    \-- net_kyori_option 1.0.0
	   |-- fabric-permissions-api-v0 0.3.1
	   |-- net_kyori_adventure-text-minimessage 4.17.0
	   |-- polymer-blocks 0.9.18+1.21.1
	   |-- polymer-core 0.9.18+1.21.1
	   |    |-- polymer-networking 0.9.18+1.21.1
	   |    |    \-- polymer-common 0.9.18+1.21.1
	   |    |         \-- packet_tweaker 0.5.5+1.21
	   |    \-- polymer-registry-sync-manipulator 0.9.18+1.21.1
	   \-- polymer-resource-pack 0.9.18+1.21.1
	        \-- polymer-common 0.9.18+1.21.1
	             \-- packet_tweaker 0.5.5+1.21
	- mr_farmers_cuttingohthebiomeswevegone 1.21.1-2.1-fabric
	- mr_farmers_cuttingregionsunexplored 1.21.1-1.1a-fabric
	- mru 1.0.19+LTS+1.21.1+fabric
	   \-- org_commonmark_commonmark 0.21.0
	- mss 2.0.0
	- mtr 1.0.3
	- mvs 5.0.2
	- naturescompass 1.21.1-2.2.7-fabric
	- necronomicon 1.6.0
	- nochatreports 1.21.1-v2.9.1
	- octolib 0.5.0.1
	   \-- org_yaml_snakeyaml 2.2
	- ohthetreesyoullgrow 5.0.14
	- owo 0.12.15.4+1.21
	   |-- io_wispforest_endec 0.1.5.1
	   |-- io_wispforest_endec_gson 0.1.3.1
	   |-- io_wispforest_endec_jankson 0.1.3.1
	   \-- io_wispforest_endec_netty 0.1.2
	- packetfixer 3.3.0
	- ping-wheel 1.10.3
	- player_roles 1.6.13
	   |-- more_codecs 0.3.3+1.20.2
	   \-- player_roles_api 1.6.13
	- playerxp 1.0.4+1.21.1
	- pokeblocks 1.4.0-1.21.1
	- polymer-bundled 0.9.18+1.21.1
	   |-- polymer-autohost 0.9.18+1.21.1
	   |    \-- io_netty_netty-codec-http 4.1.82
	   |-- polymer-blocks 0.9.18+1.21.1
	   |-- polymer-common 0.9.18+1.21.1
	   |    \-- packet_tweaker 0.5.5+1.21
	   |-- polymer-core 0.9.18+1.21.1
	   |    |-- polymer-networking 0.9.18+1.21.1
	   |    |    \-- polymer-common 0.9.18+1.21.1
	   |    |         \-- packet_tweaker 0.5.5+1.21
	   |    \-- polymer-registry-sync-manipulator 0.9.18+1.21.1
	   |-- polymer-resource-pack 0.9.18+1.21.1
	   |    \-- polymer-common 0.9.18+1.21.1
	   |         \-- packet_tweaker 0.5.5+1.21
	   \-- polymer-virtual-entity 0.9.18+1.21.1
	        \-- polymer-common 0.9.18+1.21.1
	             \-- packet_tweaker 0.5.5+1.21
	- polymorph 1.1.0+1.21.1
	   \-- cardinal-components-block 6.1.0
	- prickle 21.1.8
	- puzzleslib 21.1.39
	- rad-gyms 0.3.1-stable
	   \-- admiral 0.4.10+1.21.1
	- rctapi 0.14.3-beta
	- rechiseled 1.1.6+b
	- redirected 1.0.0
	- regions_unexplored 0.5.6.1
	- resourcefullib 3.0.12
	   |-- com_teamresourceful_bytecodecs 1.1.2
	   \-- com_teamresourceful_yabn 1.0.3
	- scholar 1.1.4
	- scoremons 3.1
	- shutter 2.1.2-fabric-1.21.1
	- simpletms 2.3.2
	- sit 1.21-28
	- slide_show 1.0.3-Enhancement-1
	- sootychimneys 1.3.2
	- sophisticatedcore 1.21.1-1.2.9.19.161
	   |-- porting_lib_conditions 3.1.0-beta.47+1.21.1
	   |-- porting_lib_core 3.1.0-beta.47+1.21.1
	   |-- porting_lib_fluids 3.1.0-beta.47+1.21.1
	   |-- porting_lib_item_abilities 3.1.0-beta.47+1.21.1
	   |-- porting_lib_lazy_registration 3.1.0-beta.47+1.21.1
	   |-- porting_lib_level_events 3.1.0-beta.47+1.21.1
	   |-- porting_lib_loot 3.1.0-beta.47+1.21.1
	   |-- porting_lib_model_loader 3.1.0-beta.47+1.21.1
	   |-- porting_lib_render_types 3.1.0-beta.47+1.21.1
	   |-- porting_lib_transfer 3.1.0-beta.47+1.21.1
	   \-- team_reborn_energy 4.1.0
	- sophisticatedstorage 1.21.1-1.3.7.6.127
	- spark 1.10.109
	   \-- fabric-permissions-api-v0 0.3.1
	- sparkle 3.1.0
	- stohuns_vanity_collection 1.0.0
	- stoneworks 21.1.0
	- structurify 1.0.13
	- supermartijn642configlib 1.1.8
	- supermartijn642corelib 1.1.18+a
	- templates 2.5.1+1.21.1
	- terrablender 4.1.0.8
	- the_ruler 1.3
	- tim_core 1.7.1-fabric-1.27.0
	- tlib 1.3.0-1.21.1
	- toms_storage 2.2.4
	   \-- cardinal-components-block 6.1.0
	- tomsstorage_knowlogy 1.1.1
	- totw_modded fabric-1.21-1.0.8
	- treechop 0.19.3a
	- trinkets 3.10.0
	- txnilib 1.0.24
	- uilib 1.0.1-1.21.1
	- vanity 5.0.2
	- visualworkbench 21.1.1
	- voicechat 1.21.1-2.5.35
	   \-- fabric-key-binding-api-v1 1.0.47+0af3f5a76a
	- water_vision 1.3.0
	- worldedit 7.3.8+6939-7d32b45
	- wwoo 2.3.4
	- xercapaint 1.21.1-1.0.1
	- yamlconfig 1.2-1.21
	- yet_another_config_lib_v3 3.7.1+1.21.1-fabric
	   |-- com_twelvemonkeys_common_common-image 3.12.0
	   |-- com_twelvemonkeys_common_common-io 3.12.0
	   |-- com_twelvemonkeys_common_common-lang 3.12.0
	   |-- com_twelvemonkeys_imageio_imageio-core 3.12.0
	   |-- com_twelvemonkeys_imageio_imageio-metadata 3.12.0
	   |-- com_twelvemonkeys_imageio_imageio-webp 3.12.0
	   |-- org_quiltmc_parsers_gson 0.2.1
	   \-- org_quiltmc_parsers_json 0.2.1
	- yungsapi 1.21.1-Fabric-5.1.6
	   |-- org_javassist_javassist 3.29.2-GA
	   \-- org_reflections_reflections 0.10.2
[00:12:54] [main/WARN]: Found 1 non-fabric mod:
	- cobble_contests-neoforge-1.0.6.jar
[00:12:54] [main/INFO]: SpongePowered MIXIN Subsystem Version=0.8.7 Source=file:/home/container/libraries/net/fabricmc/sponge-mixin/0.17.0+mixin.0.8.7/sponge-mixin-0.17.0+mixin.0.8.7.jar Service=Knot/Fabric Env=SERVER
[00:12:54] [main/INFO]: Compatibility level set to JAVA_17
[00:12:54] [main/INFO]: Compatibility level set to JAVA_21
[00:12:54] [main/WARN]: Reference map 'advancementframes-common-refmap.json' for advancementframes-common.mixins.json could not be read. If this is a development environment you can ignore this message
[00:12:55] [main/WARN]: Reference map 'craftingtweaks.refmap.json' for craftingtweaks.mixins.json could not be read. If this is a development environment you can ignore this message
[00:12:55] [main/WARN]: Reference map 'craftingtweaks.refmap.json' for craftingtweaks.fabric.mixins.json could not be read. If this is a development environment you can ignore this message
[00:12:55] [main/WARN]: Reference map 'elevatorid-common-common-refmap.json' for elevatorid.mixins.json could not be read. If this is a development environment you can ignore this message
[00:12:55] [main/WARN]: Reference map 'exposure_expanded-common-common-refmap.json' for exposure_expanded.mixins.json could not be read. If this is a development environment you can ignore this message
[00:12:55] [main/WARN]: Reference map 'forgeconfigapiport.common.refmap.json' for forgeconfigapiport.common.mixins.json could not be read. If this is a development environment you can ignore this message
[00:12:55] [main/INFO]: File exists, reading config for elocindev.item_obliterator.fabric_quilt.config.ConfigEntries.
[00:12:55] [main/INFO]: Config for elocindev.item_obliterator.fabric_quilt.config.ConfigEntries read successfully.
[00:12:55] [main/WARN]: Reference map 'leavesbegone.fabric.refmap.json' for leavesbegone.fabric.mixins.json could not be read. If this is a development environment you can ignore this message
[00:12:55] [main/WARN]: Reference map 'linkedchests.common.refmap.json' for linkedchests.common.mixins.json could not be read. If this is a development environment you can ignore this message
[00:12:55] [main/WARN]: Reference map 'linkedchests.fabric.refmap.json' for linkedchests.fabric.mixins.json could not be read. If this is a development environment you can ignore this message
[00:12:55] [main/INFO]: Loaded configuration file for ModernFix 5.25.1+mc1.21.1: 65 options available, 1 override(s) found
[00:12:55] [main/WARN]: Option 'mixin.perf.dynamic_resources' overriden (by user configuration) to 'true'
[00:12:55] [main/INFO]: Applying Nashorn fix
[00:12:55] [main/WARN]: Reference map 'OctoLib-COMMON-common-refmap.json' for octolib-common.mixins.json could not be read. If this is a development environment you can ignore this message
[00:12:55] [main/INFO]: Packet Fixer forge 1.20.5-1.21.X has been applied successfully.
[00:12:55] [main/WARN]: Reference map 'prickle.refmap.json' for prickle.mixins.json could not be read. If this is a development environment you can ignore this message
[00:12:55] [main/WARN]: Reference map 'prickle.refmap.json' for prickle.fabric.mixins.json could not be read. If this is a development environment you can ignore this message
[00:12:55] [main/WARN]: Reference map 'rechiseled.mixins.refmap.json' for rechiseled.mixins.json could not be read. If this is a development environment you can ignore this message
[00:12:55] [main/WARN]: Reference map 'stoneworks.common.refmap.json' for stoneworks.common.mixins.json could not be read. If this is a development environment you can ignore this message
[00:12:55] [main/WARN]: Reference map 'stoneworks.fabric.refmap.json' for stoneworks.fabric.mixins.json could not be read. If this is a development environment you can ignore this message
[00:12:55] [main/WARN]: Reference map 'supermartijn642configlib.mixins.refmap.json' for supermartijn642configlib.mixins.json could not be read. If this is a development environment you can ignore this message
[00:12:55] [main/WARN]: Reference map 'visualworkbench.fabric.refmap.json' for visualworkbench.fabric.mixins.json could not be read. If this is a development environment you can ignore this message
[00:12:55] [main/WARN]: Reference map 'yamlconfig-common-refmap.json' for yamlconfig-common.mixins.json could not be read. If this is a development environment you can ignore this message
[00:12:55] [main/WARN]: Reference map 'yet_another_config_lib_v3.refmap.json' for yacl.mixins.json could not be read. If this is a development environment you can ignore this message
[00:12:55] [main/WARN]: Reference map 'yet_another_config_lib_v3.refmap.json' for yacl-fabric.mixins.json could not be read. If this is a development environment you can ignore this message
[00:12:55] [main/WARN]: Error loading class: net/minecraft/class_906 (java.lang.ClassNotFoundException: net/minecraft/class_906)
[00:12:55] [main/WARN]: @Mixin target net.minecraft.class_906 was not found porting_lib_item_abilities.mixins.json:FishingHookRendererMixin from mod porting_lib_item_abilities
[00:12:55] [main/WARN]: Error loading class: dev/cudzer/cobblemonalphas/entity/spawner/AlphaSpawner (java.lang.ClassNotFoundException: dev/cudzer/cobblemonalphas/entity/spawner/AlphaSpawner)
[00:12:55] [main/WARN]: @Mixin target dev.cudzer.cobblemonalphas.entity.spawner.AlphaSpawner was not found academy-common.mixins.json:alphas.MixinAlphaSpawner from mod academy
[00:12:55] [main/WARN]: Error loading class: cn/leolezury/eternalstarlight/common/world/gen/chunkgenerator/ESChunkGenerator (java.lang.ClassNotFoundException: cn/leolezury/eternalstarlight/common/world/gen/chunkgenerator/ESChunkGenerator)
[00:12:55] [main/WARN]: @Mixin target cn.leolezury.eternalstarlight.common.world.gen.chunkgenerator.ESChunkGenerator was not found academy-common.mixins.json:eternalstarlight.MixinESChunkGenerator from mod academy
[00:12:55] [main/WARN]: Error loading class: com/vecoo/extraquests/storage/quests/TimerProvider (java.lang.ClassNotFoundException: com/vecoo/extraquests/storage/quests/TimerProvider)
[00:12:55] [main/WARN]: @Mixin target com.vecoo.extraquests.storage.quests.TimerProvider was not found academy-common.mixins.json:extraquests.MixinTimerProvider from mod academy
[00:12:55] [main/WARN]: Error loading class: com/vecoo/extraquests/storage/quests/TimerStorage (java.lang.ClassNotFoundException: com/vecoo/extraquests/storage/quests/TimerStorage)
[00:12:55] [main/WARN]: @Mixin target com.vecoo.extraquests.storage.quests.TimerStorage was not found academy-common.mixins.json:extraquests.MixinTimerStorage from mod academy
[00:12:55] [main/WARN]: Error loading class: com/vecoo/extraquests/util/Utils (java.lang.ClassNotFoundException: com/vecoo/extraquests/util/Utils)
[00:12:55] [main/WARN]: @Mixin target com.vecoo.extraquests.util.Utils was not found academy-common.mixins.json:extraquests.MixinUtils from mod academy
[00:12:55] [main/WARN]: Error loading class: me/lemo/fading_clouds/block/FadingCloudBlock (java.lang.ClassNotFoundException: me/lemo/fading_clouds/block/FadingCloudBlock)
[00:12:55] [main/WARN]: @Mixin target me.lemo.fading_clouds.block.FadingCloudBlock was not found academy-common.mixins.json:fadingclouds.MixinFadingCloudBlock from mod academy
[00:12:55] [main/WARN]: Error loading class: com/l33tfox/gliding/util/GliderClientUtil (java.lang.ClassNotFoundException: com/l33tfox/gliding/util/GliderClientUtil)
[00:12:55] [main/WARN]: @Mixin target com.l33tfox.gliding.util.GliderClientUtil was not found academy-common.mixins.json:gliding.MixinGliderClientUtil from mod academy
[00:12:55] [main/WARN]: Error loading class: journeymap/client/model/entity/EntityHelper (java.lang.ClassNotFoundException: journeymap/client/model/entity/EntityHelper)
[00:12:55] [main/WARN]: @Mixin target journeymap.client.model.entity.EntityHelper was not found academy-common.mixins.json:journeymap.MixinEntityHelper from mod academy
[00:12:55] [main/WARN]: Error loading class: com/cobblemon/yajatkaul/mega_showdown/event/ModEvents (java.lang.ClassNotFoundException: com/cobblemon/yajatkaul/mega_showdown/event/ModEvents)
[00:12:55] [main/WARN]: @Mixin target com.cobblemon.yajatkaul.mega_showdown.event.ModEvents was not found academy-common.mixins.json:megashowdown.MixinModEvents from mod academy
[00:12:55] [main/WARN]: Error loading class: com/github/d0ctorleon/mythsandlegends/utils/ForceSpawningUtils (java.lang.ClassNotFoundException: com/github/d0ctorleon/mythsandlegends/utils/ForceSpawningUtils)
[00:12:55] [main/WARN]: @Mixin target com.github.d0ctorleon.mythsandlegends.utils.ForceSpawningUtils was not found academy-common.mixins.json:mythsandlegends.MixinForceSpawningUtils from mod academy
[00:12:55] [main/WARN]: Error loading class: com/github/d0ctorleon/mythsandlegends/utils/FormAndAspectUtils (java.lang.ClassNotFoundException: com/github/d0ctorleon/mythsandlegends/utils/FormAndAspectUtils)
[00:12:55] [main/WARN]: @Mixin target com.github.d0ctorleon.mythsandlegends.utils.FormAndAspectUtils was not found academy-common.mixins.json:mythsandlegends.MixinFormAndAspectUtils from mod academy
[00:12:55] [main/WARN]: Error loading class: com/github/d0ctorleon/mythsandlegends/items/Items (java.lang.ClassNotFoundException: com/github/d0ctorleon/mythsandlegends/items/Items)
[00:12:55] [main/WARN]: @Mixin target com.github.d0ctorleon.mythsandlegends.items.Items was not found academy-common.mixins.json:mythsandlegends.MixinItems from mod academy
[00:12:55] [main/WARN]: Error loading class: com/github/d0ctorleon/mythsandlegends/items/KeyItem (java.lang.ClassNotFoundException: com/github/d0ctorleon/mythsandlegends/items/KeyItem)
[00:12:55] [main/WARN]: @Mixin target com.github.d0ctorleon.mythsandlegends.items.KeyItem was not found academy-common.mixins.json:mythsandlegends.MixinKeyItem from mod academy
[00:12:55] [main/WARN]: Error loading class: com/github/d0ctorleon/mythsandlegends/cobblemon/spawning/condition/keyitem/KeyItemConditions$KeyItem (java.lang.ClassNotFoundException: com/github/d0ctorleon/mythsandlegends/cobblemon/spawning/condition/keyitem/KeyItemConditions$KeyItem)
[00:12:55] [main/WARN]: @Mixin target com.github.d0ctorleon.mythsandlegends.cobblemon.spawning.condition.keyitem.KeyItemConditions$KeyItem was not found academy-common.mixins.json:mythsandlegends.MixinKeyItemConditions from mod academy
[00:12:55] [main/WARN]: Error loading class: com/github/d0ctorleon/mythsandlegends/utils/PlayerDataUtils (java.lang.ClassNotFoundException: com/github/d0ctorleon/mythsandlegends/utils/PlayerDataUtils)
[00:12:55] [main/WARN]: @Mixin target com.github.d0ctorleon.mythsandlegends.utils.PlayerDataUtils was not found academy-common.mixins.json:mythsandlegends.MixinPlayerDataUtils from mod academy
[00:12:55] [main/WARN]: Error loading class: com/github/d0ctorleon/mythsandlegends/events/PlayerEvents (java.lang.ClassNotFoundException: com/github/d0ctorleon/mythsandlegends/events/PlayerEvents)
[00:12:55] [main/WARN]: @Mixin target com.github.d0ctorleon.mythsandlegends.events.PlayerEvents was not found academy-common.mixins.json:mythsandlegends.MixinPlayerEvents from mod academy
[00:12:55] [main/WARN]: Error loading class: com/glisco/numismaticoverhaul/client/gui/PurseLayerElement (java.lang.ClassNotFoundException: com/glisco/numismaticoverhaul/client/gui/PurseLayerElement)
[00:12:55] [main/WARN]: @Mixin target com.glisco.numismaticoverhaul.client.gui.PurseLayerElement was not found academy-common.mixins.json:numismaticoverhaul.MixinPurseLayerElement from mod academy
[00:12:55] [main/WARN]: Error loading class: com/glisco/numismaticoverhaul/block/ShopBlock (java.lang.ClassNotFoundException: com/glisco/numismaticoverhaul/block/ShopBlock)
[00:12:55] [main/WARN]: @Mixin target com.glisco.numismaticoverhaul.block.ShopBlock was not found academy-common.mixins.json:numismaticoverhaul.MixinShopBlock from mod academy
[00:12:55] [main/WARN]: Error loading class: com/glisco/numismaticoverhaul/block/ShopBlockEntity (java.lang.ClassNotFoundException: com/glisco/numismaticoverhaul/block/ShopBlockEntity)
[00:12:55] [main/WARN]: @Mixin target com.glisco.numismaticoverhaul.block.ShopBlockEntity was not found academy-common.mixins.json:numismaticoverhaul.MixinShopBlockEntity from mod academy
[00:12:55] [main/WARN]: Error loading class: com/scouter/cobblemonoutbreaks/portal/entity/OutbreakPortalEntity (java.lang.ClassNotFoundException: com/scouter/cobblemonoutbreaks/portal/entity/OutbreakPortalEntity)
[00:12:55] [main/WARN]: @Mixin target com.scouter.cobblemonoutbreaks.portal.entity.OutbreakPortalEntity was not found academy-common.mixins.json:outbreaks.MixinOutbreakPortalEntity from mod academy
[00:12:55] [main/WARN]: Error loading class: com/scouter/cobblemonoutbreaks/util/PortalUtils (java.lang.ClassNotFoundException: com/scouter/cobblemonoutbreaks/util/PortalUtils)
[00:12:55] [main/WARN]: @Mixin target com.scouter.cobblemonoutbreaks.util.PortalUtils was not found academy-common.mixins.json:outbreaks.MixinPortalUtils from mod academy
[00:12:55] [main/WARN]: Error loading class: dev/darcosse/chimeras/fabric/entity/WormholeEntity (java.lang.ClassNotFoundException: dev/darcosse/chimeras/fabric/entity/WormholeEntity)
[00:12:55] [main/WARN]: @Mixin target dev.darcosse.chimeras.fabric.entity.WormholeEntity was not found academy-common.mixins.json:ultrabeasts.MixinWormholeEntity from mod academy
[00:12:55] [main/WARN]: Error loading class: net/minecraft/class_310 (java.lang.ClassNotFoundException: net/minecraft/class_310)
[00:12:55] [main/WARN]: @Mixin target net.minecraft.class_310 was not found academy-fabric.mixins.json:MixinMinecraftClient from mod academy
[00:12:55] [main/WARN]: Error loading class: net/minecraft/class_4224 (java.lang.ClassNotFoundException: net/minecraft/class_4224)
[00:12:55] [main/WARN]: @Mixin target net.minecraft.class_4224 was not found mixins.cobblemon-common.json:ChannelMixin from mod cobblemon
[00:12:55] [main/WARN]: Error loading class: juuxel/adorn/block/variant/BlockVariantSets (java.lang.ClassNotFoundException: juuxel/adorn/block/variant/BlockVariantSets)
[00:12:55] [main/WARN]: @Mixin target juuxel.adorn.block.variant.BlockVariantSets was not found mixins.cobblemon-common.json:invoker.AdornRegisterInvoker from mod cobblemon
[00:12:55] [main/WARN]: Error loading class: net/minecraft/class_1140 (java.lang.ClassNotFoundException: net/minecraft/class_1140)
[00:12:55] [main/WARN]: @Mixin target net.minecraft.class_1140 was not found mixins.cobblemon-fabric.json:FabricSoundEngineMixin from mod cobblemon
[00:12:55] [main/WARN]: Error loading class: traben/entity_model_features/models/animation/EMFAnimationEntityContext (java.lang.ClassNotFoundException: traben/entity_model_features/models/animation/EMFAnimationEntityContext)
[00:12:55] [main/INFO]: Loading Faster Random.
[00:12:55] [main/WARN]: Error loading class: net/minecraft/class_287 (java.lang.ClassNotFoundException: net/minecraft/class_287)
[00:12:55] [main/WARN]: @Mixin target net.minecraft.class_287 was not found owo.mixins.json:BufferBuilderAccessor from mod owo
[00:12:55] [main/WARN]: Error loading class: net/minecraft/class_437 (java.lang.ClassNotFoundException: net/minecraft/class_437)
[00:12:55] [main/WARN]: @Mixin target net.minecraft.class_437 was not found owo.mixins.json:ScreenAccessor from mod owo
[00:12:55] [main/WARN]: Error loading class: xyz/nucleoid/server/translations/impl/language/SystemDelegatedLanguage (java.lang.ClassNotFoundException: xyz/nucleoid/server/translations/impl/language/SystemDelegatedLanguage)
[00:12:55] [main/WARN]: Error loading class: net/minecraft/class_638 (java.lang.ClassNotFoundException: net/minecraft/class_638)
[00:12:55] [main/WARN]: @Mixin target net.minecraft.class_638 was not found porting_lib_level_events.mixins.json:client.ClientLevelMixin from mod porting_lib_level_events
[00:12:55] [main/WARN]: Error loading class: com/aetherteam/aether/event/listeners/EntityListener (java.lang.ClassNotFoundException: com/aetherteam/aether/event/listeners/EntityListener)
[00:12:55] [main/WARN]: @Mixin target com.aetherteam.aether.event.listeners.EntityListener was not found rad-gyms.mixins.json:server.compat.OnAetherEntityInteract from mod rad-gyms
[00:12:55] [main/WARN]: @Mixin target net.minecraft.class_310 was not found templates.mixins.json:MinecraftAccessor from mod templates
[00:12:56] [main/INFO]: Initializing MixinExtras via com.llamalad7.mixinextras.service.MixinExtrasServiceImpl(version=0.5.0).
[00:12:58] [main/WARN]: Method overwrite conflict for scheduleRandomTick in ohthetreesyoullgrow.mixins.json:chunk.MixinChunkAccess from mod ohthetreesyoullgrow, previously written by corgitaco.corgilib.mixin.chunk.MixinChunkAccess. Skipping method.
[00:12:58] [main/WARN]: Method overwrite conflict for getScheduledRandomTicks in ohthetreesyoullgrow.mixins.json:chunk.MixinChunkAccess from mod ohthetreesyoullgrow, previously written by corgitaco.corgilib.mixin.chunk.MixinChunkAccess. Skipping method.
[00:13:00] [main/INFO]: Vanilla bootstrap took 3453 milliseconds
[00:13:00] [main/INFO]: Loaded config for: cupboard.json
[00:13:00] [main/INFO]: Loaded config enchantmentdisabler:config in 183ms
[00:13:00] [main/INFO]: [Regions Unexplored] generating and loading config
[00:13:01] [main/INFO]: Registering C2S receiver with id academy:update_better_structure_block_c2s
[00:13:01] [main/INFO]: Registering C2S receiver with id academy:update_outfit_c2s
[00:13:01] [main/INFO]: Registering C2S receiver with id academy:select_booster_pack_c2s
[00:13:01] [main/INFO]: Registering C2S receiver with id academy:sacrifice_pokedex_c2s
[00:13:01] [main/INFO]: Registering C2S receiver with id academy:broadcast_item_c2s
[00:13:01] [main/INFO]: Registering C2S receiver with id academy:confirm_acceptance_letter_c2s
[00:13:01] [main/INFO]: Registering C2S receiver with id academy:toggle_armor_display_c2s
[00:13:01] [main/ERROR]: No data fixer registered for star_badge
[00:13:01] [main/ERROR]: No data fixer registered for dueling_glove
[00:13:01] [main/ERROR]: No data fixer registered for slingshot
[00:13:01] [main/ERROR]: No data fixer registered for partner_npc
[00:13:01] [main/ERROR]: No data fixer registered for safari_npc
[00:13:01] [main/ERROR]: No data fixer registered for nurse_npc
[00:13:01] [main/ERROR]: No data fixer registered for card_grader_npc
[00:13:01] [main/ERROR]: No data fixer registered for shooting_star
[00:13:01] [main/INFO]: Setting up compat modules for Accessories!
[00:13:01] [main/INFO]: Registered Trinkets Reloaded Listeners
[00:13:01] [main/INFO]: Loaded config file: arc-common.yaml
[00:13:01] [main/INFO]: Saved config file: arc-common.yaml
[00:13:01] [main/ERROR]: No data fixer registered for arts_and_crafts:floating_block
[00:13:01] [main/ERROR]: No data fixer registered for arts_and_crafts:boat
[00:13:01] [main/ERROR]: No data fixer registered for arts_and_crafts:chest_boat
[00:13:02] [main/INFO]: Better Compatibility Checker starting
[00:13:02] [main/INFO]: Loading config file
[00:13:02] [main/INFO]: Config file loaded
[00:13:02] [main/INFO]: Initializing network...
[00:13:02] [main/INFO]: Initialized network!
[00:13:02] [main/INFO]: Registering Oh The Biomes We've Gone data components
[00:13:02] [main/ERROR]: No data fixer registered for man_o_war
[00:13:02] [main/ERROR]: No data fixer registered for pumpkin_warden
[00:13:02] [main/ERROR]: No data fixer registered for oddion
[00:13:02] [main/ERROR]: No data fixer registered for wreath
[00:13:02] [main/INFO]: Registering Oh The Biomes We've Gone items
[00:13:02] [main/INFO]: Registering Oh The Biomes We've Gone Blocks
[00:13:02] [main/INFO]: Registering Oh The Biomes We've Gone Wood
[00:13:02] [main/ERROR]: No data fixer registered for biomeswevegone:sign
[00:13:02] [main/ERROR]: No data fixer registered for biomeswevegone:hanging_sign
[00:13:02] [main/ERROR]: No data fixer registered for biomeswevegone:pumpkin_burrow
[00:13:02] [main/INFO]: Registering Oh The Biomes We've Gone Block Entities
[00:13:02] [main/INFO]: Registering Oh The Biomes We've Gone Entities
[00:13:02] [main/INFO]: Registering Oh The Biomes We've Gone Creative Tabs
[00:13:02] [main/INFO]: Registering Oh The Biomes We've Gone Sounds
[00:13:02] [main/INFO]: Registering Oh The Biomes We've Gone Block Predicate
[00:13:02] [main/INFO]: Registering Oh The Biomes We've Gone State Providers
[00:13:02] [main/INFO]: Registering Oh The Biomes We've Gone Tree Decorators
[00:13:02] [main/INFO]: Registering Oh The Biomes We've Gone Custom Features
[00:13:02] [main/INFO]: Registering Oh The Biomes We've Gone Structure Pieces
[00:13:02] [main/INFO]: Registering Oh The Biomes We've Gone Custom Structure Types
[00:13:02] [main/INFO]: Registering Oh The Biomes We've Gone Configured Features
[00:13:02] [main/INFO]: Creating and Registering Overworld Vegetation Configured Features
[00:13:02] [main/INFO]: Registering Oh The Biomes We've Gone Tree Configured Features
[00:13:02] [main/INFO]: Creating and Registering Vanilla Configured Features
[00:13:02] [main/INFO]: Registering Oh The Biomes You'll Go Overworld Configured Features
[00:13:02] [main/INFO]: Registering Oh The Biomes We've Gone Placed Features
[00:13:02] [main/INFO]: Creating and Registering Overworld Tree Placed Features
[00:13:02] [main/INFO]: Creating and Registering Overworld Vegetation Placed Features
[00:13:02] [main/INFO]: Creating and Registering Vanilla Placed Features
[00:13:02] [main/INFO]: Registering Oh The Biomes We've Gone Custom Surface Rules
[00:13:02] [main/INFO]: Registering Oh The Biomes We've Gone Template Pools
[00:13:02] [main/INFO]: Registering Oh The Biome's We've Gone Village Template Pools
[00:13:02] [main/INFO]: Registering Oh The Biomes We've Gone Poi Types
[00:13:02] [main/INFO]: Registering Oh The Biomes We've Gone Villager Professions
[00:13:02] [main/INFO]: Registering Oh The Biomes We've Gone Custom Structure Processors
[00:13:02] [main/INFO]: Registering Oh The Biomes We've Gone villager types
[00:13:02] [main/INFO]: Registering Oh The Biomes We've Gone Schedules
[00:13:02] [main/INFO]: Registering Oh The Biomes We've Gone Memory Module Types
[00:13:02] [main/INFO]: Registering Oh The Biomes We've Gone Sensor Types
[00:13:02] [main/INFO]: Registering Oh The Biomes We've Gone Map Decoration Types
[00:13:02] [main/INFO]: Registering Oh The Biomes We've Gone Entity SubPredicates
[00:13:02] [main/INFO]: Creating and Registering BWG Biome Modifiers for Vanilla Biomes
[00:13:03] [main/INFO]: [Chalk 2.2.1-release.1] Initializing Chalk...
[00:13:03] [main/INFO]: [Chalk 2.2.1-release.1] Registering blocks and items...
[00:13:03] [main/INFO]: [Chalk 2.2.1-release.1] Finished initializing Chalk!
[00:13:03] [main/INFO]: Registering C2S receiver with id cobblefurnies:craft_recipe
[00:13:03] [main/WARN]: Error loading class: net/minecraft/class_1132 (java.lang.ClassNotFoundException: net/minecraft/class_1132)
[00:13:03] [main/INFO]: Booting LaxPermissionValidator, permissions will be checked using Minecrafts permission level system, see https://minecraft.fandom.com/wiki/Permission_level
[00:13:03] [main/INFO]: Launching Cobblemon 1.7.1 
[00:13:03] [main/INFO]: Booting FabricPermissionValidator, permissions will be checked using fabric-permissions-api, see https://github.com/lucko/fabric-permissions-api
[00:13:03] [main/ERROR]: No data fixer registered for cobblemon:pokemon
[00:13:03] [main/ERROR]: No data fixer registered for cobblemon:empty_pokeball
[00:13:03] [main/ERROR]: No data fixer registered for cobblemon:boat
[00:13:03] [main/ERROR]: No data fixer registered for cobblemon:chest_boat
[00:13:03] [main/ERROR]: No data fixer registered for cobblemon:poke_bobber
[00:13:03] [main/ERROR]: No data fixer registered for cobblemon:generic_bedrock
[00:13:03] [main/ERROR]: No data fixer registered for cobblemon:npc
[00:13:03] [main/INFO]: Starting the Best Spawner...
[00:13:03] [main/INFO]: Loaded 7 spawning condition types.
[00:13:03] [main/INFO]: Loaded 6 spawnable position types.
[00:13:03] [main/INFO]: Loaded 3 spawn detail types.
[00:13:03] [Cobblemon Showdown/INFO]: Starting showdown service...
[00:13:03] [Cobblemon Showdown/INFO]: Loaded fallback file: ./showdown/data/moves.js
[00:13:03] [Cobblemon Showdown/INFO]: Loaded fallback file: ./showdown/sim/battle-actions.js
[00:13:03] [Cobblemon Showdown/INFO]: Loaded fallback file: ./showdown/sim/pokemons.js
[00:13:03] [Cobblemon Showdown/INFO]: Loaded fallback file: ./showdown/data/abilities.js
[00:13:03] [Cobblemon Showdown/INFO]: Loaded fallback file: ./showdown/sim/side.js
[00:13:03] [Cobblemon Showdown/INFO]: Loaded fallback file: ./showdown/data/conditions.js
[00:13:03] [Cobblemon Showdown/INFO]: Loaded fallback file: ./showdown/index.js
[00:13:03] [Cobblemon Showdown/INFO]: All files are ready!
[00:13:05] [Cobblemon Showdown/INFO]: Showdown has been started!
[00:13:05] [main/INFO]: Note: Cobblemon data registries are only loaded once per server instance as Pokémon species are not safe to reload.
[00:13:05] [main/INFO]: Registered the mega_showdown:showdown/conditions registry
[00:13:05] [main/INFO]: Registered the mega_showdown:showdown/held_items registry
[00:13:05] [main/INFO]: Registered the mega_showdown:showdown/typecharts registry
[00:13:05] [main/INFO]: Registered the mega_showdown:showdown/scripts registry
[00:13:05] [main/INFO]: Registered the cobblemon:molang registry
[00:13:05] [main/INFO]: Registered the cobblemon:species_features registry
[00:13:05] [main/INFO]: Registered the cobblemon:global_species_features registry
[00:13:05] [main/INFO]: Registered the cobblemon:species_feature_assignments registry
[00:13:05] [main/INFO]: Registered the cobblemon:action_effects registry
[00:13:05] [main/INFO]: Registered the cobblemon:moves registry
[00:13:05] [main/INFO]: Registered the cobblemon:abilities registry
[00:13:05] [main/INFO]: Registered the cobblemon:behaviours registry
[00:13:05] [main/INFO]: Registered the cobblemon:species registry
[00:13:05] [main/INFO]: Registered the cobblemon:species_additions registry
[00:13:05] [main/INFO]: Registered the cobblemon:pokeballs registry
[00:13:05] [main/INFO]: Registered the cobblemon:properties_tab_completion registry
[00:13:05] [main/INFO]: Registered the cobblemon:spawn_detail_presets registry
[00:13:05] [main/INFO]: Registered the cobblemon:spawn_rules registry
[00:13:05] [main/INFO]: Registered the cobblemon:mechanics registry
[00:13:05] [main/INFO]: Registered the cobblemon:bag_items registry
[00:13:05] [main/INFO]: Registered the cobblemon:held_items registry
[00:13:05] [main/INFO]: Registered the cobblemon:dialogues registry
[00:13:05] [main/INFO]: Registered the cobblemon:natural_materials registry
[00:13:05] [main/INFO]: Registered the cobblemon:fossils registry
[00:13:05] [main/INFO]: Registered the cobblemon:npc_preset registry
[00:13:05] [main/INFO]: Registered the cobblemon:npc registry
[00:13:05] [main/INFO]: Registered the cobblemon:dex_entries registry
[00:13:05] [main/INFO]: Registered the cobblemon:dex_entry_additions registry
[00:13:05] [main/INFO]: Registered the cobblemon:dexes registry
[00:13:05] [main/INFO]: Registered the cobblemon:dex_additions registry
[00:13:05] [main/INFO]: Registered the cobblemon:cosmetic_items registry
[00:13:05] [main/INFO]: Registered the cobblemon:callbacks registry
[00:13:05] [main/INFO]: Registered the cobblemon:unlockable_pc_box_wallpapers registry
[00:13:05] [main/INFO]: Registered the cobblemon:marks registry
[00:13:05] [main/INFO]: Registered the cobblemon:starters registry
[00:13:05] [main/INFO]: Registered the cobblemon:spawn_pool_world registry
[00:13:05] [main/INFO]: Registered the cobblemon:pokerods registry
[00:13:05] [main/INFO]: Registered the cobblemon:berries registry
[00:13:05] [main/INFO]: Registered the cobblemon:seasonings registry
[00:13:05] [main/INFO]: Registered the cobblemon:pokemon_interactions registry
[00:13:05] [main/INFO]: Registered the cobblemon:spawn_bait_effects registry
[00:13:05] [main/INFO]: Registered the cobblemon:ride_settings registry
[00:13:05] [main/INFO]: Battle Factory event handlers registered successfully
[00:13:05] [main/INFO]: Loaded Battle Factory Tower config: §6§lDelta Battle Tower with 7 arenas
[00:13:05] [main/INFO]: CobblemonSpawnAlerts server initializing...
[00:13:05] [main/INFO]: Config file `server.json` loaded successfully.
[00:13:05] [main/INFO]: Config file `server.json` saved successfully.
[00:13:05] [main/INFO]: Cobblemon Wonder Trade initializing...
[00:13:05] [main/INFO]: Initialising cobblemonraiddens
[00:13:05] [main/INFO]: Registering Mod Blocks for cobblemontrialsedition
[00:13:05] [main/INFO]: Registering Block Entities for cobblemontrialsedition
[00:13:05] [main/INFO]: Registering Particles for cobblemontrialsedition
[00:13:05] [main/INFO]: Registering Potions for cobblemontrialsedition
[00:13:05] [main/INFO]: Registering Mod Sounds forcobblemontrialsedition
[00:13:05] [main/INFO]: Registering Item Groups for cobblemontrialsedition
[00:13:05] [main/INFO]: Registered the cobblenav:biome_platforms registry
[00:13:05] [main/INFO]: Loading Collective version 8.3.
[00:13:05] [main/INFO]: Initialized entity types.
[00:13:05] [main/INFO]: Register Custom Payloads for Networking.
[00:13:05] [main/INFO]: ConstructionWand says hello - may the odds be ever in your favor.
[00:13:05] [main/INFO]: Registering Mod Items for cozyhome
[00:13:05] [main/INFO]: Registering ModBlocks for cozyhome
[00:13:05] [main/INFO]: Registering block entities for cozyhome
[00:13:05] [main/INFO]: Registering Item Groups for cozyhome
[00:13:05] [main/INFO]: Registering Sounds for cozyhome
[00:13:05] [main/INFO]: Registering Mod Data Components for cozyhome
[00:13:05] [main/INFO]: Initiating crd_broadcasts
[00:13:05] [main/INFO]: Initiating crd_converters
[00:13:05] [main/INFO]: Loaded config :emi_loot_config in 58ms
[00:13:06] [main/INFO]: Exposure Polaroid hook successful.
[00:13:06] [main/INFO]: Loaded config farmersdelight-common.json
[00:13:06] [main/INFO]: Initiating fireworkcapsules
[00:13:06] [main/INFO]: Registering C2S receiver with id ftbchunks:request_chunk_change_packet
[00:13:06] [main/INFO]: Registering C2S receiver with id ftbchunks:request_map_data_packet
[00:13:06] [main/INFO]: Registering C2S receiver with id ftbchunks:teleport_from_map_packet
[00:13:06] [main/INFO]: Registering C2S receiver with id ftbchunks:update_force_load_expiry_packet
[00:13:06] [main/INFO]: Registering C2S receiver with id ftbchunks:sync_tx_packet
[00:13:06] [main/INFO]: Registering C2S receiver with id ftbchunks:share_waypoint_packet
[00:13:06] [main/INFO]: Registering C2S receiver with id ftblibrary:edit_nbt_response
[00:13:06] [main/INFO]: Registering C2S receiver with id ftblibrary:sync_config_to_server_packet
[00:13:06] [main/INFO]: Registering C2S receiver with id ftbquests:change_chapter_group_message
[00:13:06] [main/INFO]: Registering C2S receiver with id ftbquests:change_progress_message
[00:13:06] [main/INFO]: Registering C2S receiver with id ftbquests:claim_all_rewards_message
[00:13:06] [main/INFO]: Registering C2S receiver with id ftbquests:claim_choice_reward_message
[00:13:06] [main/INFO]: Registering C2S receiver with id ftbquests:claim_reward_message
[00:13:06] [main/INFO]: Registering C2S receiver with id ftbquests:copy_chapter_image_message
[00:13:06] [main/INFO]: Registering C2S receiver with id ftbquests:copy_quest_message
[00:13:06] [main/INFO]: Registering C2S receiver with id ftbquests:create_object_message
[00:13:06] [main/INFO]: Registering C2S receiver with id ftbquests:create_task_at_message
[00:13:06] [main/INFO]: Registering C2S receiver with id ftbquests:delete_object_message
[00:13:06] [main/INFO]: Registering C2S receiver with id ftbquests:edit_object_message
[00:13:06] [main/INFO]: Registering C2S receiver with id ftbquests:force_save_message
[00:13:06] [main/INFO]: Registering C2S receiver with id ftbquests:give_item_to_player
[00:13:06] [main/INFO]: Registering C2S receiver with id ftbquests:get_emergency_items_message
[00:13:06] [main/INFO]: Registering C2S receiver with id ftbquests:move_chapter_group_message
[00:13:06] [main/INFO]: Registering C2S receiver with id ftbquests:move_chapter_message
[00:13:06] [main/INFO]: Registering C2S receiver with id ftbquests:move_movable_message
[00:13:06] [main/INFO]: Registering C2S receiver with id ftbquests:reorder_item
[00:13:06] [main/INFO]: Registering C2S receiver with id ftbquests:request_team_data_message
[00:13:06] [main/INFO]: Registering C2S receiver with id ftbquests:request_translation_table
[00:13:06] [main/INFO]: Registering C2S receiver with id ftbquests:set_custom_image_message
[00:13:06] [main/INFO]: Registering C2S receiver with id ftbquests:submit_task_message
[00:13:06] [main/INFO]: Registering C2S receiver with id ftbquests:sync_structures_request_message
[00:13:06] [main/INFO]: Registering C2S receiver with id ftbquests:sync_translation_to_server
[00:13:06] [main/INFO]: Registering C2S receiver with id ftbquests:block_config_response_message
[00:13:06] [main/INFO]: Registering C2S receiver with id ftbquests:toggle_editing_mode_message
[00:13:06] [main/INFO]: Registering C2S receiver with id ftbquests:toggle_pinned_message
[00:13:06] [main/INFO]: Registering C2S receiver with id ftbteams:open_gui
[00:13:06] [main/INFO]: Registering C2S receiver with id ftbteams:update_properties_request
[00:13:06] [main/INFO]: Registering C2S receiver with id ftbteams:send_message
[00:13:06] [main/INFO]: Registering C2S receiver with id ftbteams:create_party
[00:13:06] [main/INFO]: Registering C2S receiver with id ftbteams:player_gui_operation
[00:13:06] [main/INFO]: Registering C2S receiver with id ftbteams:toggle_chat_redirection
[00:13:06] [main/INFO]: Is initializing.
[00:13:06] [main/INFO]: Has successfully been initialized.
[00:13:06] [main/INFO]: Loading Glassential Renewed - Fabric
[00:13:06] [main/ERROR]: No data fixer registered for handcrafted
[00:13:06] [main/INFO]: File exists, reading config for elocindev.item_obliterator.fabric_quilt.config.ConfigEntries.
[00:13:06] [main/INFO]: Config for elocindev.item_obliterator.fabric_quilt.config.ConfigEntries read successfully.
[00:13:06] [main/INFO]: Item Obliterator Config Loaded
[00:13:06] [main/INFO]: Loaded config file: item-restrictions-common.yaml
[00:13:06] [main/INFO]: Saved config file: item-restrictions-common.yaml
[00:13:06] [main/INFO]: Loaded config file: jobsplus-common.yaml
[00:13:06] [main/INFO]: Saved config file: jobsplus-common.yaml
[00:13:06] [main/INFO]: Registering C2S receiver with id jobsplus:serverbound_toggle_powerup
[00:13:06] [main/INFO]: Registering C2S receiver with id jobsplus:serverbound_start_job
[00:13:06] [main/INFO]: Registering C2S receiver with id jobsplus:serverbound_start_powerup
[00:13:06] [main/INFO]: Registering C2S receiver with id jobsplus:serverbound_request_jobs
[00:13:06] [main/INFO]: Registering C2S receiver with id jobsplus:serverbound_open_jobs_screen
[00:13:06] [main/INFO]: [KONKRETE] Loading v1.9.9 in server-side mode on FABRIC!
[00:13:06] [main/INFO]: ---------------------------
[00:13:06] [main/INFO]: KONKRETE SHIPS AND USES THE FOLLOWING LIBRARIES:
[00:13:06] [main/INFO]:  
[00:13:06] [main/INFO]: Open Imaging Copyright © 2014 Dhyan Blum.
[00:13:06] [main/INFO]: Open Imaging is licensed under Apache-2.0.
[00:13:06] [main/INFO]:  
[00:13:06] [main/INFO]: JsonPath Copyright © 2017 Jayway.
[00:13:06] [main/INFO]: JsonPath is licensed under Apache-2.0.
[00:13:06] [main/INFO]:  
[00:13:06] [main/INFO]: Json-smart Copyright © netplex.
[00:13:06] [main/INFO]: Json-smart is licensed under Apache-2.0.
[00:13:06] [main/INFO]:  
[00:13:06] [main/INFO]: Exp4j Copyright © Frank Asseg.
[00:13:06] [main/INFO]: Exp4j is licensed under Apache-2.0. https://github.com/fasseg/exp4j
[00:13:06] [main/INFO]: ---------------------------
[00:13:06] [main/INFO]: [KONKRETE] Server-side modules initialized and ready to use!
[00:13:06] [main/INFO]: Constructing common components for leavesbegone:main
[00:13:06] [main/INFO]: Initializing Legendary Monuments mod!
[00:13:06] [main/INFO]: Registering mod entities for legendarymonuments
[00:13:06] [main/INFO]: Registered alternative Distortion World chunk generator
[00:13:06] [main/INFO]: Registering Distortion World dimension
[00:13:06] [main/INFO]: Registering Hall of Origin void dimension
[00:13:06] [main/INFO]: Registered Azure Flute teleporter callbacks
[00:13:06] [main/INFO]: Registered server locate request handler
[00:13:06] [main/INFO]: Registering screen handlers for legendarymonuments
[00:13:06] [main/INFO]: Registering structures for map discovery
[00:13:06] [main/INFO]: Registering Southern Island structure for map discovery
[00:13:06] [main/INFO]: Created structure tag: TagKey[minecraft:worldgen/structure / legendarymonuments:southern_island]
[00:13:06] [main/INFO]: Southern Island structure ID: legendarymonuments:southern_island
[00:13:06] [main/INFO]: Structure registry key: ResourceKey[minecraft:worldgen/structure / legendarymonuments:southern_island]
[00:13:06] [main/INFO]: Registering Villager Types for legendarymonuments
[00:13:06] [main/INFO]: Registering Villagers for legendarymonuments
[00:13:06] [main/INFO]: Registered data component types for Legendary Monuments
[00:13:06] [main/INFO]: Registered Distortion Sign Block Entities
[00:13:06] [main/INFO]: Registering Block Entities for legendarymonuments
[00:13:06] [main/INFO]: Registered Pedestal Block Entities
[00:13:06] [main/INFO]: Registered Legendary Pokemon Pedestal Block Entities
[00:13:06] [main/INFO]: Registered Latias Pedestal Block Entity
[00:13:06] [main/INFO]: Registered Eternatus Cocoon Block Entity
[00:13:06] [main/INFO]: Registered Meltan Box Block Entity
[00:13:06] [main/INFO]: Registered Dual Pedestal Block Entities
[00:13:06] [main/INFO]: Registered Victini Lock Block Entity
[00:13:06] [main/INFO]: Registered Dream String drop handler
[00:13:06] [main/INFO]: Registered Arceus event handler (faint/capture -> teleport from Hall of Origin)
[00:13:06] [main/INFO]: Registering world generation features...
[00:13:06] [main/INFO]: Registered footprint feature
[00:13:06] [main/INFO]: Registered cosmic dust feature
[00:13:06] [main/INFO]: Registered stake feature
[00:13:06] [main/INFO]: Registered Ilex Shrine feature
[00:13:06] [main/INFO]: Registering Block Entities for legendarymonuments
[00:13:06] [main/INFO]: Registered Pedestal Block Entities
[00:13:06] [main/INFO]: Registered Legendary Pokemon Pedestal Block Entities
[00:13:06] [main/INFO]: Registered Latias Pedestal Block Entity
[00:13:06] [main/INFO]: Registered Eternatus Cocoon Block Entity
[00:13:06] [main/INFO]: Registered Meltan Box Block Entity
[00:13:06] [main/INFO]: Registered Dual Pedestal Block Entities
[00:13:06] [main/INFO]: Registered Victini Lock Block Entity
[00:13:06] [main/INFO]: Registered footprint feature
[00:13:06] [main/INFO]: Registered footprint placements for all overworld biomes
[00:13:06] [main/INFO]: Registered Ilex Shrine feature
[00:13:06] [main/INFO]: Registered Ilex Shrine placements for spooky biomes
[00:13:06] [main/INFO]: Registered stake feature
[00:13:06] [main/INFO]: Registered stake placements for all nether biomes
[00:13:06] [main/INFO]: Registered cosmic dust feature
[00:13:06] [main/INFO]: Registered cosmic dust placements for all End biomes
[00:13:06] [main/INFO]: Registering ore generation...
[00:13:06] [main/INFO]: Registering ModPlacedFeatures for legendarymonuments
[00:13:06] [main/INFO]: Registering Ancient Rubble ore placed features
[00:13:06] [main/INFO]: Registering Galar Particle ore placed features
[00:13:06] [main/INFO]: Applying ore generation to biomes...
[00:13:06] [main/INFO]: Registering ore generation features...
[00:13:06] [main/INFO]: Adding Ancient Rubble ore features to biomes
[00:13:06] [main/INFO]: Successfully registered Ancient Rubble ore features
[00:13:06] [main/INFO]: Adding Galar Particle ore features to biomes
[00:13:06] [main/INFO]: Successfully registered Galar Particle ore features
[00:13:06] [main/INFO]: Footprint tracking system initialized. Players will need to find 50 of each footprint type.
[00:13:06] [main/INFO]: Legendary Monuments mod initialization complete!
[00:13:06] [main/INFO]: Initialize mod Library Ferret
[00:13:06] [main/INFO]: Initialized mod Library Ferret
[00:13:06] [main/INFO]: Constructing common components for linkedchests:main
[00:13:06] [main/INFO]: Registering C2S receiver with id mega_showdown:mega_evo
[00:13:06] [main/INFO]: Registering C2S receiver with id mega_showdown:ultra_burst
[00:13:06] [main/INFO]: Registering C2S receiver with id mega_showdown:secret_sword_move_swap
[00:13:06] [main/WARN]: [MELODY] Disabling Melody since it's loaded server-side.
[00:13:06] [main/INFO]: Definitely not up to no good
[00:13:07] [main/INFO]: Necronomicon Initialized
[00:13:07] [main/INFO]: File exists, reading config for elocindev.necronomicon.NecronomiconConfig.
[00:13:07] [main/INFO]: Config for elocindev.necronomicon.NecronomiconConfig read successfully.
[00:13:07] [main/INFO]: Blodhgarm: Did you know it took four switcheroos to implement MatrixStackTransformer in the correct package?
[00:13:07] [main/INFO]: [Ping-Wheel] Init
[00:13:07] [main/INFO]: [Ping-Wheel] Loaded ServerConfig(defaultChannelMode=auto, playerTrackingEnabled=true, msToRegenerate=1000, rateLimit=5)
[00:13:07] [main/INFO]: Registering ItemGroups for pokeblocks
[00:13:07] [main/INFO]: Registering ModItems for pokeblocks
[00:13:07] [main/INFO]: Registering ModBlocks for pokeblocks
[00:13:07] [main/INFO]: Registering mod entities for pokeblocks
[00:13:07] [main/INFO]: Constructing common components for puzzleslib:main
[00:13:07] [main/ERROR]: No data fixer registered for rad-gyms:gym_trainer
[00:13:07] [main/INFO]: Loading config
[00:13:07] [main/INFO]: Initializing the mod
[00:13:07] [main/INFO]: Initializing Regions Unexplored from Fabric Mod Initializer entrypoint.
[00:13:07] [main/WARN]: Failed to create cache/data directories!
java.nio.file.FileSystemException: /.cache: Read-only file system
	at java.base/sun.nio.fs.UnixException.translateToIOException(UnixException.java:100) ~[?:?]
	at java.base/sun.nio.fs.UnixException.rethrowAsIOException(UnixException.java:106) ~[?:?]
	at java.base/sun.nio.fs.UnixException.rethrowAsIOException(UnixException.java:111) ~[?:?]
	at java.base/sun.nio.fs.UnixFileSystemProvider.createDirectory(UnixFileSystemProvider.java:462) ~[?:?]
	at java.base/java.nio.file.Files.createDirectory(Files.java:700) ~[?:?]
	at java.base/java.nio.file.Files.createAndCheckIsDirectory(Files.java:808) ~[?:?]
	at java.base/java.nio.file.Files.createDirectories(Files.java:794) ~[?:?]
	at knot/com.teamresourceful.resourcefullib.common.utils.files.GlobalStorage.init(GlobalStorage.java:58) ~[resourcefullib-fabric-1.21-3.0.12.jar:?]
	at knot/com.teamresourceful.resourcefullib.ResourcefulLib.init(ResourcefulLib.java:8) ~[resourcefullib-fabric-1.21-3.0.12.jar:?]
	at java.base/java.lang.invoke.MethodHandleProxies$1.invoke(MethodHandleProxies.java:199) ~[?:?]
	at jdk.proxy3/com.sun.proxy.jdk.proxy3.$Proxy41.onInitialize(Unknown Source) ~[?:?]
	at net.fabricmc.loader.impl.FabricLoaderImpl.invokeEntrypoints(FabricLoaderImpl.java:405) [fabric-loader-0.18.4.jar:?]
	at net.fabricmc.loader.impl.game.minecraft.Hooks.startServer(Hooks.java:63) [fabric-loader-0.18.4.jar:?]
	at knot/net.minecraft.server.Main.main(Main.java:111) [server-intermediary.jar:?]
	at net.fabricmc.loader.impl.game.minecraft.MinecraftGameProvider.launch(MinecraftGameProvider.java:514) [fabric-loader-0.18.4.jar:?]
	at net.fabricmc.loader.impl.launch.knot.Knot.launch(Knot.java:72) [fabric-loader-0.18.4.jar:?]
	at net.fabricmc.loader.impl.launch.knot.KnotServer.main(KnotServer.java:23) [fabric-loader-0.18.4.jar:?]
	at net.fabricmc.loader.impl.launch.server.FabricServerLauncher.main(FabricServerLauncher.java:69) [fabric-loader-0.18.4.jar:?]
	at net.fabricmc.installer.ServerLauncher.main(ServerLauncher.java:69) [server.jar:1.1.1]
[00:13:07] [main/INFO]: Using SimpleTMs (2.1.0)
[00:13:07] [main/INFO]: Register Mod Items for simpletms
[00:13:07] [main/INFO]: Loading default move configs for TMs and TRs
[00:13:07] [main/INFO]: Found default moves config file for SimpleTMs for TM moves
[00:13:07] [main/INFO]: Found default moves config file for SimpleTMs for TR moves
[00:13:07] [main/INFO]: Registering default move TMs and TRs
[00:13:07] [main/INFO]: Registering custom TMs and TRs if present
[00:13:07] [main/INFO]: Loading excluded moves from config
[00:13:07] [main/INFO]: Found excluded moves config file for SimpleTMs
[00:13:07] [main/INFO]: Found excluded moves config file for SimpleTMs
[00:13:07] [main/INFO]: Found excluded moves config file for SimpleTMs
[00:13:07] [main/INFO]: Registering blocks for simpletms
[00:13:07] [main/INFO]: Registering block items for simpletms
[00:13:07] [main/INFO]: Registering block entities for simpletms
[00:13:07] [main/INFO]: Registering C2S receiver with id simpletms:machine_withdraw
[00:13:07] [main/INFO]: Registering C2S receiver with id simpletms:request_party_selection
[00:13:07] [main/INFO]: Registering C2S receiver with id simpletms:party_selection_response
[00:13:07] [main/INFO]: Registering C2S receiver with id simpletms:case_slot_click
[00:13:07] [main/INFO]: Registering C2S receiver with id simpletms:machine_party_select
[00:13:07] [main/INFO]: Registering C2S receiver with id simpletms:case_party_select
[00:13:07] [main/INFO]: Slideshow initialized
[00:13:07] [main/INFO]: Constructing common components for stoneworks:main
[00:13:07] [main/INFO]: Dispatching loading event for config stoneworks-common.toml
[00:13:08] [main/INFO]: Registered region minecraft:overworld to index 0 for type OVERWORLD
[00:13:08] [main/INFO]: Registered region minecraft:nether to index 0 for type NETHER
[00:13:08] [main/INFO]: Registered region biomeswevegone:region_0 to index 1 for type OVERWORLD
[00:13:08] [main/INFO]: Registered region biomeswevegone:region_1 to index 2 for type OVERWORLD
[00:13:08] [main/INFO]: Registered region biomeswevegone:region_2 to index 3 for type OVERWORLD
[00:13:08] [main/INFO]: [TerraBlender] Initializing biome injections for legendarymonuments...
[00:13:08] [main/INFO]: Registered region legendarymonuments:overworld to index 4 for type OVERWORLD
[00:13:08] [main/INFO]: [TerraBlender] Biome injection complete for legendarymonuments.
[00:13:08] [main/INFO]: Already initialized Regions Unexplored from Fabric Mod Initializer entrypoint.
[00:13:08] [main/INFO]: Registered region regions_unexplored:primary to index 5 for type OVERWORLD
[00:13:08] [main/INFO]: Registered region regions_unexplored:secondary to index 6 for type OVERWORLD
[00:13:08] [main/INFO]: Registered region regions_unexplored:nether to index 1 for type NETHER
[00:13:08] [main/INFO]: Tom's Storage Setup starting
[00:13:08] [main/INFO]: Hello Fabric world!
[00:13:08] [main/INFO]: [STDOUT]: TxniLib onInitialize!
[00:13:08] [main/INFO]: Constructing common components for visualworkbench:main
[00:13:08] [main/INFO]: Dispatching loading event for config visualworkbench-common.toml
[00:13:08] [main/INFO]: [voicechat] Compatibility version 18
[00:13:08] [main/INFO]: [voicechat] Loading plugins
[00:13:08] [main/INFO]: [voicechat] Loaded 0 plugin(s)
[00:13:08] [main/INFO]: [voicechat] Initializing plugins
[00:13:08] [main/INFO]: [voicechat] Initialized 0 plugin(s)
[00:13:08] [main/INFO]: Got request to register class com.sk89q.worldedit.fabric.FabricPlatform with WorldEdit [com.sk89q.worldedit.extension.platform.PlatformManager@438dc23f]
[00:13:08] [main/INFO]: WorldEdit for Fabric (version 7.3.8+6939-7d32b45) is loaded
[00:13:08] [main/INFO]: Registering C2S receiver with id yamlconfig:serverbound_open_configs_screen_packet
[00:13:08] [main/INFO]: Registering C2S receiver with id yamlconfig:serverbound_open_config_screen_packet
[00:13:08] [main/INFO]: Registering C2S receiver with id yamlconfig:serverbound_save_config_packet
[00:13:08] [main/INFO]: Reflections took 31 ms to scan 1 urls, producing 1 keys and 3 values
[00:13:08] [main/INFO]: Reflections took 2 ms to scan 1 urls, producing 1 keys and 3 values
[00:13:08] [main/INFO]: Initialized block sets in 47ms
[00:13:08] [main/INFO]: Loaded config moonlight-common.json
[00:13:09] [main/INFO]: Initialized color sets in 95ms
[00:13:09] [main/ERROR]: Registry 'porting_lib:global_loot_modifier_serializers' was empty after loading
[00:13:09] [main/ERROR]: Registry 'moonlight:custom_map_data_types' was empty after loading
[00:13:09] [main/INFO]: Environment: Environment[sessionHost=https://sessionserver.mojang.com, servicesHost=https://api.minecraftservices.com, name=PROD]
[00:13:09] [main/INFO]: Reloading dynamic packs before reloading data packs for SERVER_DATA
[00:13:09] [main/INFO]: Generated runtime resources for 0 packs in a total of: 0 ms
[00:13:10] [main/INFO]: StructureSet modified for minecraft:village : Now using custom village configuration (can be disabled in the better villages config: boolean.villages.enabled_custom_config).
[00:13:11] [Worker-Main-3/ERROR]: Couldn't parse element minecraft:loot_table/shutter:blocks/palm_shutter - Unknown registry key in ResourceKey[minecraft:root / minecraft:item]: shutter:palm_shutter
[00:13:11] [Worker-Main-3/ERROR]: Couldn't parse element minecraft:loot_table/academy:convenientdecor/umbrellas - Unknown registry key in ResourceKey[minecraft:root / minecraft:item]: convenientdecor:allerts_umbrella; Unknown registry key in ResourceKey[minecraft:root / minecraft:item]: convenientdecor:blue_umbrella; Unknown registry key in ResourceKey[minecraft:root / minecraft:item]: convenientdecor:gray_umbrella; Unknown registry key in ResourceKey[minecraft:root / minecraft:item]: convenientdecor:yellow_umbrella; Unknown registry key in ResourceKey[minecraft:root / minecraft:item]: convenientdecor:red_umbrella; Unknown registry key in ResourceKey[minecraft:root / minecraft:item]: convenientdecor:green_umbrella; Unknown registry key in ResourceKey[minecraft:root / minecraft:item]: convenientdecor:lime_umbrella; Unknown registry key in ResourceKey[minecraft:root / minecraft:item]: convenientdecor:orange_umbrella; Unknown registry key in ResourceKey[minecraft:root / minecraft:item]: convenientdecor:brown_umbrella; Unknown registry key in ResourceKey[minecraft:root / minecraft:item]: convenientdecor:cyan_umbrella; Unknown registry key in ResourceKey[minecraft:root / minecraft:item]: convenientdecor:black_umbrella; Unknown registry key in ResourceKey[minecraft:root / minecraft:item]: convenientdecor:light_gray_umbrella; Unknown registry key in ResourceKey[minecraft:root / minecraft:item]: convenientdecor:purple_umbrella; Unknown registry key in ResourceKey[minecraft:root / minecraft:item]: convenientdecor:white_umbrella; Unknown registry key in ResourceKey[minecraft:root / minecraft:item]: convenientdecor:light_blue_umbrella; Unknown registry key in ResourceKey[minecraft:root / minecraft:item]: convenientdecor:magenta_umbrella; Unknown registry key in ResourceKey[minecraft:root / minecraft:item]: convenientdecor:pink_umbrella
[00:13:11] [Worker-Main-3/ERROR]: Couldn't parse element minecraft:loot_table/stellarity:pandoras_barrel/helmet - Unknown registry key in ResourceKey[minecraft:root / minecraft:attribute]: minecraft:max_health; Unknown registry key in ResourceKey[minecraft:root / minecraft:attribute]: minecraft:max_health; Unknown registry key in ResourceKey[minecraft:root / minecraft:attribute]: minecraft:max_health; Unknown registry key in ResourceKey[minecraft:root / minecraft:attribute]: minecraft:max_health; Unknown registry key in ResourceKey[minecraft:root / minecraft:attribute]: minecraft:max_health; Unknown registry key in ResourceKey[minecraft:root / minecraft:attribute]: minecraft:max_health; Unknown registry key in ResourceKey[minecraft:root / minecraft:attribute]: minecraft:max_health; Unknown registry key in ResourceKey[minecraft:root / minecraft:attribute]: minecraft:max_health; Unknown registry key in ResourceKey[minecraft:root / minecraft:attribute]: minecraft:max_health; Unknown registry key in ResourceKey[minecraft:root / minecraft:attribute]: minecraft:max_health; Unknown registry key in ResourceKey[minecraft:root / minecraft:attribute]: minecraft:max_health; Unknown registry key in ResourceKey[minecraft:root / minecraft:attribute]: minecraft:max_health; Unknown registry key in ResourceKey[minecraft:root / minecraft:attribute]: minecraft:max_health; Unknown registry key in ResourceKey[minecraft:root / minecraft:attribute]: minecraft:max_health; Unknown registry key in ResourceKey[minecraft:root / minecraft:attribute]: minecraft:max_health; Unknown registry key in ResourceKey[minecraft:root / minecraft:attribute]: minecraft:max_health; Unknown registry key in ResourceKey[minecraft:root / minecraft:attribute]: minecraft:max_health; Unknown registry key in ResourceKey[minecraft:root / minecraft:attribute]: minecraft:max_health; Unknown registry key in ResourceKey[minecraft:root / minecraft:attribute]: minecraft:max_health; Unknown registry key in ResourceKey[minecraft:root / minecraft:attribute]: minecraft:max_health; Unknown registry key in ResourceKey[minecraft:root / minecraft:attribute]: minecraft:max_health; Unknown registry key in ResourceKey[minecraft:root / minecraft:attribute]: minecraft:max_health; Unknown registry key in ResourceKey[minecraft:root / minecraft:attribute]: minecraft:max_health; Unknown registry key in ResourceKey[minecraft:root / minecraft:attribute]: minecraft:max_health; Unknown registry key in ResourceKey[minecraft:root / minecraft:attribute]: minecraft:max_health
[00:13:11] [Worker-Main-3/ERROR]: Couldn't parse element minecraft:loot_table/stellarity:pandoras_barrel/helmet_generic - Unknown registry key in ResourceKey[minecraft:root / minecraft:attribute]: minecraft:max_health; Unknown registry key in ResourceKey[minecraft:root / minecraft:attribute]: minecraft:max_health; Unknown registry key in ResourceKey[minecraft:root / minecraft:attribute]: minecraft:max_health; Unknown registry key in ResourceKey[minecraft:root / minecraft:attribute]: minecraft:max_health
[00:13:11] [Worker-Main-3/INFO]: parsing loot tables
[00:13:11] [Worker-Main-3/INFO]: finished parsing loot tables in 487
[00:13:11] [Worker-Main-3/WARN]: Found loot table element validation problem in {minecraft:loot_table/nova_structures:chests/ruin_loot_master}.pools[0].entries[3]->{nova_structures:chests/dungeon_4}.functions[0]: Unknown function table called nova_structures:loot_modifier
[00:13:11] [Worker-Main-3/WARN]: Found loot table element validation problem in {minecraft:loot_table/nova_structures:chests/illager_hideout_random}.pools[0].entries[6]->{nova_structures:chests/illager_hideout_trash}.functions[0]: Unknown function table called nova_structures:loot_modifier
[00:13:11] [Worker-Main-3/WARN]: Found loot table element validation problem in {minecraft:loot_table/nova_structures:chests/jungle_ruins/jungle_ruins_house}.pools[2].entries[0]->{nova_structures:chests/ruin_loot_master}.pools[0].entries[1]->{nova_structures:chests/dungeon_2}.pools[1].entries[1]->{minecraft:chests/simple_dungeon}.pools[4].entries[0]: Unknown loot table called academy:vanity/designs
[00:13:11] [Worker-Main-3/WARN]: Found loot table element validation problem in {minecraft:loot_table/nova_structures:chests/illager_hideout_random}.pools[0].entries[1]->{nova_structures:chests/illager_hideout_fishing}.functions[0]: Unknown function table called nova_structures:loot_modifier
[00:13:11] [Worker-Main-3/WARN]: Found loot table element validation problem in {minecraft:loot_table/nova_structures:chests/jungle_ruins/jungle_ruins_house}.pools[2].entries[0]->{nova_structures:chests/ruin_loot_master}.pools[0].entries[5]->{nova_structures:chests/dungeon_6}.pools[1].entries[1]->{minecraft:chests/simple_dungeon}.pools[4].entries[0]: Unknown loot table called academy:vanity/designs
[00:13:11] [Worker-Main-3/WARN]: Found loot table element validation problem in {minecraft:loot_table/nova_structures:chests/illager_hideout_lesser_tresure}.functions[0]: Unknown function table called nova_structures:loot_modifier
[00:13:11] [Worker-Main-3/WARN]: Found loot table element validation problem in {minecraft:loot_table/nova_structures:chests/jungle_ruins/jungle_ruins_house}.pools[2].entries[0]->{nova_structures:chests/ruin_loot_master}.pools[0].entries[2]->{nova_structures:chests/dungeon_3}.functions[0]: Unknown function table called nova_structures:loot_modifier
[00:13:11] [Worker-Main-3/WARN]: Found loot table element validation problem in {minecraft:loot_table/minecraft:chests/simple_dungeon}.pools[4].entries[0]: Unknown loot table called academy:vanity/designs
[00:13:11] [Worker-Main-3/WARN]: Found loot table element validation problem in {minecraft:loot_table/nova_structures:chests/illager_hideout_heart_loot}.functions[0]: Unknown function table called nova_structures:loot_modifier
[00:13:11] [Worker-Main-3/WARN]: Found loot table element validation problem in {minecraft:loot_table/minecraft:chests/illager_mansion/ancient_city_raid_chest}.functions[0]: Unknown function table called nova_structures:loot_modifier
[00:13:11] [Worker-Main-3/WARN]: Found loot table element validation problem in {minecraft:loot_table/minecraft:chests/illager_mansion/pillager_chest}.functions[0]: Unknown function table called nova_structures:loot_modifier
[00:13:11] [Worker-Main-3/WARN]: Found loot table element validation problem in {minecraft:loot_table/nova_structures:chests/jungle_ruins/jungle_ruins_house}.pools[2].entries[0]->{nova_structures:chests/ruin_loot_master}.pools[0].entries[4]->{nova_structures:chests/dungeon_5}.functions[0]: Unknown function table called nova_structures:loot_modifier
[00:13:11] [Worker-Main-3/WARN]: Found loot table element validation problem in {minecraft:loot_table/nova_structures:chests/ruin_loot_master}.functions[0]: Unknown function table called nova_structures:loot_modifier
[00:13:11] [Worker-Main-3/WARN]: Found loot table element validation problem in {minecraft:loot_table/nova_structures:chests/ruin_loot_master}.pools[0].entries[6]->{nova_structures:chests/dungeon_7}.pools[1].entries[1]->{minecraft:chests/simple_dungeon}.pools[4].entries[0]: Unknown loot table called academy:vanity/designs
[00:13:11] [Worker-Main-3/WARN]: Found loot table element validation problem in {minecraft:loot_table/nova_structures:chests/dungeon_2}.pools[1].entries[1]->{minecraft:chests/simple_dungeon}.pools[4].entries[0]: Unknown loot table called academy:vanity/designs
[00:13:11] [Worker-Main-3/WARN]: Found loot table element validation problem in {minecraft:loot_table/nova_structures:chests/dungeon_5}.functions[0]: Unknown function table called nova_structures:loot_modifier
[00:13:11] [Worker-Main-3/WARN]: Found loot table element validation problem in {minecraft:loot_table/nova_structures:chests/ruin_loot_master}.pools[0].entries[1]->{nova_structures:chests/dungeon_2}.pools[1].entries[1]->{minecraft:chests/simple_dungeon}.pools[4].entries[0]: Unknown loot table called academy:vanity/designs
[00:13:11] [Worker-Main-3/WARN]: Found loot table element validation problem in {minecraft:loot_table/nova_structures:chests/mining_supply}.functions[0]: Unknown function table called nova_structures:loot_modifier
[00:13:11] [Worker-Main-3/WARN]: Found loot table element validation problem in {minecraft:loot_table/nova_structures:chests/dungeon_5}.pools[1].entries[1]->{minecraft:chests/simple_dungeon}.pools[4].entries[0]: Unknown loot table called academy:vanity/designs
[00:13:11] [Worker-Main-3/WARN]: Found loot table element validation problem in {minecraft:loot_table/nova_structures:chests/desert_ruins/desert_ruin_lesser_treasure}.functions[0]: Unknown function table called nova_structures:loot_modifier
[00:13:11] [Worker-Main-3/WARN]: Found loot table element validation problem in {minecraft:loot_table/totw_modded:ocean_tower_chest}.pools[3].entries[0]: Unknown loot table called academy:mermod/accessories
[00:13:11] [Worker-Main-3/WARN]: Found loot table element validation problem in {minecraft:loot_table/nova_structures:chests/jungle_ruins/jungle_ruins_house}.pools[2].entries[0]->{nova_structures:chests/ruin_loot_master}.pools[0].entries[5]->{nova_structures:chests/dungeon_6}.functions[0]: Unknown function table called nova_structures:loot_modifier
[00:13:11] [Worker-Main-3/WARN]: Found loot table element validation problem in {minecraft:loot_table/minecraft:chests/illager_mansion/wool}.functions[0]: Unknown function table called nova_structures:loot_modifier
[00:13:11] [Worker-Main-3/WARN]: Found loot table element validation problem in {minecraft:loot_table/minecraft:chests/illager_mansion/vindicator_chest}.functions[0]: Unknown function table called nova_structures:loot_modifier
[00:13:11] [Worker-Main-3/WARN]: Found loot table element validation problem in {minecraft:loot_table/nova_structures:chests/ruin_loot_master}.pools[0].entries[1]->{nova_structures:chests/dungeon_2}.functions[0]: Unknown function table called nova_structures:loot_modifier
[00:13:11] [Worker-Main-3/WARN]: Found loot table element validation problem in {minecraft:loot_table/nova_structures:chests/dungeon_4}.pools[1].entries[1]->{minecraft:chests/simple_dungeon}.pools[4].entries[0]: Unknown loot table called academy:vanity/designs
[00:13:11] [Worker-Main-3/WARN]: Found loot table element validation problem in {minecraft:loot_table/nova_structures:chests/jungle_ruins/jungle_ruins_house}.pools[2].entries[0]->{nova_structures:chests/ruin_loot_master}.pools[0].entries[0]->{nova_structures:chests/dungeon_1}.functions[0]: Unknown function table called nova_structures:loot_modifier
[00:13:11] [Worker-Main-3/WARN]: Found loot table element validation problem in {minecraft:loot_table/nova_structures:chests/ruin_loot_master}.pools[0].entries[6]->{nova_structures:chests/dungeon_7}.functions[0]: Unknown function table called nova_structures:loot_modifier
[00:13:11] [Worker-Main-3/WARN]: Found loot table element validation problem in {minecraft:loot_table/minecraft:chests/illager_mansion/ravager_chest}.functions[0]: Unknown function table called nova_structures:loot_modifier
[00:13:11] [Worker-Main-3/WARN]: Found loot table element validation problem in {minecraft:loot_table/nova_structures:chests/dungeon_2}.functions[0]: Unknown function table called nova_structures:loot_modifier
[00:13:11] [Worker-Main-3/WARN]: Found loot table element validation problem in {minecraft:loot_table/nova_structures:chests/food_supply}.functions[0]: Unknown function table called nova_structures:loot_modifier
[00:13:11] [Worker-Main-3/WARN]: Found loot table element validation problem in {minecraft:loot_table/nova_structures:chests/jungle_ruins/jungle_ruins_house}.pools[2].entries[0]->{nova_structures:chests/ruin_loot_master}.pools[0].entries[6]->{nova_structures:chests/dungeon_7}.pools[1].entries[1]->{minecraft:chests/simple_dungeon}.pools[4].entries[0]: Unknown loot table called academy:vanity/designs
[00:13:11] [Worker-Main-3/WARN]: Found loot table element validation problem in {minecraft:loot_table/nova_structures:chests/ruin_loot_master}.pools[0].entries[5]->{nova_structures:chests/dungeon_6}.pools[1].entries[1]->{minecraft:chests/simple_dungeon}.pools[4].entries[0]: Unknown loot table called academy:vanity/designs
[00:13:11] [Worker-Main-3/WARN]: Found loot table element validation problem in {minecraft:loot_table/nova_structures:chests/jungle_ruins/jungle_ruins_house}.pools[2].entries[0]->{nova_structures:chests/ruin_loot_master}.pools[0].entries[0]->{nova_structures:chests/dungeon_1}.pools[1].entries[1]->{minecraft:chests/simple_dungeon}.pools[4].entries[0]: Unknown loot table called academy:vanity/designs
[00:13:11] [Worker-Main-3/WARN]: Found loot table element validation problem in {minecraft:loot_table/nova_structures:chests/ruin_loot_master}.pools[0].entries[4]->{nova_structures:chests/dungeon_5}.pools[1].entries[1]->{minecraft:chests/simple_dungeon}.pools[4].entries[0]: Unknown loot table called academy:vanity/designs
[00:13:11] [Worker-Main-3/WARN]: Found loot table element validation problem in {minecraft:loot_table/nova_structures:chests/jungle_ruins/jungle_ruins_main_temple}.functions[0]: Unknown function table called nova_structures:loot_modifier
[00:13:11] [Worker-Main-3/WARN]: Found loot table element validation problem in {minecraft:loot_table/nova_structures:chests/dungeon_3}.functions[0]: Unknown function table called nova_structures:loot_modifier
[00:13:11] [Worker-Main-3/WARN]: Found loot table element validation problem in {minecraft:loot_table/nova_structures:chests/badland_miner_outpost_towers}.functions[0]: Unknown function table called nova_structures:loot_modifier
[00:13:11] [Worker-Main-3/WARN]: Found loot table element validation problem in {minecraft:loot_table/nova_structures:chests/mangrove_witchhud}.functions[0]: Unknown function table called nova_structures:loot_modifier
[00:13:11] [Worker-Main-3/WARN]: Found loot table element validation problem in {minecraft:loot_table/nova_structures:chests/illager_hideout_tresure}.functions[0]: Unknown function table called nova_structures:loot_modifier
[00:13:11] [Worker-Main-3/WARN]: Found loot table element validation problem in {minecraft:loot_table/nova_structures:chests/dungeon_1}.pools[1].entries[1]->{minecraft:chests/simple_dungeon}.pools[4].entries[0]: Unknown loot table called academy:vanity/designs
[00:13:11] [Worker-Main-3/WARN]: Found loot table element validation problem in {minecraft:loot_table/nova_structures:chests/water_supply}.functions[0]: Unknown function table called nova_structures:loot_modifier
[00:13:11] [Worker-Main-3/WARN]: Found loot table element validation problem in {minecraft:loot_table/nova_structures:chests/illager_camp}.functions[0]: Unknown function table called nova_structures:loot_modifier
[00:13:11] [Worker-Main-3/WARN]: Found loot table element validation problem in {minecraft:loot_table/nova_structures:chests/ruin_loot_master}.pools[0].entries[0]->{nova_structures:chests/dungeon_1}.pools[1].entries[1]->{minecraft:chests/simple_dungeon}.pools[4].entries[0]: Unknown loot table called academy:vanity/designs
[00:13:11] [Worker-Main-3/WARN]: Found loot table element validation problem in {minecraft:loot_table/minecraft:chests/illager_mansion/evoker_chest}.functions[0]: Unknown function table called nova_structures:loot_modifier
[00:13:11] [Worker-Main-3/WARN]: Found loot table element validation problem in {minecraft:loot_table/nova_structures:chests/desert_ruins/desert_ruin_grave}.functions[0]: Unknown function table called nova_structures:loot_modifier
[00:13:11] [Worker-Main-3/WARN]: Found loot table element validation problem in {minecraft:loot_table/nova_structures:chests/pillager_outpost_kitchen}.functions[0]: Unknown function table called nova_structures:loot_modifier
[00:13:11] [Worker-Main-3/WARN]: Found loot table element validation problem in {minecraft:loot_table/minecraft:chests/illager_mansion/smithing_room}.functions[0]: Unknown function table called nova_structures:loot_modifier
[00:13:11] [Worker-Main-3/WARN]: Found loot table element validation problem in {minecraft:loot_table/nova_structures:chests/badland_miner_outpost_forge}.functions[0]: Unknown function table called nova_structures:loot_modifier
[00:13:11] [Worker-Main-3/WARN]: Found loot table element validation problem in {minecraft:loot_table/nova_structures:chests/ruin_loot_master}.pools[0].entries[4]->{nova_structures:chests/dungeon_5}.functions[0]: Unknown function table called nova_structures:loot_modifier
[00:13:11] [Worker-Main-3/WARN]: Found loot table element validation problem in {minecraft:loot_table/nova_structures:chests/illager_hideout_random}.pools[0].entries[9]->{nova_structures:chests/illager_hideout_vegitarian}.functions[0]: Unknown function table called nova_structures:loot_modifier
[00:13:11] [Worker-Main-3/WARN]: Found loot table element validation problem in {minecraft:loot_table/nova_structures:chests/illager_hideout_utility}.functions[0]: Unknown function table called nova_structures:loot_modifier
[00:13:11] [Worker-Main-3/WARN]: Found loot table element validation problem in {minecraft:loot_table/nova_structures:chests/illager_hideout_random}.functions[0]: Unknown function table called nova_structures:loot_modifier
[00:13:11] [Worker-Main-3/WARN]: Found loot table element validation problem in {minecraft:loot_table/nova_structures:chests/jungle_ruins/jungle_ruins_house}.pools[2].entries[0]->{nova_structures:chests/ruin_loot_master}.pools[0].entries[3]->{nova_structures:chests/dungeon_4}.functions[0]: Unknown function table called nova_structures:loot_modifier
[00:13:11] [Worker-Main-3/WARN]: Found loot table element validation problem in {minecraft:loot_table/nova_structures:chests/illager_hideout_fishing}.functions[0]: Unknown function table called nova_structures:loot_modifier
[00:13:11] [Worker-Main-3/WARN]: Found loot table element validation problem in {minecraft:loot_table/nova_structures:chests/dungeon_4}.functions[0]: Unknown function table called nova_structures:loot_modifier
[00:13:11] [Worker-Main-3/WARN]: Found loot table element validation problem in {minecraft:loot_table/nova_structures:chests/illager_hideout_meat}.functions[0]: Unknown function table called nova_structures:loot_modifier
[00:13:11] [Worker-Main-3/WARN]: Found loot table element validation problem in {minecraft:loot_table/minecraft:chests/illager_mansion/kitchen}.functions[0]: Unknown function table called nova_structures:loot_modifier
[00:13:11] [Worker-Main-3/WARN]: Found loot table element validation problem in {minecraft:loot_table/nova_structures:chests/undead_crypts_grave}.pools[1].entries[1]->{minecraft:chests/simple_dungeon}.pools[4].entries[0]: Unknown loot table called academy:vanity/designs
[00:13:11] [Worker-Main-3/WARN]: Found loot table element validation problem in {minecraft:loot_table/nova_structures:chests/illager_hideout_random}.pools[0].entries[2]->{nova_structures:chests/illager_hideout_lesser_tresure}.functions[0]: Unknown function table called nova_structures:loot_modifier
[00:13:11] [Worker-Main-3/WARN]: Found loot table element validation problem in {minecraft:loot_table/nova_structures:chests/pillager_outpost_treasure}.functions[0]: Unknown function table called nova_structures:loot_modifier
[00:13:11] [Worker-Main-3/WARN]: Found loot table element validation problem in {minecraft:loot_table/minecraft:chests/illager_mansion/library_chest}.functions[0]: Unknown function table called nova_structures:loot_modifier
[00:13:11] [Worker-Main-3/WARN]: Found loot table element validation problem in {minecraft:loot_table/nova_structures:chests/desert_ruins/desert_ruin_house}.functions[0]: Unknown function table called nova_structures:loot_modifier
[00:13:11] [Worker-Main-3/WARN]: Found loot table element validation problem in {minecraft:loot_table/nova_structures:chests/illager_hideout_random}.pools[0].entries[3]->{nova_structures:chests/illager_hideout_library}.functions[0]: Unknown function table called nova_structures:loot_modifier
[00:13:11] [Worker-Main-3/WARN]: Found loot table element validation problem in {minecraft:loot_table/nova_structures:chests/illager_hideout_random}.pools[0].entries[5]->{nova_structures:chests/illager_hideout_raw_ores}.functions[0]: Unknown function table called nova_structures:loot_modifier
[00:13:11] [Worker-Main-3/WARN]: Found loot table element validation problem in {minecraft:loot_table/nova_structures:chests/dungeon_3}.pools[1].entries[1]->{minecraft:chests/simple_dungeon}.pools[4].entries[0]: Unknown loot table called academy:vanity/designs
[00:13:11] [Worker-Main-3/WARN]: Found loot table element validation problem in {minecraft:loot_table/nova_structures:chests/illager_hideout_library}.functions[0]: Unknown function table called nova_structures:loot_modifier
[00:13:11] [Worker-Main-3/WARN]: Found loot table element validation problem in {minecraft:loot_table/nova_structures:chests/illager_hideout_raw_ores}.functions[0]: Unknown function table called nova_structures:loot_modifier
[00:13:11] [Worker-Main-3/WARN]: Found loot table element validation problem in {minecraft:loot_table/nova_structures:chests/dungeon_7}.pools[1].entries[1]->{minecraft:chests/simple_dungeon}.pools[4].entries[0]: Unknown loot table called academy:vanity/designs
[00:13:11] [Worker-Main-3/WARN]: Found loot table element validation problem in {minecraft:loot_table/nova_structures:chests/badland_miner_outpost}.functions[0]: Unknown function table called nova_structures:loot_modifier
[00:13:11] [Worker-Main-3/WARN]: Found loot table element validation problem in {minecraft:loot_table/nova_structures:chests/jungle_ruins/jungle_ruins_house}.pools[2].entries[0]->{nova_structures:chests/ruin_loot_master}.functions[0]: Unknown function table called nova_structures:loot_modifier
[00:13:11] [Worker-Main-3/WARN]: Found loot table element validation problem in {minecraft:loot_table/nova_structures:chests/ruin_loot_master}.pools[0].entries[3]->{nova_structures:chests/dungeon_4}.pools[1].entries[1]->{minecraft:chests/simple_dungeon}.pools[4].entries[0]: Unknown loot table called academy:vanity/designs
[00:13:11] [Worker-Main-3/WARN]: Found loot table element validation problem in {minecraft:loot_table/nova_structures:chests/ruin_loot_master}.pools[0].entries[2]->{nova_structures:chests/dungeon_3}.functions[0]: Unknown function table called nova_structures:loot_modifier
[00:13:11] [Worker-Main-3/WARN]: Found loot table element validation problem in {minecraft:loot_table/nova_structures:chests/undead_crypts_grave}.functions[0]: Unknown function table called nova_structures:loot_modifier
[00:13:11] [Worker-Main-3/WARN]: Found loot table element validation problem in {minecraft:loot_table/nova_structures:chests/illager_hideout_trash}.functions[0]: Unknown function table called nova_structures:loot_modifier
[00:13:11] [Worker-Main-3/WARN]: Found loot table element validation problem in {minecraft:loot_table/nova_structures:chests/illager_hideout_random}.pools[0].entries[10]->{nova_structures:chests/illager_hideout_weaponry}.functions[0]: Unknown function table called nova_structures:loot_modifier
[00:13:11] [Worker-Main-3/WARN]: Found loot table element validation problem in {minecraft:loot_table/nova_structures:pots/pot_jungle_ruin}.functions[0]: Unknown function table called nova_structures:loot_modifier
[00:13:11] [Worker-Main-3/WARN]: Found loot table element validation problem in {minecraft:loot_table/minecraft:chests/illager_mansion/secret_room}.functions[0]: Unknown function table called nova_structures:loot_modifier
[00:13:11] [Worker-Main-3/WARN]: Found loot table element validation problem in {minecraft:loot_table/nova_structures:chests/jungle_ruins/jungle_ruins_house}.pools[2].entries[0]->{nova_structures:chests/ruin_loot_master}.pools[0].entries[4]->{nova_structures:chests/dungeon_5}.pools[1].entries[1]->{minecraft:chests/simple_dungeon}.pools[4].entries[0]: Unknown loot table called academy:vanity/designs
[00:13:11] [Worker-Main-3/WARN]: Found loot table element validation problem in {minecraft:loot_table/nova_structures:chests/jungle_ruins/jungle_ruins_main_temple_wild}.functions[0]: Unknown function table called nova_structures:loot_modifier
[00:13:11] [Worker-Main-3/WARN]: Found loot table element validation problem in {minecraft:loot_table/nova_structures:chests/illager_hideout_weaponry}.functions[0]: Unknown function table called nova_structures:loot_modifier
[00:13:11] [Worker-Main-3/WARN]: Found loot table element validation problem in {minecraft:loot_table/nova_structures:chests/dungeon_1}.functions[0]: Unknown function table called nova_structures:loot_modifier
[00:13:11] [Worker-Main-3/WARN]: Found loot table element validation problem in {minecraft:loot_table/nova_structures:chests/jungle_ruins/jungle_ruins_house}.pools[2].entries[0]->{nova_structures:chests/ruin_loot_master}.pools[0].entries[2]->{nova_structures:chests/dungeon_3}.pools[1].entries[1]->{minecraft:chests/simple_dungeon}.pools[4].entries[0]: Unknown loot table called academy:vanity/designs
[00:13:11] [Worker-Main-3/WARN]: Found loot table element validation problem in {minecraft:loot_table/minecraft:chests/illager_mansion/map_chest}.functions[0]: Unknown function table called nova_structures:loot_modifier
[00:13:11] [Worker-Main-3/WARN]: Found loot table element validation problem in {minecraft:loot_table/nova_structures:chests/illager_hideout_random}.pools[0].entries[8]->{nova_structures:chests/illager_hideout_utility}.functions[0]: Unknown function table called nova_structures:loot_modifier
[00:13:11] [Worker-Main-3/WARN]: Found loot table element validation problem in {minecraft:loot_table/minecraft:chests/illager_mansion/witch_chest}.functions[0]: Unknown function table called nova_structures:loot_modifier
[00:13:11] [Worker-Main-3/WARN]: Found loot table element validation problem in {minecraft:loot_table/nova_structures:chests/jungle_ruins/jungle_ruins_house}.functions[0]: Unknown function table called nova_structures:loot_modifier
[00:13:11] [Worker-Main-3/WARN]: Found loot table element validation problem in {minecraft:loot_table/nova_structures:chests/dungeon_6}.functions[0]: Unknown function table called nova_structures:loot_modifier
[00:13:11] [Worker-Main-3/WARN]: Found loot table element validation problem in {minecraft:loot_table/nova_structures:chests/illager_hideout_random}.pools[0].entries[0]->{nova_structures:chests/illager_hideout_brewing}.functions[0]: Unknown function table called nova_structures:loot_modifier
[00:13:11] [Worker-Main-3/WARN]: Found loot table element validation problem in {minecraft:loot_table/nova_structures:chests/ruin_loot_master}.pools[0].entries[5]->{nova_structures:chests/dungeon_6}.functions[0]: Unknown function table called nova_structures:loot_modifier
[00:13:11] [Worker-Main-3/WARN]: Found loot table element validation problem in {minecraft:loot_table/nova_structures:chests/dungeon_7}.functions[0]: Unknown function table called nova_structures:loot_modifier
[00:13:11] [Worker-Main-3/WARN]: Found loot table element validation problem in {minecraft:loot_table/nova_structures:chests/desert_ruins/desert_ruin_main_temple}.functions[0]: Unknown function table called nova_structures:loot_modifier
[00:13:11] [Worker-Main-3/WARN]: Found loot table element validation problem in {minecraft:loot_table/nova_structures:chests/ruin_loot_master}.pools[0].entries[0]->{nova_structures:chests/dungeon_1}.functions[0]: Unknown function table called nova_structures:loot_modifier
[00:13:11] [Worker-Main-3/WARN]: Found loot table element validation problem in {minecraft:loot_table/minecraft:chests/illager_mansion/generic}.functions[0]: Unknown function table called nova_structures:loot_modifier
[00:13:11] [Worker-Main-3/WARN]: Found loot table element validation problem in {minecraft:loot_table/nova_structures:chests/illager_hideout_random}.pools[0].entries[4]->{nova_structures:chests/illager_hideout_meat}.functions[0]: Unknown function table called nova_structures:loot_modifier
[00:13:11] [Worker-Main-3/WARN]: Found loot table element validation problem in {minecraft:loot_table/nova_structures:chests/jungle_ruins/jungle_ruins_house}.pools[2].entries[0]->{nova_structures:chests/ruin_loot_master}.pools[0].entries[6]->{nova_structures:chests/dungeon_7}.functions[0]: Unknown function table called nova_structures:loot_modifier
[00:13:11] [Worker-Main-3/WARN]: Found loot table element validation problem in {minecraft:loot_table/nova_structures:chests/illager_hideout_brewing}.functions[0]: Unknown function table called nova_structures:loot_modifier
[00:13:11] [Worker-Main-3/WARN]: Found loot table element validation problem in {minecraft:loot_table/nova_structures:chests/illager_hideout_random}.pools[0].entries[7]->{nova_structures:chests/illager_hideout_tresure}.functions[0]: Unknown function table called nova_structures:loot_modifier
[00:13:11] [Worker-Main-3/WARN]: Found loot table element validation problem in {minecraft:loot_table/nova_structures:chests/jungle_ruins/jungle_ruins_house}.pools[2].entries[0]->{nova_structures:chests/ruin_loot_master}.pools[0].entries[1]->{nova_structures:chests/dungeon_2}.functions[0]: Unknown function table called nova_structures:loot_modifier
[00:13:11] [Worker-Main-3/WARN]: Found loot table element validation problem in {minecraft:loot_table/nova_structures:chests/dungeon_6}.pools[1].entries[1]->{minecraft:chests/simple_dungeon}.pools[4].entries[0]: Unknown loot table called academy:vanity/designs
[00:13:11] [Worker-Main-3/WARN]: Found loot table element validation problem in {minecraft:loot_table/nova_structures:chests/ruin_loot_master}.pools[0].entries[2]->{nova_structures:chests/dungeon_3}.pools[1].entries[1]->{minecraft:chests/simple_dungeon}.pools[4].entries[0]: Unknown loot table called academy:vanity/designs
[00:13:11] [Worker-Main-3/WARN]: Found loot table element validation problem in {minecraft:loot_table/nova_structures:chests/jungle_ruins/jungle_ruins_house}.pools[2].entries[0]->{nova_structures:chests/ruin_loot_master}.pools[0].entries[3]->{nova_structures:chests/dungeon_4}.pools[1].entries[1]->{minecraft:chests/simple_dungeon}.pools[4].entries[0]: Unknown loot table called academy:vanity/designs
[00:13:11] [Worker-Main-3/WARN]: Found loot table element validation problem in {minecraft:loot_table/nova_structures:chests/illager_hideout_vegitarian}.functions[0]: Unknown function table called nova_structures:loot_modifier
[00:13:12] [Worker-Main-3/INFO]: Registering commands with com.sk89q.worldedit.fabric.FabricPlatform
[00:13:12] [Worker-Main-2/ERROR]: Invalid path in mod resource-pack legendarymonuments: legendarymonuments:tags/worldgen/structure/traditional_village⁄ecruteak.json, ignoring
[00:13:12] [Worker-Main-4/ERROR]: Couldn't load tag totw_modded:has_structure/aether_tower as it is missing following references: #aether:is_aether (from Academy)
[00:13:12] [Worker-Main-4/ERROR]: Couldn't load tag totw_modded:has_structure/tw_mangrove_tower as it is missing following references: twilightforest:swamp (from Academy), twilightforest:fire_swamp (from Academy)
[00:13:12] [Worker-Main-4/ERROR]: Couldn't load tag mss:has_structure/cherry_biomes as it is missing following references: regions_unexplored:cherry_hills (from Academy), regions_unexplored:poppy_field (from Academy)
[00:13:12] [Worker-Main-4/ERROR]: Couldn't load tag totw_modded:has_structure/venus_tower as it is missing following references: ad_astra:infernal_venus_barrens (from Academy)
[00:13:12] [Worker-Main-4/ERROR]: Couldn't load tag totw_modded:has_structure/moon_tower as it is missing following references: ad_astra:lunar_wastelands (from Academy)
[00:13:12] [Worker-Main-4/ERROR]: Couldn't load tag totw_modded:has_structure/desert_tower as it is missing following references: #minecraft:is_desert (from Academy)
[00:13:12] [Worker-Main-4/ERROR]: Couldn't load tag mvs:has_structure/flower_biomes as it is missing following references: regions_unexplored:clover_fields (from Academy), regions_unexplored:ecalyptus_forest (from Academy)
[00:13:12] [Worker-Main-4/ERROR]: Couldn't load tag totw_modded:has_structure/everbright_tower as it is missing following references: blue_skies:calming_skies (from Academy), blue_skies:brightlands (from Academy), blue_skies:slushlands (from Academy), blue_skies:frostbitten_forest (from Academy), blue_skies:frostbitten_forest_clearing (from Academy), blue_skies:snow_covered_pines (from Academy), blue_skies:brisk_meadow (from Academy), blue_skies:polar_highland (from Academy)
[00:13:12] [Worker-Main-4/ERROR]: Couldn't load tag totw_modded:has_structure/mars_tower as it is missing following references: ad_astra:martian_canyon_creek (from Academy), ad_astra:martian_wastelands (from Academy)
[00:13:12] [Worker-Main-4/ERROR]: Couldn't load tag totw_modded:has_structure/glacio_tower as it is missing following references: ad_astra:glacio_snowy_barrens (from Academy), ad_astra:glacio_ice_peaks (from Academy)
[00:13:12] [Worker-Main-4/ERROR]: Couldn't load tag totw_modded:has_structure/everdawn_tower as it is missing following references: blue_skies:unorthodox_valley (from Academy), blue_skies:shaded_woodlands (from Academy), blue_skies:crystal_dunes (from Academy), blue_skies:crystal_dunes_spikes (from Academy), blue_skies:sunset_maple_forest (from Academy), blue_skies:rising_creek (from Academy), blue_skies:crystal_roughs (from Academy), blue_skies:searing_grassland (from Academy), blue_skies:crescent_orchard (from Academy)
[00:13:12] [Worker-Main-4/ERROR]: Couldn't load tag mvs:has_structure/cherry_biomes as it is missing following references: regions_unexplored:cherry_hills (from Academy), regions_unexplored:poppy_field (from Academy)
[00:13:12] [Worker-Main-4/ERROR]: Couldn't load tag mss:has_structure/flower_biomes as it is missing following references: regions_unexplored:clover_fields (from Academy), regions_unexplored:ecalyptus_forest (from Academy)
[00:13:12] [Worker-Main-4/ERROR]: Couldn't load tag totw_modded:has_structure/ratlantis_tower as it is missing following references: rats:ratlantis (from Academy)
[00:13:12] [Worker-Main-4/ERROR]: Couldn't load tag totw_modded:has_structure/tw_canopy_tower as it is missing following references: twilightforest:forest (from Academy), twilightforest:spooky_forest (from Academy), twilightforest:mushroom_forest (from Academy)
[00:13:12] [Worker-Main-4/ERROR]: Couldn't load tag totw_modded:has_structure/mercury_tower as it is missing following references: ad_astra:mercury_deltas (from Academy)
[00:13:12] [Worker-Main-1/INFO]: All Tags to be dealt with: [accessories:belt, accessories:trinket_group_legs-card_album, accessories:trinket_group_hand-mega_bracelet, accessories:trinket_group_chest-pauldron, accessories:trinket_group_hand-tera_orb, accessories:trinket_group_chest-pokebag]
[00:13:12] [Worker-Main-1/WARN]: [RuntimeTagModification] Adding Entries from [trinkets:legs/belt] to [accessories:belt]: 
     [toms_storage:adv_wireless_terminal (from toms_storage)]
[00:13:12] [Worker-Main-1/WARN]: [RuntimeTagModification] Adding Entries from [trinkets:legs/card_album] to [accessories:trinket_group_legs-card_album]: 
     [academy:card_album (from academy)]
[00:13:12] [Worker-Main-1/WARN]: [RuntimeTagModification] Adding Entries from [trinkets:hand/mega_bracelet] to [accessories:trinket_group_hand-mega_bracelet]: 
     [cobblemon:mega_bracelet (from cobblemon)]
[00:13:12] [Worker-Main-1/WARN]: [RuntimeTagModification] Adding Entries from [trinkets:chest/pauldron] to [accessories:trinket_group_chest-pauldron]: 
     [legendarymonuments:steel_pauldron (from legendarymonuments), legendarymonuments:electric_pauldron (from legendarymonuments), legendarymonuments:rock_pauldron (from legendarymonuments), legendarymonuments:ice_pauldron (from legendarymonuments), legendarymonuments:dragon_pauldron (from legendarymonuments), legendarymonuments:titan_pauldron (from legendarymonuments)]
[00:13:12] [Worker-Main-1/WARN]: [RuntimeTagModification] Adding Entries from [trinkets:hand/tera_orb] to [accessories:trinket_group_hand-tera_orb]: 
     [cobblemon:tera_orb (from cobblemon)]
[00:13:12] [Worker-Main-1/WARN]: [RuntimeTagModification] Adding Entries from [trinkets:chest/pokebag] to [accessories:trinket_group_chest-pokebag]: 
     [cobblemon:small_poke_bag (from cobblemon), cobblemon:medium_poke_bag (from cobblemon), cobblemon:large_poke_bag (from cobblemon), cobblemon:huge_poke_bag (from cobblemon)]
[00:13:12] [Worker-Main-3/ERROR]: Couldn't load tag cobblemon:hearty_grains_water_plantable as it is missing following references: #minecraft:gravel (from Academy)
[00:13:12] [main/ERROR]: Failed to parse resource conditions for file of type recipe with id suppsquared:gold_candle_holder_mint, skipping: Unknown resource condition key: supplementaries:flag
[00:13:12] [main/ERROR]: Failed to parse resource conditions for file of type recipe with id suppsquared:gold_candle_holder_slate, skipping: Unknown resource condition key: supplementaries:flag
[00:13:12] [main/ERROR]: Failed to parse resource conditions for file of type recipe with id suppsquared:gold_candle_holder_olive, skipping: Unknown resource condition key: supplementaries:flag
[00:13:12] [main/ERROR]: Failed to parse resource conditions for file of type recipe with id supplementaries:flag_teal, skipping: Unknown resource condition key: supplementaries:flag
[00:13:12] [main/ERROR]: Failed to parse resource conditions for file of type recipe with id supplementaries:flag_amber, skipping: Unknown resource condition key: supplementaries:flag
[00:13:12] [main/ERROR]: Failed to parse resource conditions for file of type recipe with id supplementaries:flag_indigo, skipping: Unknown resource condition key: supplementaries:flag
[00:13:12] [main/ERROR]: Failed to parse resource conditions for file of type recipe with id supplementaries:flag_rose, skipping: Unknown resource condition key: supplementaries:flag
[00:13:12] [main/ERROR]: Failed to parse resource conditions for file of type recipe with id supplementaries:candle_holder_indigo, skipping: Unknown resource condition key: supplementaries:flag
[00:13:12] [main/ERROR]: Failed to parse resource conditions for file of type recipe with id supplementaries:candle_holder_beige, skipping: Unknown resource condition key: supplementaries:flag
[00:13:12] [main/ERROR]: Failed to parse resource conditions for file of type recipe with id supplementaries:flag_navy, skipping: Unknown resource condition key: supplementaries:flag
[00:13:12] [main/ERROR]: Failed to parse resource conditions for file of type recipe with id supplementaries:candle_holder_tan, skipping: Unknown resource condition key: supplementaries:flag
[00:13:12] [main/ERROR]: Failed to parse resource conditions for file of type recipe with id supplementaries:candle_holder_navy, skipping: Unknown resource condition key: supplementaries:flag
[00:13:12] [main/ERROR]: Failed to parse resource conditions for file of type recipe with id supplementaries:candle_holder_verdant, skipping: Unknown resource condition key: supplementaries:flag
[00:13:12] [main/ERROR]: Failed to parse resource conditions for file of type recipe with id supplementaries:candle_holder_coral, skipping: Unknown resource condition key: supplementaries:flag
[00:13:12] [main/ERROR]: Failed to parse resource conditions for file of type recipe with id suppsquared:gold_candle_holder_amber, skipping: Unknown resource condition key: supplementaries:flag
[00:13:12] [main/ERROR]: Failed to parse resource conditions for file of type recipe with id suppsquared:gold_candle_holder_tan, skipping: Unknown resource condition key: supplementaries:flag
[00:13:12] [main/ERROR]: Failed to parse resource conditions for file of type recipe with id suppsquared:gold_candle_holder_indigo, skipping: Unknown resource condition key: supplementaries:flag
[00:13:12] [main/ERROR]: Failed to parse resource conditions for file of type recipe with id supplementaries:candle_holder_rose, skipping: Unknown resource condition key: supplementaries:flag
[00:13:12] [main/ERROR]: Failed to parse resource conditions for file of type recipe with id suppsquared:gold_candle_holder_navy, skipping: Unknown resource condition key: supplementaries:flag
[00:13:12] [main/ERROR]: Failed to parse resource conditions for file of type recipe with id supplementaries:candle_holder_teal, skipping: Unknown resource condition key: supplementaries:flag
[00:13:12] [main/ERROR]: Failed to parse resource conditions for file of type recipe with id supplementaries:flag_coral, skipping: Unknown resource condition key: supplementaries:flag
[00:13:12] [main/ERROR]: Failed to parse resource conditions for file of type recipe with id supplementaries:flag_beige, skipping: Unknown resource condition key: supplementaries:flag
[00:13:12] [main/ERROR]: Failed to parse resource conditions for file of type recipe with id suppsquared:gold_candle_holder_beige, skipping: Unknown resource condition key: supplementaries:flag
[00:13:12] [main/ERROR]: Failed to parse resource conditions for file of type recipe with id suppsquared:gold_candle_holder_teal, skipping: Unknown resource condition key: supplementaries:flag
[00:13:12] [main/ERROR]: Failed to parse resource conditions for file of type recipe with id supplementaries:candle_holder_aqua, skipping: Unknown resource condition key: supplementaries:flag
[00:13:12] [main/ERROR]: Failed to parse resource conditions for file of type recipe with id supplementaries:flag_tan, skipping: Unknown resource condition key: supplementaries:flag
[00:13:12] [main/ERROR]: Failed to parse resource conditions for file of type recipe with id supplementaries:candle_holder_ginger, skipping: Unknown resource condition key: supplementaries:flag
[00:13:12] [main/ERROR]: Failed to parse resource conditions for file of type recipe with id suppsquared:gold_candle_holder_rose, skipping: Unknown resource condition key: supplementaries:flag
[00:13:12] [main/ERROR]: Failed to parse resource conditions for file of type recipe with id supplementaries:flag_mint, skipping: Unknown resource condition key: supplementaries:flag
[00:13:12] [main/ERROR]: Failed to parse resource conditions for file of type recipe with id supplementaries:candle_holder_maroon, skipping: Unknown resource condition key: supplementaries:flag
[00:13:12] [main/ERROR]: Failed to parse resource conditions for file of type recipe with id supplementaries:flag_ginger, skipping: Unknown resource condition key: supplementaries:flag
[00:13:12] [main/ERROR]: Failed to parse resource conditions for file of type recipe with id supplementaries:flag_forest, skipping: Unknown resource condition key: supplementaries:flag
[00:13:12] [main/ERROR]: Failed to parse resource conditions for file of type recipe with id supplementaries:candle_holder_slate, skipping: Unknown resource condition key: supplementaries:flag
[00:13:12] [main/ERROR]: Failed to parse resource conditions for file of type recipe with id supplementaries:candle_holder_olive, skipping: Unknown resource condition key: supplementaries:flag
[00:13:12] [main/ERROR]: Failed to parse resource conditions for file of type recipe with id suppsquared:gold_candle_holder_forest, skipping: Unknown resource condition key: supplementaries:flag
[00:13:12] [main/ERROR]: Failed to parse resource conditions for file of type recipe with id suppsquared:gold_candle_holder_ginger, skipping: Unknown resource condition key: supplementaries:flag
[00:13:12] [main/ERROR]: Failed to parse resource conditions for file of type recipe with id supplementaries:flag_verdant, skipping: Unknown resource condition key: supplementaries:flag
[00:13:12] [main/ERROR]: Failed to parse resource conditions for file of type recipe with id suppsquared:gold_candle_holder_aqua, skipping: Unknown resource condition key: supplementaries:flag
[00:13:12] [main/ERROR]: Failed to parse resource conditions for file of type recipe with id suppsquared:gold_candle_holder_verdant, skipping: Unknown resource condition key: supplementaries:flag
[00:13:12] [main/ERROR]: Failed to parse resource conditions for file of type recipe with id supplementaries:flag_aqua, skipping: Unknown resource condition key: supplementaries:flag
[00:13:12] [main/ERROR]: Failed to parse resource conditions for file of type recipe with id supplementaries:candle_holder_forest, skipping: Unknown resource condition key: supplementaries:flag
[00:13:12] [main/ERROR]: Failed to parse resource conditions for file of type recipe with id supplementaries:flag_maroon, skipping: Unknown resource condition key: supplementaries:flag
[00:13:12] [main/ERROR]: Failed to parse resource conditions for file of type recipe with id suppsquared:gold_candle_holder_maroon, skipping: Unknown resource condition key: supplementaries:flag
[00:13:12] [main/ERROR]: Failed to parse resource conditions for file of type recipe with id supplementaries:flag_olive, skipping: Unknown resource condition key: supplementaries:flag
[00:13:12] [main/ERROR]: Failed to parse resource conditions for file of type recipe with id supplementaries:flag_slate, skipping: Unknown resource condition key: supplementaries:flag
[00:13:12] [main/ERROR]: Failed to parse resource conditions for file of type recipe with id supplementaries:candle_holder_mint, skipping: Unknown resource condition key: supplementaries:flag
[00:13:12] [main/ERROR]: Failed to parse resource conditions for file of type recipe with id supplementaries:candle_holder_amber, skipping: Unknown resource condition key: supplementaries:flag
[00:13:12] [main/ERROR]: Failed to parse resource conditions for file of type recipe with id suppsquared:gold_candle_holder_coral, skipping: Unknown resource condition key: supplementaries:flag
[00:13:12] [main/ERROR]: Parsing error loading recipe suppsquared:gold_candle_holder_mint
com.google.gson.JsonParseException: Unknown registry key in ResourceKey[minecraft:root / minecraft:item]: suppsquared:gold_candle_holder_mint
	at knot/com.mojang.serialization.DataResult$Error.md83676b$owo$lambda$addStackTraceToException$0$0(DataResult.java:565) ~[datafixerupper-8.0.16.jar:?]
	at knot/com.mojang.serialization.DataResult$Error.getOrThrow(DataResult.java:287) ~[datafixerupper-8.0.16.jar:?]
	at knot/net.minecraft.class_1863.method_20705(class_1863.java:62) ~[server-intermediary.jar:?]
	at knot/net.minecraft.class_1863.method_18788(class_1863.java:35) ~[server-intermediary.jar:?]
	at knot/net.minecraft.class_4080.method_18790(class_4080.java:13) ~[server-intermediary.jar:?]
	at java.base/java.util.concurrent.CompletableFuture$UniAccept.tryFire(CompletableFuture.java:718) ~[?:?]
	at java.base/java.util.concurrent.CompletableFuture$Completion.run(CompletableFuture.java:482) ~[?:?]
	at knot/net.minecraft.class_4014.method_18365(class_4014.java:69) ~[server-intermediary.jar:?]
	at knot/net.minecraft.class_156.method_43498(class_156.java:1024) [server-intermediary.jar:?]
	at knot/net.minecraft.class_156.method_43499(class_156.java:1012) [server-intermediary.jar:?]
	at knot/net.minecraft.server.Main.main(Main.java:182) [server-intermediary.jar:?]
	at net.fabricmc.loader.impl.game.minecraft.MinecraftGameProvider.launch(MinecraftGameProvider.java:514) [fabric-loader-0.18.4.jar:?]
	at net.fabricmc.loader.impl.launch.knot.Knot.launch(Knot.java:72) [fabric-loader-0.18.4.jar:?]
	at net.fabricmc.loader.impl.launch.knot.KnotServer.main(KnotServer.java:23) [fabric-loader-0.18.4.jar:?]
	at net.fabricmc.loader.impl.launch.server.FabricServerLauncher.main(FabricServerLauncher.java:69) [fabric-loader-0.18.4.jar:?]
	at net.fabricmc.installer.ServerLauncher.main(ServerLauncher.java:69) [server.jar:1.1.1]
[00:13:12] [main/ERROR]: Parsing error loading recipe suppsquared:gold_candle_holder_slate
com.google.gson.JsonParseException: Unknown registry key in ResourceKey[minecraft:root / minecraft:item]: suppsquared:gold_candle_holder_slate
	at knot/com.mojang.serialization.DataResult$Error.md83676b$owo$lambda$addStackTraceToException$0$0(DataResult.java:565) ~[datafixerupper-8.0.16.jar:?]
	at knot/com.mojang.serialization.DataResult$Error.getOrThrow(DataResult.java:287) ~[datafixerupper-8.0.16.jar:?]
	at knot/net.minecraft.class_1863.method_20705(class_1863.java:62) ~[server-intermediary.jar:?]
	at knot/net.minecraft.class_1863.method_18788(class_1863.java:35) ~[server-intermediary.jar:?]
	at knot/net.minecraft.class_4080.method_18790(class_4080.java:13) ~[server-intermediary.jar:?]
	at java.base/java.util.concurrent.CompletableFuture$UniAccept.tryFire(CompletableFuture.java:718) ~[?:?]
	at java.base/java.util.concurrent.CompletableFuture$Completion.run(CompletableFuture.java:482) ~[?:?]
	at knot/net.minecraft.class_4014.method_18365(class_4014.java:69) ~[server-intermediary.jar:?]
	at knot/net.minecraft.class_156.method_43498(class_156.java:1024) [server-intermediary.jar:?]
	at knot/net.minecraft.class_156.method_43499(class_156.java:1012) [server-intermediary.jar:?]
	at knot/net.minecraft.server.Main.main(Main.java:182) [server-intermediary.jar:?]
	at net.fabricmc.loader.impl.game.minecraft.MinecraftGameProvider.launch(MinecraftGameProvider.java:514) [fabric-loader-0.18.4.jar:?]
	at net.fabricmc.loader.impl.launch.knot.Knot.launch(Knot.java:72) [fabric-loader-0.18.4.jar:?]
	at net.fabricmc.loader.impl.launch.knot.KnotServer.main(KnotServer.java:23) [fabric-loader-0.18.4.jar:?]
	at net.fabricmc.loader.impl.launch.server.FabricServerLauncher.main(FabricServerLauncher.java:69) [fabric-loader-0.18.4.jar:?]
	at net.fabricmc.installer.ServerLauncher.main(ServerLauncher.java:69) [server.jar:1.1.1]
[00:13:12] [main/ERROR]: Parsing error loading recipe suppsquared:gold_candle_holder_olive
com.google.gson.JsonParseException: Unknown registry key in ResourceKey[minecraft:root / minecraft:item]: suppsquared:gold_candle_holder_olive
	at knot/com.mojang.serialization.DataResult$Error.md83676b$owo$lambda$addStackTraceToException$0$0(DataResult.java:565) ~[datafixerupper-8.0.16.jar:?]
	at knot/com.mojang.serialization.DataResult$Error.getOrThrow(DataResult.java:287) ~[datafixerupper-8.0.16.jar:?]
	at knot/net.minecraft.class_1863.method_20705(class_1863.java:62) ~[server-intermediary.jar:?]
	at knot/net.minecraft.class_1863.method_18788(class_1863.java:35) ~[server-intermediary.jar:?]
	at knot/net.minecraft.class_4080.method_18790(class_4080.java:13) ~[server-intermediary.jar:?]
	at java.base/java.util.concurrent.CompletableFuture$UniAccept.tryFire(CompletableFuture.java:718) ~[?:?]
	at java.base/java.util.concurrent.CompletableFuture$Completion.run(CompletableFuture.java:482) ~[?:?]
	at knot/net.minecraft.class_4014.method_18365(class_4014.java:69) ~[server-intermediary.jar:?]
	at knot/net.minecraft.class_156.method_43498(class_156.java:1024) [server-intermediary.jar:?]
	at knot/net.minecraft.class_156.method_43499(class_156.java:1012) [server-intermediary.jar:?]
	at knot/net.minecraft.server.Main.main(Main.java:182) [server-intermediary.jar:?]
	at net.fabricmc.loader.impl.game.minecraft.MinecraftGameProvider.launch(MinecraftGameProvider.java:514) [fabric-loader-0.18.4.jar:?]
	at net.fabricmc.loader.impl.launch.knot.Knot.launch(Knot.java:72) [fabric-loader-0.18.4.jar:?]
	at net.fabricmc.loader.impl.launch.knot.KnotServer.main(KnotServer.java:23) [fabric-loader-0.18.4.jar:?]
	at net.fabricmc.loader.impl.launch.server.FabricServerLauncher.main(FabricServerLauncher.java:69) [fabric-loader-0.18.4.jar:?]
	at net.fabricmc.installer.ServerLauncher.main(ServerLauncher.java:69) [server.jar:1.1.1]
[00:13:12] [main/ERROR]: Parsing error loading recipe shutter:palm_shutter
com.google.gson.JsonParseException: Unknown registry key in ResourceKey[minecraft:root / minecraft:item]: shutter:palm_shutter; Map entry '_' : Failed to parse either. First: Input does not contain a key [fabric:type]: MapLike[{"item":"beachparty:palm_slab"}]; Second: Failed to parse either. First: Not a json array: {"item":"beachparty:palm_slab"}; Second: No key tag in MapLike[{"item":"beachparty:palm_slab"}]; Unknown registry key in ResourceKey[minecraft:root / minecraft:item]: beachparty:palm_slab
	at knot/com.mojang.serialization.DataResult$Error.md83676b$owo$lambda$addStackTraceToException$0$0(DataResult.java:565) ~[datafixerupper-8.0.16.jar:?]
	at knot/com.mojang.serialization.DataResult$Error.getOrThrow(DataResult.java:287) ~[datafixerupper-8.0.16.jar:?]
	at knot/net.minecraft.class_1863.method_20705(class_1863.java:62) ~[server-intermediary.jar:?]
	at knot/net.minecraft.class_1863.method_18788(class_1863.java:35) ~[server-intermediary.jar:?]
	at knot/net.minecraft.class_4080.method_18790(class_4080.java:13) ~[server-intermediary.jar:?]
	at java.base/java.util.concurrent.CompletableFuture$UniAccept.tryFire(CompletableFuture.java:718) ~[?:?]
	at java.base/java.util.concurrent.CompletableFuture$Completion.run(CompletableFuture.java:482) ~[?:?]
	at knot/net.minecraft.class_4014.method_18365(class_4014.java:69) ~[server-intermediary.jar:?]
	at knot/net.minecraft.class_156.method_43498(class_156.java:1024) [server-intermediary.jar:?]
	at knot/net.minecraft.class_156.method_43499(class_156.java:1012) [server-intermediary.jar:?]
	at knot/net.minecraft.server.Main.main(Main.java:182) [server-intermediary.jar:?]
	at net.fabricmc.loader.impl.game.minecraft.MinecraftGameProvider.launch(MinecraftGameProvider.java:514) [fabric-loader-0.18.4.jar:?]
	at net.fabricmc.loader.impl.launch.knot.Knot.launch(Knot.java:72) [fabric-loader-0.18.4.jar:?]
	at net.fabricmc.loader.impl.launch.knot.KnotServer.main(KnotServer.java:23) [fabric-loader-0.18.4.jar:?]
	at net.fabricmc.loader.impl.launch.server.FabricServerLauncher.main(FabricServerLauncher.java:69) [fabric-loader-0.18.4.jar:?]
	at net.fabricmc.installer.ServerLauncher.main(ServerLauncher.java:69) [server.jar:1.1.1]
[00:13:12] [main/ERROR]: Parsing error loading recipe supplementaries:flag_teal
com.google.gson.JsonParseException: Unknown registry key in ResourceKey[minecraft:root / minecraft:item]: supplementaries:flag_teal
	at knot/com.mojang.serialization.DataResult$Error.md83676b$owo$lambda$addStackTraceToException$0$0(DataResult.java:565) ~[datafixerupper-8.0.16.jar:?]
	at knot/com.mojang.serialization.DataResult$Error.getOrThrow(DataResult.java:287) ~[datafixerupper-8.0.16.jar:?]
	at knot/net.minecraft.class_1863.method_20705(class_1863.java:62) ~[server-intermediary.jar:?]
	at knot/net.minecraft.class_1863.method_18788(class_1863.java:35) ~[server-intermediary.jar:?]
	at knot/net.minecraft.class_4080.method_18790(class_4080.java:13) ~[server-intermediary.jar:?]
	at java.base/java.util.concurrent.CompletableFuture$UniAccept.tryFire(CompletableFuture.java:718) ~[?:?]
	at java.base/java.util.concurrent.CompletableFuture$Completion.run(CompletableFuture.java:482) ~[?:?]
	at knot/net.minecraft.class_4014.method_18365(class_4014.java:69) ~[server-intermediary.jar:?]
	at knot/net.minecraft.class_156.method_43498(class_156.java:1024) [server-intermediary.jar:?]
	at knot/net.minecraft.class_156.method_43499(class_156.java:1012) [server-intermediary.jar:?]
	at knot/net.minecraft.server.Main.main(Main.java:182) [server-intermediary.jar:?]
	at net.fabricmc.loader.impl.game.minecraft.MinecraftGameProvider.launch(MinecraftGameProvider.java:514) [fabric-loader-0.18.4.jar:?]
	at net.fabricmc.loader.impl.launch.knot.Knot.launch(Knot.java:72) [fabric-loader-0.18.4.jar:?]
	at net.fabricmc.loader.impl.launch.knot.KnotServer.main(KnotServer.java:23) [fabric-loader-0.18.4.jar:?]
	at net.fabricmc.loader.impl.launch.server.FabricServerLauncher.main(FabricServerLauncher.java:69) [fabric-loader-0.18.4.jar:?]
	at net.fabricmc.installer.ServerLauncher.main(ServerLauncher.java:69) [server.jar:1.1.1]
[00:13:12] [main/ERROR]: Parsing error loading recipe shutter:azalea_quark_shutter
com.google.gson.JsonParseException: Map entry '_' : Failed to parse either. First: Input does not contain a key [fabric:type]: MapLike[{"item":"quark:azalea_planks_slab"}]; Second: Failed to parse either. First: Not a json array: {"item":"quark:azalea_planks_slab"}; Second: No key tag in MapLike[{"item":"quark:azalea_planks_slab"}]; Unknown registry key in ResourceKey[minecraft:root / minecraft:item]: quark:azalea_planks_slab
	at knot/com.mojang.serialization.DataResult$Error.md83676b$owo$lambda$addStackTraceToException$0$0(DataResult.java:565) ~[datafixerupper-8.0.16.jar:?]
	at knot/com.mojang.serialization.DataResult$Error.getOrThrow(DataResult.java:287) ~[datafixerupper-8.0.16.jar:?]
	at knot/net.minecraft.class_1863.method_20705(class_1863.java:62) ~[server-intermediary.jar:?]
	at knot/net.minecraft.class_1863.method_18788(class_1863.java:35) ~[server-intermediary.jar:?]
	at knot/net.minecraft.class_4080.method_18790(class_4080.java:13) ~[server-intermediary.jar:?]
	at java.base/java.util.concurrent.CompletableFuture$UniAccept.tryFire(CompletableFuture.java:718) ~[?:?]
	at java.base/java.util.concurrent.CompletableFuture$Completion.run(CompletableFuture.java:482) ~[?:?]
	at knot/net.minecraft.class_4014.method_18365(class_4014.java:69) ~[server-intermediary.jar:?]
	at knot/net.minecraft.class_156.method_43498(class_156.java:1024) [server-intermediary.jar:?]
	at knot/net.minecraft.class_156.method_43499(class_156.java:1012) [server-intermediary.jar:?]
	at knot/net.minecraft.server.Main.main(Main.java:182) [server-intermediary.jar:?]
	at net.fabricmc.loader.impl.game.minecraft.MinecraftGameProvider.launch(MinecraftGameProvider.java:514) [fabric-loader-0.18.4.jar:?]
	at net.fabricmc.loader.impl.launch.knot.Knot.launch(Knot.java:72) [fabric-loader-0.18.4.jar:?]
	at net.fabricmc.loader.impl.launch.knot.KnotServer.main(KnotServer.java:23) [fabric-loader-0.18.4.jar:?]
	at net.fabricmc.loader.impl.launch.server.FabricServerLauncher.main(FabricServerLauncher.java:69) [fabric-loader-0.18.4.jar:?]
	at net.fabricmc.installer.ServerLauncher.main(ServerLauncher.java:69) [server.jar:1.1.1]
[00:13:12] [main/ERROR]: Parsing error loading recipe supplementaries:flag_amber
com.google.gson.JsonParseException: Unknown registry key in ResourceKey[minecraft:root / minecraft:item]: supplementaries:flag_amber
	at knot/com.mojang.serialization.DataResult$Error.md83676b$owo$lambda$addStackTraceToException$0$0(DataResult.java:565) ~[datafixerupper-8.0.16.jar:?]
	at knot/com.mojang.serialization.DataResult$Error.getOrThrow(DataResult.java:287) ~[datafixerupper-8.0.16.jar:?]
	at knot/net.minecraft.class_1863.method_20705(class_1863.java:62) ~[server-intermediary.jar:?]
	at knot/net.minecraft.class_1863.method_18788(class_1863.java:35) ~[server-intermediary.jar:?]
	at knot/net.minecraft.class_4080.method_18790(class_4080.java:13) ~[server-intermediary.jar:?]
	at java.base/java.util.concurrent.CompletableFuture$UniAccept.tryFire(CompletableFuture.java:718) ~[?:?]
	at java.base/java.util.concurrent.CompletableFuture$Completion.run(CompletableFuture.java:482) ~[?:?]
	at knot/net.minecraft.class_4014.method_18365(class_4014.java:69) ~[server-intermediary.jar:?]
	at knot/net.minecraft.class_156.method_43498(class_156.java:1024) [server-intermediary.jar:?]
	at knot/net.minecraft.class_156.method_43499(class_156.java:1012) [server-intermediary.jar:?]
	at knot/net.minecraft.server.Main.main(Main.java:182) [server-intermediary.jar:?]
	at net.fabricmc.loader.impl.game.minecraft.MinecraftGameProvider.launch(MinecraftGameProvider.java:514) [fabric-loader-0.18.4.jar:?]
	at net.fabricmc.loader.impl.launch.knot.Knot.launch(Knot.java:72) [fabric-loader-0.18.4.jar:?]
	at net.fabricmc.loader.impl.launch.knot.KnotServer.main(KnotServer.java:23) [fabric-loader-0.18.4.jar:?]
	at net.fabricmc.loader.impl.launch.server.FabricServerLauncher.main(FabricServerLauncher.java:69) [fabric-loader-0.18.4.jar:?]
	at net.fabricmc.installer.ServerLauncher.main(ServerLauncher.java:69) [server.jar:1.1.1]
[00:13:12] [main/ERROR]: Parsing error loading recipe supplementaries:flag_indigo
com.google.gson.JsonParseException: Unknown registry key in ResourceKey[minecraft:root / minecraft:item]: supplementaries:flag_indigo
	at knot/com.mojang.serialization.DataResult$Error.md83676b$owo$lambda$addStackTraceToException$0$0(DataResult.java:565) ~[datafixerupper-8.0.16.jar:?]
	at knot/com.mojang.serialization.DataResult$Error.getOrThrow(DataResult.java:287) ~[datafixerupper-8.0.16.jar:?]
	at knot/net.minecraft.class_1863.method_20705(class_1863.java:62) ~[server-intermediary.jar:?]
	at knot/net.minecraft.class_1863.method_18788(class_1863.java:35) ~[server-intermediary.jar:?]
	at knot/net.minecraft.class_4080.method_18790(class_4080.java:13) ~[server-intermediary.jar:?]
	at java.base/java.util.concurrent.CompletableFuture$UniAccept.tryFire(CompletableFuture.java:718) ~[?:?]
	at java.base/java.util.concurrent.CompletableFuture$Completion.run(CompletableFuture.java:482) ~[?:?]
	at knot/net.minecraft.class_4014.method_18365(class_4014.java:69) ~[server-intermediary.jar:?]
	at knot/net.minecraft.class_156.method_43498(class_156.java:1024) [server-intermediary.jar:?]
	at knot/net.minecraft.class_156.method_43499(class_156.java:1012) [server-intermediary.jar:?]
	at knot/net.minecraft.server.Main.main(Main.java:182) [server-intermediary.jar:?]
	at net.fabricmc.loader.impl.game.minecraft.MinecraftGameProvider.launch(MinecraftGameProvider.java:514) [fabric-loader-0.18.4.jar:?]
	at net.fabricmc.loader.impl.launch.knot.Knot.launch(Knot.java:72) [fabric-loader-0.18.4.jar:?]
	at net.fabricmc.loader.impl.launch.knot.KnotServer.main(KnotServer.java:23) [fabric-loader-0.18.4.jar:?]
	at net.fabricmc.loader.impl.launch.server.FabricServerLauncher.main(FabricServerLauncher.java:69) [fabric-loader-0.18.4.jar:?]
	at net.fabricmc.installer.ServerLauncher.main(ServerLauncher.java:69) [server.jar:1.1.1]
[00:13:12] [main/ERROR]: Parsing error loading recipe supplementaries:flag_rose
com.google.gson.JsonParseException: Unknown registry key in ResourceKey[minecraft:root / minecraft:item]: supplementaries:flag_rose
	at knot/com.mojang.serialization.DataResult$Error.md83676b$owo$lambda$addStackTraceToException$0$0(DataResult.java:565) ~[datafixerupper-8.0.16.jar:?]
	at knot/com.mojang.serialization.DataResult$Error.getOrThrow(DataResult.java:287) ~[datafixerupper-8.0.16.jar:?]
	at knot/net.minecraft.class_1863.method_20705(class_1863.java:62) ~[server-intermediary.jar:?]
	at knot/net.minecraft.class_1863.method_18788(class_1863.java:35) ~[server-intermediary.jar:?]
	at knot/net.minecraft.class_4080.method_18790(class_4080.java:13) ~[server-intermediary.jar:?]
	at java.base/java.util.concurrent.CompletableFuture$UniAccept.tryFire(CompletableFuture.java:718) ~[?:?]
	at java.base/java.util.concurrent.CompletableFuture$Completion.run(CompletableFuture.java:482) ~[?:?]
	at knot/net.minecraft.class_4014.method_18365(class_4014.java:69) ~[server-intermediary.jar:?]
	at knot/net.minecraft.class_156.method_43498(class_156.java:1024) [server-intermediary.jar:?]
	at knot/net.minecraft.class_156.method_43499(class_156.java:1012) [server-intermediary.jar:?]
	at knot/net.minecraft.server.Main.main(Main.java:182) [server-intermediary.jar:?]
	at net.fabricmc.loader.impl.game.minecraft.MinecraftGameProvider.launch(MinecraftGameProvider.java:514) [fabric-loader-0.18.4.jar:?]
	at net.fabricmc.loader.impl.launch.knot.Knot.launch(Knot.java:72) [fabric-loader-0.18.4.jar:?]
	at net.fabricmc.loader.impl.launch.knot.KnotServer.main(KnotServer.java:23) [fabric-loader-0.18.4.jar:?]
	at net.fabricmc.loader.impl.launch.server.FabricServerLauncher.main(FabricServerLauncher.java:69) [fabric-loader-0.18.4.jar:?]
	at net.fabricmc.installer.ServerLauncher.main(ServerLauncher.java:69) [server.jar:1.1.1]
[00:13:12] [main/ERROR]: Parsing error loading recipe supplementaries:candle_holder_indigo
com.google.gson.JsonParseException: Unknown registry key in ResourceKey[minecraft:root / minecraft:item]: supplementaries:candle_holder_indigo
	at knot/com.mojang.serialization.DataResult$Error.md83676b$owo$lambda$addStackTraceToException$0$0(DataResult.java:565) ~[datafixerupper-8.0.16.jar:?]
	at knot/com.mojang.serialization.DataResult$Error.getOrThrow(DataResult.java:287) ~[datafixerupper-8.0.16.jar:?]
	at knot/net.minecraft.class_1863.method_20705(class_1863.java:62) ~[server-intermediary.jar:?]
	at knot/net.minecraft.class_1863.method_18788(class_1863.java:35) ~[server-intermediary.jar:?]
	at knot/net.minecraft.class_4080.method_18790(class_4080.java:13) ~[server-intermediary.jar:?]
	at java.base/java.util.concurrent.CompletableFuture$UniAccept.tryFire(CompletableFuture.java:718) ~[?:?]
	at java.base/java.util.concurrent.CompletableFuture$Completion.run(CompletableFuture.java:482) ~[?:?]
	at knot/net.minecraft.class_4014.method_18365(class_4014.java:69) ~[server-intermediary.jar:?]
	at knot/net.minecraft.class_156.method_43498(class_156.java:1024) [server-intermediary.jar:?]
	at knot/net.minecraft.class_156.method_43499(class_156.java:1012) [server-intermediary.jar:?]
	at knot/net.minecraft.server.Main.main(Main.java:182) [server-intermediary.jar:?]
	at net.fabricmc.loader.impl.game.minecraft.MinecraftGameProvider.launch(MinecraftGameProvider.java:514) [fabric-loader-0.18.4.jar:?]
	at net.fabricmc.loader.impl.launch.knot.Knot.launch(Knot.java:72) [fabric-loader-0.18.4.jar:?]
	at net.fabricmc.loader.impl.launch.knot.KnotServer.main(KnotServer.java:23) [fabric-loader-0.18.4.jar:?]
	at net.fabricmc.loader.impl.launch.server.FabricServerLauncher.main(FabricServerLauncher.java:69) [fabric-loader-0.18.4.jar:?]
	at net.fabricmc.installer.ServerLauncher.main(ServerLauncher.java:69) [server.jar:1.1.1]
[00:13:12] [main/ERROR]: Parsing error loading recipe supplementaries:candle_holder_beige
com.google.gson.JsonParseException: Unknown registry key in ResourceKey[minecraft:root / minecraft:item]: supplementaries:candle_holder_beige
	at knot/com.mojang.serialization.DataResult$Error.md83676b$owo$lambda$addStackTraceToException$0$0(DataResult.java:565) ~[datafixerupper-8.0.16.jar:?]
	at knot/com.mojang.serialization.DataResult$Error.getOrThrow(DataResult.java:287) ~[datafixerupper-8.0.16.jar:?]
	at knot/net.minecraft.class_1863.method_20705(class_1863.java:62) ~[server-intermediary.jar:?]
	at knot/net.minecraft.class_1863.method_18788(class_1863.java:35) ~[server-intermediary.jar:?]
	at knot/net.minecraft.class_4080.method_18790(class_4080.java:13) ~[server-intermediary.jar:?]
	at java.base/java.util.concurrent.CompletableFuture$UniAccept.tryFire(CompletableFuture.java:718) ~[?:?]
	at java.base/java.util.concurrent.CompletableFuture$Completion.run(CompletableFuture.java:482) ~[?:?]
	at knot/net.minecraft.class_4014.method_18365(class_4014.java:69) ~[server-intermediary.jar:?]
	at knot/net.minecraft.class_156.method_43498(class_156.java:1024) [server-intermediary.jar:?]
	at knot/net.minecraft.class_156.method_43499(class_156.java:1012) [server-intermediary.jar:?]
	at knot/net.minecraft.server.Main.main(Main.java:182) [server-intermediary.jar:?]
	at net.fabricmc.loader.impl.game.minecraft.MinecraftGameProvider.launch(MinecraftGameProvider.java:514) [fabric-loader-0.18.4.jar:?]
	at net.fabricmc.loader.impl.launch.knot.Knot.launch(Knot.java:72) [fabric-loader-0.18.4.jar:?]
	at net.fabricmc.loader.impl.launch.knot.KnotServer.main(KnotServer.java:23) [fabric-loader-0.18.4.jar:?]
	at net.fabricmc.loader.impl.launch.server.FabricServerLauncher.main(FabricServerLauncher.java:69) [fabric-loader-0.18.4.jar:?]
	at net.fabricmc.installer.ServerLauncher.main(ServerLauncher.java:69) [server.jar:1.1.1]
[00:13:12] [main/ERROR]: Parsing error loading recipe supplementaries:flag_navy
com.google.gson.JsonParseException: Unknown registry key in ResourceKey[minecraft:root / minecraft:item]: supplementaries:flag_navy
	at knot/com.mojang.serialization.DataResult$Error.md83676b$owo$lambda$addStackTraceToException$0$0(DataResult.java:565) ~[datafixerupper-8.0.16.jar:?]
	at knot/com.mojang.serialization.DataResult$Error.getOrThrow(DataResult.java:287) ~[datafixerupper-8.0.16.jar:?]
	at knot/net.minecraft.class_1863.method_20705(class_1863.java:62) ~[server-intermediary.jar:?]
	at knot/net.minecraft.class_1863.method_18788(class_1863.java:35) ~[server-intermediary.jar:?]
	at knot/net.minecraft.class_4080.method_18790(class_4080.java:13) ~[server-intermediary.jar:?]
	at java.base/java.util.concurrent.CompletableFuture$UniAccept.tryFire(CompletableFuture.java:718) ~[?:?]
	at java.base/java.util.concurrent.CompletableFuture$Completion.run(CompletableFuture.java:482) ~[?:?]
	at knot/net.minecraft.class_4014.method_18365(class_4014.java:69) ~[server-intermediary.jar:?]
	at knot/net.minecraft.class_156.method_43498(class_156.java:1024) [server-intermediary.jar:?]
	at knot/net.minecraft.class_156.method_43499(class_156.java:1012) [server-intermediary.jar:?]
	at knot/net.minecraft.server.Main.main(Main.java:182) [server-intermediary.jar:?]
	at net.fabricmc.loader.impl.game.minecraft.MinecraftGameProvider.launch(MinecraftGameProvider.java:514) [fabric-loader-0.18.4.jar:?]
	at net.fabricmc.loader.impl.launch.knot.Knot.launch(Knot.java:72) [fabric-loader-0.18.4.jar:?]
	at net.fabricmc.loader.impl.launch.knot.KnotServer.main(KnotServer.java:23) [fabric-loader-0.18.4.jar:?]
	at net.fabricmc.loader.impl.launch.server.FabricServerLauncher.main(FabricServerLauncher.java:69) [fabric-loader-0.18.4.jar:?]
	at net.fabricmc.installer.ServerLauncher.main(ServerLauncher.java:69) [server.jar:1.1.1]
[00:13:12] [main/ERROR]: Parsing error loading recipe shutter:walnut_shutter
com.google.gson.JsonParseException: Map entry '_' : Failed to parse either. First: Input does not contain a key [fabric:type]: MapLike[{"item":"ecologics:walnut_slab"}]; Second: Failed to parse either. First: Not a json array: {"item":"ecologics:walnut_slab"}; Second: No key tag in MapLike[{"item":"ecologics:walnut_slab"}]; Unknown registry key in ResourceKey[minecraft:root / minecraft:item]: ecologics:walnut_slab
	at knot/com.mojang.serialization.DataResult$Error.md83676b$owo$lambda$addStackTraceToException$0$0(DataResult.java:565) ~[datafixerupper-8.0.16.jar:?]
	at knot/com.mojang.serialization.DataResult$Error.getOrThrow(DataResult.java:287) ~[datafixerupper-8.0.16.jar:?]
	at knot/net.minecraft.class_1863.method_20705(class_1863.java:62) ~[server-intermediary.jar:?]
	at knot/net.minecraft.class_1863.method_18788(class_1863.java:35) ~[server-intermediary.jar:?]
	at knot/net.minecraft.class_4080.method_18790(class_4080.java:13) ~[server-intermediary.jar:?]
	at java.base/java.util.concurrent.CompletableFuture$UniAccept.tryFire(CompletableFuture.java:718) ~[?:?]
	at java.base/java.util.concurrent.CompletableFuture$Completion.run(CompletableFuture.java:482) ~[?:?]
	at knot/net.minecraft.class_4014.method_18365(class_4014.java:69) ~[server-intermediary.jar:?]
	at knot/net.minecraft.class_156.method_43498(class_156.java:1024) [server-intermediary.jar:?]
	at knot/net.minecraft.class_156.method_43499(class_156.java:1012) [server-intermediary.jar:?]
	at knot/net.minecraft.server.Main.main(Main.java:182) [server-intermediary.jar:?]
	at net.fabricmc.loader.impl.game.minecraft.MinecraftGameProvider.launch(MinecraftGameProvider.java:514) [fabric-loader-0.18.4.jar:?]
	at net.fabricmc.loader.impl.launch.knot.Knot.launch(Knot.java:72) [fabric-loader-0.18.4.jar:?]
	at net.fabricmc.loader.impl.launch.knot.KnotServer.main(KnotServer.java:23) [fabric-loader-0.18.4.jar:?]
	at net.fabricmc.loader.impl.launch.server.FabricServerLauncher.main(FabricServerLauncher.java:69) [fabric-loader-0.18.4.jar:?]
	at net.fabricmc.installer.ServerLauncher.main(ServerLauncher.java:69) [server.jar:1.1.1]
[00:13:12] [main/ERROR]: Parsing error loading recipe supplementaries:candle_holder_tan
com.google.gson.JsonParseException: Unknown registry key in ResourceKey[minecraft:root / minecraft:item]: supplementaries:candle_holder_tan
	at knot/com.mojang.serialization.DataResult$Error.md83676b$owo$lambda$addStackTraceToException$0$0(DataResult.java:565) ~[datafixerupper-8.0.16.jar:?]
	at knot/com.mojang.serialization.DataResult$Error.getOrThrow(DataResult.java:287) ~[datafixerupper-8.0.16.jar:?]
	at knot/net.minecraft.class_1863.method_20705(class_1863.java:62) ~[server-intermediary.jar:?]
	at knot/net.minecraft.class_1863.method_18788(class_1863.java:35) ~[server-intermediary.jar:?]
	at knot/net.minecraft.class_4080.method_18790(class_4080.java:13) ~[server-intermediary.jar:?]
	at java.base/java.util.concurrent.CompletableFuture$UniAccept.tryFire(CompletableFuture.java:718) ~[?:?]
	at java.base/java.util.concurrent.CompletableFuture$Completion.run(CompletableFuture.java:482) ~[?:?]
	at knot/net.minecraft.class_4014.method_18365(class_4014.java:69) ~[server-intermediary.jar:?]
	at knot/net.minecraft.class_156.method_43498(class_156.java:1024) [server-intermediary.jar:?]
	at knot/net.minecraft.class_156.method_43499(class_156.java:1012) [server-intermediary.jar:?]
	at knot/net.minecraft.server.Main.main(Main.java:182) [server-intermediary.jar:?]
	at net.fabricmc.loader.impl.game.minecraft.MinecraftGameProvider.launch(MinecraftGameProvider.java:514) [fabric-loader-0.18.4.jar:?]
	at net.fabricmc.loader.impl.launch.knot.Knot.launch(Knot.java:72) [fabric-loader-0.18.4.jar:?]
	at net.fabricmc.loader.impl.launch.knot.KnotServer.main(KnotServer.java:23) [fabric-loader-0.18.4.jar:?]
	at net.fabricmc.loader.impl.launch.server.FabricServerLauncher.main(FabricServerLauncher.java:69) [fabric-loader-0.18.4.jar:?]
	at net.fabricmc.installer.ServerLauncher.main(ServerLauncher.java:69) [server.jar:1.1.1]
[00:13:12] [main/ERROR]: Parsing error loading recipe supplementaries:candle_holder_navy
com.google.gson.JsonParseException: Unknown registry key in ResourceKey[minecraft:root / minecraft:item]: supplementaries:candle_holder_navy
	at knot/com.mojang.serialization.DataResult$Error.md83676b$owo$lambda$addStackTraceToException$0$0(DataResult.java:565) ~[datafixerupper-8.0.16.jar:?]
	at knot/com.mojang.serialization.DataResult$Error.getOrThrow(DataResult.java:287) ~[datafixerupper-8.0.16.jar:?]
	at knot/net.minecraft.class_1863.method_20705(class_1863.java:62) ~[server-intermediary.jar:?]
	at knot/net.minecraft.class_1863.method_18788(class_1863.java:35) ~[server-intermediary.jar:?]
	at knot/net.minecraft.class_4080.method_18790(class_4080.java:13) ~[server-intermediary.jar:?]
	at java.base/java.util.concurrent.CompletableFuture$UniAccept.tryFire(CompletableFuture.java:718) ~[?:?]
	at java.base/java.util.concurrent.CompletableFuture$Completion.run(CompletableFuture.java:482) ~[?:?]
	at knot/net.minecraft.class_4014.method_18365(class_4014.java:69) ~[server-intermediary.jar:?]
	at knot/net.minecraft.class_156.method_43498(class_156.java:1024) [server-intermediary.jar:?]
	at knot/net.minecraft.class_156.method_43499(class_156.java:1012) [server-intermediary.jar:?]
	at knot/net.minecraft.server.Main.main(Main.java:182) [server-intermediary.jar:?]
	at net.fabricmc.loader.impl.game.minecraft.MinecraftGameProvider.launch(MinecraftGameProvider.java:514) [fabric-loader-0.18.4.jar:?]
	at net.fabricmc.loader.impl.launch.knot.Knot.launch(Knot.java:72) [fabric-loader-0.18.4.jar:?]
	at net.fabricmc.loader.impl.launch.knot.KnotServer.main(KnotServer.java:23) [fabric-loader-0.18.4.jar:?]
	at net.fabricmc.loader.impl.launch.server.FabricServerLauncher.main(FabricServerLauncher.java:69) [fabric-loader-0.18.4.jar:?]
	at net.fabricmc.installer.ServerLauncher.main(ServerLauncher.java:69) [server.jar:1.1.1]
[00:13:12] [main/ERROR]: Parsing error loading recipe supplementaries:candle_holder_verdant
com.google.gson.JsonParseException: Unknown registry key in ResourceKey[minecraft:root / minecraft:item]: supplementaries:candle_holder_verdant
	at knot/com.mojang.serialization.DataResult$Error.md83676b$owo$lambda$addStackTraceToException$0$0(DataResult.java:565) ~[datafixerupper-8.0.16.jar:?]
	at knot/com.mojang.serialization.DataResult$Error.getOrThrow(DataResult.java:287) ~[datafixerupper-8.0.16.jar:?]
	at knot/net.minecraft.class_1863.method_20705(class_1863.java:62) ~[server-intermediary.jar:?]
	at knot/net.minecraft.class_1863.method_18788(class_1863.java:35) ~[server-intermediary.jar:?]
	at knot/net.minecraft.class_4080.method_18790(class_4080.java:13) ~[server-intermediary.jar:?]
	at java.base/java.util.concurrent.CompletableFuture$UniAccept.tryFire(CompletableFuture.java:718) ~[?:?]
	at java.base/java.util.concurrent.CompletableFuture$Completion.run(CompletableFuture.java:482) ~[?:?]
	at knot/net.minecraft.class_4014.method_18365(class_4014.java:69) ~[server-intermediary.jar:?]
	at knot/net.minecraft.class_156.method_43498(class_156.java:1024) [server-intermediary.jar:?]
	at knot/net.minecraft.class_156.method_43499(class_156.java:1012) [server-intermediary.jar:?]
	at knot/net.minecraft.server.Main.main(Main.java:182) [server-intermediary.jar:?]
	at net.fabricmc.loader.impl.game.minecraft.MinecraftGameProvider.launch(MinecraftGameProvider.java:514) [fabric-loader-0.18.4.jar:?]
	at net.fabricmc.loader.impl.launch.knot.Knot.launch(Knot.java:72) [fabric-loader-0.18.4.jar:?]
	at net.fabricmc.loader.impl.launch.knot.KnotServer.main(KnotServer.java:23) [fabric-loader-0.18.4.jar:?]
	at net.fabricmc.loader.impl.launch.server.FabricServerLauncher.main(FabricServerLauncher.java:69) [fabric-loader-0.18.4.jar:?]
	at net.fabricmc.installer.ServerLauncher.main(ServerLauncher.java:69) [server.jar:1.1.1]
[00:13:12] [main/ERROR]: Parsing error loading recipe supplementaries:candle_holder_coral
com.google.gson.JsonParseException: Unknown registry key in ResourceKey[minecraft:root / minecraft:item]: supplementaries:candle_holder_coral
	at knot/com.mojang.serialization.DataResult$Error.md83676b$owo$lambda$addStackTraceToException$0$0(DataResult.java:565) ~[datafixerupper-8.0.16.jar:?]
	at knot/com.mojang.serialization.DataResult$Error.getOrThrow(DataResult.java:287) ~[datafixerupper-8.0.16.jar:?]
	at knot/net.minecraft.class_1863.method_20705(class_1863.java:62) ~[server-intermediary.jar:?]
	at knot/net.minecraft.class_1863.method_18788(class_1863.java:35) ~[server-intermediary.jar:?]
	at knot/net.minecraft.class_4080.method_18790(class_4080.java:13) ~[server-intermediary.jar:?]
	at java.base/java.util.concurrent.CompletableFuture$UniAccept.tryFire(CompletableFuture.java:718) ~[?:?]
	at java.base/java.util.concurrent.CompletableFuture$Completion.run(CompletableFuture.java:482) ~[?:?]
	at knot/net.minecraft.class_4014.method_18365(class_4014.java:69) ~[server-intermediary.jar:?]
	at knot/net.minecraft.class_156.method_43498(class_156.java:1024) [server-intermediary.jar:?]
	at knot/net.minecraft.class_156.method_43499(class_156.java:1012) [server-intermediary.jar:?]
	at knot/net.minecraft.server.Main.main(Main.java:182) [server-intermediary.jar:?]
	at net.fabricmc.loader.impl.game.minecraft.MinecraftGameProvider.launch(MinecraftGameProvider.java:514) [fabric-loader-0.18.4.jar:?]
	at net.fabricmc.loader.impl.launch.knot.Knot.launch(Knot.java:72) [fabric-loader-0.18.4.jar:?]
	at net.fabricmc.loader.impl.launch.knot.KnotServer.main(KnotServer.java:23) [fabric-loader-0.18.4.jar:?]
	at net.fabricmc.loader.impl.launch.server.FabricServerLauncher.main(FabricServerLauncher.java:69) [fabric-loader-0.18.4.jar:?]
	at net.fabricmc.installer.ServerLauncher.main(ServerLauncher.java:69) [server.jar:1.1.1]
[00:13:12] [main/ERROR]: Parsing error loading recipe create:sequenced_assembly/hicap_color_film_developing
com.google.gson.JsonParseException: Unknown registry key in ResourceKey[minecraft:root / minecraft:recipe_serializer]: create:sequenced_assembly
	at knot/com.mojang.serialization.DataResult$Error.md83676b$owo$lambda$addStackTraceToException$0$0(DataResult.java:565) ~[datafixerupper-8.0.16.jar:?]
	at knot/com.mojang.serialization.DataResult$Error.getOrThrow(DataResult.java:287) ~[datafixerupper-8.0.16.jar:?]
	at knot/net.minecraft.class_1863.method_20705(class_1863.java:62) ~[server-intermediary.jar:?]
	at knot/net.minecraft.class_1863.method_18788(class_1863.java:35) ~[server-intermediary.jar:?]
	at knot/net.minecraft.class_4080.method_18790(class_4080.java:13) ~[server-intermediary.jar:?]
	at java.base/java.util.concurrent.CompletableFuture$UniAccept.tryFire(CompletableFuture.java:718) ~[?:?]
	at java.base/java.util.concurrent.CompletableFuture$Completion.run(CompletableFuture.java:482) ~[?:?]
	at knot/net.minecraft.class_4014.method_18365(class_4014.java:69) ~[server-intermediary.jar:?]
	at knot/net.minecraft.class_156.method_43498(class_156.java:1024) [server-intermediary.jar:?]
	at knot/net.minecraft.class_156.method_43499(class_156.java:1012) [server-intermediary.jar:?]
	at knot/net.minecraft.server.Main.main(Main.java:182) [server-intermediary.jar:?]
	at net.fabricmc.loader.impl.game.minecraft.MinecraftGameProvider.launch(MinecraftGameProvider.java:514) [fabric-loader-0.18.4.jar:?]
	at net.fabricmc.loader.impl.launch.knot.Knot.launch(Knot.java:72) [fabric-loader-0.18.4.jar:?]
	at net.fabricmc.loader.impl.launch.knot.KnotServer.main(KnotServer.java:23) [fabric-loader-0.18.4.jar:?]
	at net.fabricmc.loader.impl.launch.server.FabricServerLauncher.main(FabricServerLauncher.java:69) [fabric-loader-0.18.4.jar:?]
	at net.fabricmc.installer.ServerLauncher.main(ServerLauncher.java:69) [server.jar:1.1.1]
[00:13:12] [main/ERROR]: Parsing error loading recipe suppsquared:gold_candle_holder_amber
com.google.gson.JsonParseException: Unknown registry key in ResourceKey[minecraft:root / minecraft:item]: suppsquared:gold_candle_holder_amber
	at knot/com.mojang.serialization.DataResult$Error.md83676b$owo$lambda$addStackTraceToException$0$0(DataResult.java:565) ~[datafixerupper-8.0.16.jar:?]
	at knot/com.mojang.serialization.DataResult$Error.getOrThrow(DataResult.java:287) ~[datafixerupper-8.0.16.jar:?]
	at knot/net.minecraft.class_1863.method_20705(class_1863.java:62) ~[server-intermediary.jar:?]
	at knot/net.minecraft.class_1863.method_18788(class_1863.java:35) ~[server-intermediary.jar:?]
	at knot/net.minecraft.class_4080.method_18790(class_4080.java:13) ~[server-intermediary.jar:?]
	at java.base/java.util.concurrent.CompletableFuture$UniAccept.tryFire(CompletableFuture.java:718) ~[?:?]
	at java.base/java.util.concurrent.CompletableFuture$Completion.run(CompletableFuture.java:482) ~[?:?]
	at knot/net.minecraft.class_4014.method_18365(class_4014.java:69) ~[server-intermediary.jar:?]
	at knot/net.minecraft.class_156.method_43498(class_156.java:1024) [server-intermediary.jar:?]
	at knot/net.minecraft.class_156.method_43499(class_156.java:1012) [server-intermediary.jar:?]
	at knot/net.minecraft.server.Main.main(Main.java:182) [server-intermediary.jar:?]
	at net.fabricmc.loader.impl.game.minecraft.MinecraftGameProvider.launch(MinecraftGameProvider.java:514) [fabric-loader-0.18.4.jar:?]
	at net.fabricmc.loader.impl.launch.knot.Knot.launch(Knot.java:72) [fabric-loader-0.18.4.jar:?]
	at net.fabricmc.loader.impl.launch.knot.KnotServer.main(KnotServer.java:23) [fabric-loader-0.18.4.jar:?]
	at net.fabricmc.loader.impl.launch.server.FabricServerLauncher.main(FabricServerLauncher.java:69) [fabric-loader-0.18.4.jar:?]
	at net.fabricmc.installer.ServerLauncher.main(ServerLauncher.java:69) [server.jar:1.1.1]
[00:13:12] [main/ERROR]: Parsing error loading recipe create:sequenced_assembly/hires_black_and_white_film_developing
com.google.gson.JsonParseException: Unknown registry key in ResourceKey[minecraft:root / minecraft:recipe_serializer]: create:sequenced_assembly
	at knot/com.mojang.serialization.DataResult$Error.md83676b$owo$lambda$addStackTraceToException$0$0(DataResult.java:565) ~[datafixerupper-8.0.16.jar:?]
	at knot/com.mojang.serialization.DataResult$Error.getOrThrow(DataResult.java:287) ~[datafixerupper-8.0.16.jar:?]
	at knot/net.minecraft.class_1863.method_20705(class_1863.java:62) ~[server-intermediary.jar:?]
	at knot/net.minecraft.class_1863.method_18788(class_1863.java:35) ~[server-intermediary.jar:?]
	at knot/net.minecraft.class_4080.method_18790(class_4080.java:13) ~[server-intermediary.jar:?]
	at java.base/java.util.concurrent.CompletableFuture$UniAccept.tryFire(CompletableFuture.java:718) ~[?:?]
	at java.base/java.util.concurrent.CompletableFuture$Completion.run(CompletableFuture.java:482) ~[?:?]
	at knot/net.minecraft.class_4014.method_18365(class_4014.java:69) ~[server-intermediary.jar:?]
	at knot/net.minecraft.class_156.method_43498(class_156.java:1024) [server-intermediary.jar:?]
	at knot/net.minecraft.class_156.method_43499(class_156.java:1012) [server-intermediary.jar:?]
	at knot/net.minecraft.server.Main.main(Main.java:182) [server-intermediary.jar:?]
	at net.fabricmc.loader.impl.game.minecraft.MinecraftGameProvider.launch(MinecraftGameProvider.java:514) [fabric-loader-0.18.4.jar:?]
	at net.fabricmc.loader.impl.launch.knot.Knot.launch(Knot.java:72) [fabric-loader-0.18.4.jar:?]
	at net.fabricmc.loader.impl.launch.knot.KnotServer.main(KnotServer.java:23) [fabric-loader-0.18.4.jar:?]
	at net.fabricmc.loader.impl.launch.server.FabricServerLauncher.main(FabricServerLauncher.java:69) [fabric-loader-0.18.4.jar:?]
	at net.fabricmc.installer.ServerLauncher.main(ServerLauncher.java:69) [server.jar:1.1.1]
[00:13:12] [main/ERROR]: Parsing error loading recipe suppsquared:gold_candle_holder_tan
com.google.gson.JsonParseException: Unknown registry key in ResourceKey[minecraft:root / minecraft:item]: suppsquared:gold_candle_holder_tan
	at knot/com.mojang.serialization.DataResult$Error.md83676b$owo$lambda$addStackTraceToException$0$0(DataResult.java:565) ~[datafixerupper-8.0.16.jar:?]
	at knot/com.mojang.serialization.DataResult$Error.getOrThrow(DataResult.java:287) ~[datafixerupper-8.0.16.jar:?]
	at knot/net.minecraft.class_1863.method_20705(class_1863.java:62) ~[server-intermediary.jar:?]
	at knot/net.minecraft.class_1863.method_18788(class_1863.java:35) ~[server-intermediary.jar:?]
	at knot/net.minecraft.class_4080.method_18790(class_4080.java:13) ~[server-intermediary.jar:?]
	at java.base/java.util.concurrent.CompletableFuture$UniAccept.tryFire(CompletableFuture.java:718) ~[?:?]
	at java.base/java.util.concurrent.CompletableFuture$Completion.run(CompletableFuture.java:482) ~[?:?]
	at knot/net.minecraft.class_4014.method_18365(class_4014.java:69) ~[server-intermediary.jar:?]
	at knot/net.minecraft.class_156.method_43498(class_156.java:1024) [server-intermediary.jar:?]
	at knot/net.minecraft.class_156.method_43499(class_156.java:1012) [server-intermediary.jar:?]
	at knot/net.minecraft.server.Main.main(Main.java:182) [server-intermediary.jar:?]
	at net.fabricmc.loader.impl.game.minecraft.MinecraftGameProvider.launch(MinecraftGameProvider.java:514) [fabric-loader-0.18.4.jar:?]
	at net.fabricmc.loader.impl.launch.knot.Knot.launch(Knot.java:72) [fabric-loader-0.18.4.jar:?]
	at net.fabricmc.loader.impl.launch.knot.KnotServer.main(KnotServer.java:23) [fabric-loader-0.18.4.jar:?]
	at net.fabricmc.loader.impl.launch.server.FabricServerLauncher.main(FabricServerLauncher.java:69) [fabric-loader-0.18.4.jar:?]
	at net.fabricmc.installer.ServerLauncher.main(ServerLauncher.java:69) [server.jar:1.1.1]
[00:13:12] [main/ERROR]: Parsing error loading recipe suppsquared:gold_candle_holder_indigo
com.google.gson.JsonParseException: Unknown registry key in ResourceKey[minecraft:root / minecraft:item]: suppsquared:gold_candle_holder_indigo
	at knot/com.mojang.serialization.DataResult$Error.md83676b$owo$lambda$addStackTraceToException$0$0(DataResult.java:565) ~[datafixerupper-8.0.16.jar:?]
	at knot/com.mojang.serialization.DataResult$Error.getOrThrow(DataResult.java:287) ~[datafixerupper-8.0.16.jar:?]
	at knot/net.minecraft.class_1863.method_20705(class_1863.java:62) ~[server-intermediary.jar:?]
	at knot/net.minecraft.class_1863.method_18788(class_1863.java:35) ~[server-intermediary.jar:?]
	at knot/net.minecraft.class_4080.method_18790(class_4080.java:13) ~[server-intermediary.jar:?]
	at java.base/java.util.concurrent.CompletableFuture$UniAccept.tryFire(CompletableFuture.java:718) ~[?:?]
	at java.base/java.util.concurrent.CompletableFuture$Completion.run(CompletableFuture.java:482) ~[?:?]
	at knot/net.minecraft.class_4014.method_18365(class_4014.java:69) ~[server-intermediary.jar:?]
	at knot/net.minecraft.class_156.method_43498(class_156.java:1024) [server-intermediary.jar:?]
	at knot/net.minecraft.class_156.method_43499(class_156.java:1012) [server-intermediary.jar:?]
	at knot/net.minecraft.server.Main.main(Main.java:182) [server-intermediary.jar:?]
	at net.fabricmc.loader.impl.game.minecraft.MinecraftGameProvider.launch(MinecraftGameProvider.java:514) [fabric-loader-0.18.4.jar:?]
	at net.fabricmc.loader.impl.launch.knot.Knot.launch(Knot.java:72) [fabric-loader-0.18.4.jar:?]
	at net.fabricmc.loader.impl.launch.knot.KnotServer.main(KnotServer.java:23) [fabric-loader-0.18.4.jar:?]
	at net.fabricmc.loader.impl.launch.server.FabricServerLauncher.main(FabricServerLauncher.java:69) [fabric-loader-0.18.4.jar:?]
	at net.fabricmc.installer.ServerLauncher.main(ServerLauncher.java:69) [server.jar:1.1.1]
[00:13:12] [main/ERROR]: Parsing error loading recipe supplementaries:candle_holder_rose
com.google.gson.JsonParseException: Unknown registry key in ResourceKey[minecraft:root / minecraft:item]: supplementaries:candle_holder_rose
	at knot/com.mojang.serialization.DataResult$Error.md83676b$owo$lambda$addStackTraceToException$0$0(DataResult.java:565) ~[datafixerupper-8.0.16.jar:?]
	at knot/com.mojang.serialization.DataResult$Error.getOrThrow(DataResult.java:287) ~[datafixerupper-8.0.16.jar:?]
	at knot/net.minecraft.class_1863.method_20705(class_1863.java:62) ~[server-intermediary.jar:?]
	at knot/net.minecraft.class_1863.method_18788(class_1863.java:35) ~[server-intermediary.jar:?]
	at knot/net.minecraft.class_4080.method_18790(class_4080.java:13) ~[server-intermediary.jar:?]
	at java.base/java.util.concurrent.CompletableFuture$UniAccept.tryFire(CompletableFuture.java:718) ~[?:?]
	at java.base/java.util.concurrent.CompletableFuture$Completion.run(CompletableFuture.java:482) ~[?:?]
	at knot/net.minecraft.class_4014.method_18365(class_4014.java:69) ~[server-intermediary.jar:?]
	at knot/net.minecraft.class_156.method_43498(class_156.java:1024) [server-intermediary.jar:?]
	at knot/net.minecraft.class_156.method_43499(class_156.java:1012) [server-intermediary.jar:?]
	at knot/net.minecraft.server.Main.main(Main.java:182) [server-intermediary.jar:?]
	at net.fabricmc.loader.impl.game.minecraft.MinecraftGameProvider.launch(MinecraftGameProvider.java:514) [fabric-loader-0.18.4.jar:?]
	at net.fabricmc.loader.impl.launch.knot.Knot.launch(Knot.java:72) [fabric-loader-0.18.4.jar:?]
	at net.fabricmc.loader.impl.launch.knot.KnotServer.main(KnotServer.java:23) [fabric-loader-0.18.4.jar:?]
	at net.fabricmc.loader.impl.launch.server.FabricServerLauncher.main(FabricServerLauncher.java:69) [fabric-loader-0.18.4.jar:?]
	at net.fabricmc.installer.ServerLauncher.main(ServerLauncher.java:69) [server.jar:1.1.1]
[00:13:12] [main/ERROR]: Parsing error loading recipe suppsquared:gold_candle_holder_navy
com.google.gson.JsonParseException: Unknown registry key in ResourceKey[minecraft:root / minecraft:item]: suppsquared:gold_candle_holder_navy
	at knot/com.mojang.serialization.DataResult$Error.md83676b$owo$lambda$addStackTraceToException$0$0(DataResult.java:565) ~[datafixerupper-8.0.16.jar:?]
	at knot/com.mojang.serialization.DataResult$Error.getOrThrow(DataResult.java:287) ~[datafixerupper-8.0.16.jar:?]
	at knot/net.minecraft.class_1863.method_20705(class_1863.java:62) ~[server-intermediary.jar:?]
	at knot/net.minecraft.class_1863.method_18788(class_1863.java:35) ~[server-intermediary.jar:?]
	at knot/net.minecraft.class_4080.method_18790(class_4080.java:13) ~[server-intermediary.jar:?]
	at java.base/java.util.concurrent.CompletableFuture$UniAccept.tryFire(CompletableFuture.java:718) ~[?:?]
	at java.base/java.util.concurrent.CompletableFuture$Completion.run(CompletableFuture.java:482) ~[?:?]
	at knot/net.minecraft.class_4014.method_18365(class_4014.java:69) ~[server-intermediary.jar:?]
	at knot/net.minecraft.class_156.method_43498(class_156.java:1024) [server-intermediary.jar:?]
	at knot/net.minecraft.class_156.method_43499(class_156.java:1012) [server-intermediary.jar:?]
	at knot/net.minecraft.server.Main.main(Main.java:182) [server-intermediary.jar:?]
	at net.fabricmc.loader.impl.game.minecraft.MinecraftGameProvider.launch(MinecraftGameProvider.java:514) [fabric-loader-0.18.4.jar:?]
	at net.fabricmc.loader.impl.launch.knot.Knot.launch(Knot.java:72) [fabric-loader-0.18.4.jar:?]
	at net.fabricmc.loader.impl.launch.knot.KnotServer.main(KnotServer.java:23) [fabric-loader-0.18.4.jar:?]
	at net.fabricmc.loader.impl.launch.server.FabricServerLauncher.main(FabricServerLauncher.java:69) [fabric-loader-0.18.4.jar:?]
	at net.fabricmc.installer.ServerLauncher.main(ServerLauncher.java:69) [server.jar:1.1.1]
[00:13:12] [main/ERROR]: Parsing error loading recipe create:sequenced_assembly/hicap_black_and_white_film_developing
com.google.gson.JsonParseException: Unknown registry key in ResourceKey[minecraft:root / minecraft:recipe_serializer]: create:sequenced_assembly
	at knot/com.mojang.serialization.DataResult$Error.md83676b$owo$lambda$addStackTraceToException$0$0(DataResult.java:565) ~[datafixerupper-8.0.16.jar:?]
	at knot/com.mojang.serialization.DataResult$Error.getOrThrow(DataResult.java:287) ~[datafixerupper-8.0.16.jar:?]
	at knot/net.minecraft.class_1863.method_20705(class_1863.java:62) ~[server-intermediary.jar:?]
	at knot/net.minecraft.class_1863.method_18788(class_1863.java:35) ~[server-intermediary.jar:?]
	at knot/net.minecraft.class_4080.method_18790(class_4080.java:13) ~[server-intermediary.jar:?]
	at java.base/java.util.concurrent.CompletableFuture$UniAccept.tryFire(CompletableFuture.java:718) ~[?:?]
	at java.base/java.util.concurrent.CompletableFuture$Completion.run(CompletableFuture.java:482) ~[?:?]
	at knot/net.minecraft.class_4014.method_18365(class_4014.java:69) ~[server-intermediary.jar:?]
	at knot/net.minecraft.class_156.method_43498(class_156.java:1024) [server-intermediary.jar:?]
	at knot/net.minecraft.class_156.method_43499(class_156.java:1012) [server-intermediary.jar:?]
	at knot/net.minecraft.server.Main.main(Main.java:182) [server-intermediary.jar:?]
	at net.fabricmc.loader.impl.game.minecraft.MinecraftGameProvider.launch(MinecraftGameProvider.java:514) [fabric-loader-0.18.4.jar:?]
	at net.fabricmc.loader.impl.launch.knot.Knot.launch(Knot.java:72) [fabric-loader-0.18.4.jar:?]
	at net.fabricmc.loader.impl.launch.knot.KnotServer.main(KnotServer.java:23) [fabric-loader-0.18.4.jar:?]
	at net.fabricmc.loader.impl.launch.server.FabricServerLauncher.main(FabricServerLauncher.java:69) [fabric-loader-0.18.4.jar:?]
	at net.fabricmc.installer.ServerLauncher.main(ServerLauncher.java:69) [server.jar:1.1.1]
[00:13:12] [main/ERROR]: Parsing error loading recipe supplementaries:candle_holder_teal
com.google.gson.JsonParseException: Unknown registry key in ResourceKey[minecraft:root / minecraft:item]: supplementaries:candle_holder_teal
	at knot/com.mojang.serialization.DataResult$Error.md83676b$owo$lambda$addStackTraceToException$0$0(DataResult.java:565) ~[datafixerupper-8.0.16.jar:?]
	at knot/com.mojang.serialization.DataResult$Error.getOrThrow(DataResult.java:287) ~[datafixerupper-8.0.16.jar:?]
	at knot/net.minecraft.class_1863.method_20705(class_1863.java:62) ~[server-intermediary.jar:?]
	at knot/net.minecraft.class_1863.method_18788(class_1863.java:35) ~[server-intermediary.jar:?]
	at knot/net.minecraft.class_4080.method_18790(class_4080.java:13) ~[server-intermediary.jar:?]
	at java.base/java.util.concurrent.CompletableFuture$UniAccept.tryFire(CompletableFuture.java:718) ~[?:?]
	at java.base/java.util.concurrent.CompletableFuture$Completion.run(CompletableFuture.java:482) ~[?:?]
	at knot/net.minecraft.class_4014.method_18365(class_4014.java:69) ~[server-intermediary.jar:?]
	at knot/net.minecraft.class_156.method_43498(class_156.java:1024) [server-intermediary.jar:?]
	at knot/net.minecraft.class_156.method_43499(class_156.java:1012) [server-intermediary.jar:?]
	at knot/net.minecraft.server.Main.main(Main.java:182) [server-intermediary.jar:?]
	at net.fabricmc.loader.impl.game.minecraft.MinecraftGameProvider.launch(MinecraftGameProvider.java:514) [fabric-loader-0.18.4.jar:?]
	at net.fabricmc.loader.impl.launch.knot.Knot.launch(Knot.java:72) [fabric-loader-0.18.4.jar:?]
	at net.fabricmc.loader.impl.launch.knot.KnotServer.main(KnotServer.java:23) [fabric-loader-0.18.4.jar:?]
	at net.fabricmc.loader.impl.launch.server.FabricServerLauncher.main(FabricServerLauncher.java:69) [fabric-loader-0.18.4.jar:?]
	at net.fabricmc.installer.ServerLauncher.main(ServerLauncher.java:69) [server.jar:1.1.1]
[00:13:12] [main/ERROR]: Parsing error loading recipe create:sequenced_assembly/nes_film_developing
com.google.gson.JsonParseException: Unknown registry key in ResourceKey[minecraft:root / minecraft:recipe_serializer]: create:sequenced_assembly
	at knot/com.mojang.serialization.DataResult$Error.md83676b$owo$lambda$addStackTraceToException$0$0(DataResult.java:565) ~[datafixerupper-8.0.16.jar:?]
	at knot/com.mojang.serialization.DataResult$Error.getOrThrow(DataResult.java:287) ~[datafixerupper-8.0.16.jar:?]
	at knot/net.minecraft.class_1863.method_20705(class_1863.java:62) ~[server-intermediary.jar:?]
	at knot/net.minecraft.class_1863.method_18788(class_1863.java:35) ~[server-intermediary.jar:?]
	at knot/net.minecraft.class_4080.method_18790(class_4080.java:13) ~[server-intermediary.jar:?]
	at java.base/java.util.concurrent.CompletableFuture$UniAccept.tryFire(CompletableFuture.java:718) ~[?:?]
	at java.base/java.util.concurrent.CompletableFuture$Completion.run(CompletableFuture.java:482) ~[?:?]
	at knot/net.minecraft.class_4014.method_18365(class_4014.java:69) ~[server-intermediary.jar:?]
	at knot/net.minecraft.class_156.method_43498(class_156.java:1024) [server-intermediary.jar:?]
	at knot/net.minecraft.class_156.method_43499(class_156.java:1012) [server-intermediary.jar:?]
	at knot/net.minecraft.server.Main.main(Main.java:182) [server-intermediary.jar:?]
	at net.fabricmc.loader.impl.game.minecraft.MinecraftGameProvider.launch(MinecraftGameProvider.java:514) [fabric-loader-0.18.4.jar:?]
	at net.fabricmc.loader.impl.launch.knot.Knot.launch(Knot.java:72) [fabric-loader-0.18.4.jar:?]
	at net.fabricmc.loader.impl.launch.knot.KnotServer.main(KnotServer.java:23) [fabric-loader-0.18.4.jar:?]
	at net.fabricmc.loader.impl.launch.server.FabricServerLauncher.main(FabricServerLauncher.java:69) [fabric-loader-0.18.4.jar:?]
	at net.fabricmc.installer.ServerLauncher.main(ServerLauncher.java:69) [server.jar:1.1.1]
[00:13:12] [main/ERROR]: Parsing error loading recipe shutter:wisteria_shutter
com.google.gson.JsonParseException: Map entry '_' : Failed to parse either. First: Input does not contain a key [fabric:type]: MapLike[{"item":"environmental:wisteria_slab"}]; Second: Failed to parse either. First: Not a json array: {"item":"environmental:wisteria_slab"}; Second: No key tag in MapLike[{"item":"environmental:wisteria_slab"}]; Unknown registry key in ResourceKey[minecraft:root / minecraft:item]: environmental:wisteria_slab
	at knot/com.mojang.serialization.DataResult$Error.md83676b$owo$lambda$addStackTraceToException$0$0(DataResult.java:565) ~[datafixerupper-8.0.16.jar:?]
	at knot/com.mojang.serialization.DataResult$Error.getOrThrow(DataResult.java:287) ~[datafixerupper-8.0.16.jar:?]
	at knot/net.minecraft.class_1863.method_20705(class_1863.java:62) ~[server-intermediary.jar:?]
	at knot/net.minecraft.class_1863.method_18788(class_1863.java:35) ~[server-intermediary.jar:?]
	at knot/net.minecraft.class_4080.method_18790(class_4080.java:13) ~[server-intermediary.jar:?]
	at java.base/java.util.concurrent.CompletableFuture$UniAccept.tryFire(CompletableFuture.java:718) ~[?:?]
	at java.base/java.util.concurrent.CompletableFuture$Completion.run(CompletableFuture.java:482) ~[?:?]
	at knot/net.minecraft.class_4014.method_18365(class_4014.java:69) ~[server-intermediary.jar:?]
	at knot/net.minecraft.class_156.method_43498(class_156.java:1024) [server-intermediary.jar:?]
	at knot/net.minecraft.class_156.method_43499(class_156.java:1012) [server-intermediary.jar:?]
	at knot/net.minecraft.server.Main.main(Main.java:182) [server-intermediary.jar:?]
	at net.fabricmc.loader.impl.game.minecraft.MinecraftGameProvider.launch(MinecraftGameProvider.java:514) [fabric-loader-0.18.4.jar:?]
	at net.fabricmc.loader.impl.launch.knot.Knot.launch(Knot.java:72) [fabric-loader-0.18.4.jar:?]
	at net.fabricmc.loader.impl.launch.knot.KnotServer.main(KnotServer.java:23) [fabric-loader-0.18.4.jar:?]
	at net.fabricmc.loader.impl.launch.server.FabricServerLauncher.main(FabricServerLauncher.java:69) [fabric-loader-0.18.4.jar:?]
	at net.fabricmc.installer.ServerLauncher.main(ServerLauncher.java:69) [server.jar:1.1.1]
[00:13:12] [main/ERROR]: Parsing error loading recipe supplementaries:flag_coral
com.google.gson.JsonParseException: Unknown registry key in ResourceKey[minecraft:root / minecraft:item]: supplementaries:flag_coral
	at knot/com.mojang.serialization.DataResult$Error.md83676b$owo$lambda$addStackTraceToException$0$0(DataResult.java:565) ~[datafixerupper-8.0.16.jar:?]
	at knot/com.mojang.serialization.DataResult$Error.getOrThrow(DataResult.java:287) ~[datafixerupper-8.0.16.jar:?]
	at knot/net.minecraft.class_1863.method_20705(class_1863.java:62) ~[server-intermediary.jar:?]
	at knot/net.minecraft.class_1863.method_18788(class_1863.java:35) ~[server-intermediary.jar:?]
	at knot/net.minecraft.class_4080.method_18790(class_4080.java:13) ~[server-intermediary.jar:?]
	at java.base/java.util.concurrent.CompletableFuture$UniAccept.tryFire(CompletableFuture.java:718) ~[?:?]
	at java.base/java.util.concurrent.CompletableFuture$Completion.run(CompletableFuture.java:482) ~[?:?]
	at knot/net.minecraft.class_4014.method_18365(class_4014.java:69) ~[server-intermediary.jar:?]
	at knot/net.minecraft.class_156.method_43498(class_156.java:1024) [server-intermediary.jar:?]
	at knot/net.minecraft.class_156.method_43499(class_156.java:1012) [server-intermediary.jar:?]
	at knot/net.minecraft.server.Main.main(Main.java:182) [server-intermediary.jar:?]
	at net.fabricmc.loader.impl.game.minecraft.MinecraftGameProvider.launch(MinecraftGameProvider.java:514) [fabric-loader-0.18.4.jar:?]
	at net.fabricmc.loader.impl.launch.knot.Knot.launch(Knot.java:72) [fabric-loader-0.18.4.jar:?]
	at net.fabricmc.loader.impl.launch.knot.KnotServer.main(KnotServer.java:23) [fabric-loader-0.18.4.jar:?]
	at net.fabricmc.loader.impl.launch.server.FabricServerLauncher.main(FabricServerLauncher.java:69) [fabric-loader-0.18.4.jar:?]
	at net.fabricmc.installer.ServerLauncher.main(ServerLauncher.java:69) [server.jar:1.1.1]
[00:13:12] [main/ERROR]: Parsing error loading recipe create:sequenced_assembly/cga_film_developing
com.google.gson.JsonParseException: Unknown registry key in ResourceKey[minecraft:root / minecraft:recipe_serializer]: create:sequenced_assembly
	at knot/com.mojang.serialization.DataResult$Error.md83676b$owo$lambda$addStackTraceToException$0$0(DataResult.java:565) ~[datafixerupper-8.0.16.jar:?]
	at knot/com.mojang.serialization.DataResult$Error.getOrThrow(DataResult.java:287) ~[datafixerupper-8.0.16.jar:?]
	at knot/net.minecraft.class_1863.method_20705(class_1863.java:62) ~[server-intermediary.jar:?]
	at knot/net.minecraft.class_1863.method_18788(class_1863.java:35) ~[server-intermediary.jar:?]
	at knot/net.minecraft.class_4080.method_18790(class_4080.java:13) ~[server-intermediary.jar:?]
	at java.base/java.util.concurrent.CompletableFuture$UniAccept.tryFire(CompletableFuture.java:718) ~[?:?]
	at java.base/java.util.concurrent.CompletableFuture$Completion.run(CompletableFuture.java:482) ~[?:?]
	at knot/net.minecraft.class_4014.method_18365(class_4014.java:69) ~[server-intermediary.jar:?]
	at knot/net.minecraft.class_156.method_43498(class_156.java:1024) [server-intermediary.jar:?]
	at knot/net.minecraft.class_156.method_43499(class_156.java:1012) [server-intermediary.jar:?]
	at knot/net.minecraft.server.Main.main(Main.java:182) [server-intermediary.jar:?]
	at net.fabricmc.loader.impl.game.minecraft.MinecraftGameProvider.launch(MinecraftGameProvider.java:514) [fabric-loader-0.18.4.jar:?]
	at net.fabricmc.loader.impl.launch.knot.Knot.launch(Knot.java:72) [fabric-loader-0.18.4.jar:?]
	at net.fabricmc.loader.impl.launch.knot.KnotServer.main(KnotServer.java:23) [fabric-loader-0.18.4.jar:?]
	at net.fabricmc.loader.impl.launch.server.FabricServerLauncher.main(FabricServerLauncher.java:69) [fabric-loader-0.18.4.jar:?]
	at net.fabricmc.installer.ServerLauncher.main(ServerLauncher.java:69) [server.jar:1.1.1]
[00:13:13] [main/ERROR]: Parsing error loading recipe supplementaries:flag_beige
com.google.gson.JsonParseException: Unknown registry key in ResourceKey[minecraft:root / minecraft:item]: supplementaries:flag_beige
	at knot/com.mojang.serialization.DataResult$Error.md83676b$owo$lambda$addStackTraceToException$0$0(DataResult.java:565) ~[datafixerupper-8.0.16.jar:?]
	at knot/com.mojang.serialization.DataResult$Error.getOrThrow(DataResult.java:287) ~[datafixerupper-8.0.16.jar:?]
	at knot/net.minecraft.class_1863.method_20705(class_1863.java:62) ~[server-intermediary.jar:?]
	at knot/net.minecraft.class_1863.method_18788(class_1863.java:35) ~[server-intermediary.jar:?]
	at knot/net.minecraft.class_4080.method_18790(class_4080.java:13) ~[server-intermediary.jar:?]
	at java.base/java.util.concurrent.CompletableFuture$UniAccept.tryFire(CompletableFuture.java:718) ~[?:?]
	at java.base/java.util.concurrent.CompletableFuture$Completion.run(CompletableFuture.java:482) ~[?:?]
	at knot/net.minecraft.class_4014.method_18365(class_4014.java:69) ~[server-intermediary.jar:?]
	at knot/net.minecraft.class_156.method_43498(class_156.java:1024) [server-intermediary.jar:?]
	at knot/net.minecraft.class_156.method_43499(class_156.java:1012) [server-intermediary.jar:?]
	at knot/net.minecraft.server.Main.main(Main.java:182) [server-intermediary.jar:?]
	at net.fabricmc.loader.impl.game.minecraft.MinecraftGameProvider.launch(MinecraftGameProvider.java:514) [fabric-loader-0.18.4.jar:?]
	at net.fabricmc.loader.impl.launch.knot.Knot.launch(Knot.java:72) [fabric-loader-0.18.4.jar:?]
	at net.fabricmc.loader.impl.launch.knot.KnotServer.main(KnotServer.java:23) [fabric-loader-0.18.4.jar:?]
	at net.fabricmc.loader.impl.launch.server.FabricServerLauncher.main(FabricServerLauncher.java:69) [fabric-loader-0.18.4.jar:?]
	at net.fabricmc.installer.ServerLauncher.main(ServerLauncher.java:69) [server.jar:1.1.1]
[00:13:13] [main/ERROR]: Parsing error loading recipe shutter:coconut_shutter
com.google.gson.JsonParseException: Map entry '_' : Failed to parse either. First: Input does not contain a key [fabric:type]: MapLike[{"item":"ecologics:coconut_slab"}]; Second: Failed to parse either. First: Not a json array: {"item":"ecologics:coconut_slab"}; Second: No key tag in MapLike[{"item":"ecologics:coconut_slab"}]; Unknown registry key in ResourceKey[minecraft:root / minecraft:item]: ecologics:coconut_slab
	at knot/com.mojang.serialization.DataResult$Error.md83676b$owo$lambda$addStackTraceToException$0$0(DataResult.java:565) ~[datafixerupper-8.0.16.jar:?]
	at knot/com.mojang.serialization.DataResult$Error.getOrThrow(DataResult.java:287) ~[datafixerupper-8.0.16.jar:?]
	at knot/net.minecraft.class_1863.method_20705(class_1863.java:62) ~[server-intermediary.jar:?]
	at knot/net.minecraft.class_1863.method_18788(class_1863.java:35) ~[server-intermediary.jar:?]
	at knot/net.minecraft.class_4080.method_18790(class_4080.java:13) ~[server-intermediary.jar:?]
	at java.base/java.util.concurrent.CompletableFuture$UniAccept.tryFire(CompletableFuture.java:718) ~[?:?]
	at java.base/java.util.concurrent.CompletableFuture$Completion.run(CompletableFuture.java:482) ~[?:?]
	at knot/net.minecraft.class_4014.method_18365(class_4014.java:69) ~[server-intermediary.jar:?]
	at knot/net.minecraft.class_156.method_43498(class_156.java:1024) [server-intermediary.jar:?]
	at knot/net.minecraft.class_156.method_43499(class_156.java:1012) [server-intermediary.jar:?]
	at knot/net.minecraft.server.Main.main(Main.java:182) [server-intermediary.jar:?]
	at net.fabricmc.loader.impl.game.minecraft.MinecraftGameProvider.launch(MinecraftGameProvider.java:514) [fabric-loader-0.18.4.jar:?]
	at net.fabricmc.loader.impl.launch.knot.Knot.launch(Knot.java:72) [fabric-loader-0.18.4.jar:?]
	at net.fabricmc.loader.impl.launch.knot.KnotServer.main(KnotServer.java:23) [fabric-loader-0.18.4.jar:?]
	at net.fabricmc.loader.impl.launch.server.FabricServerLauncher.main(FabricServerLauncher.java:69) [fabric-loader-0.18.4.jar:?]
	at net.fabricmc.installer.ServerLauncher.main(ServerLauncher.java:69) [server.jar:1.1.1]
[00:13:13] [main/ERROR]: Parsing error loading recipe shutter:stripped_bamboo_shutter
com.google.gson.JsonParseException: Map entry '_' : Failed to parse either. First: Input does not contain a key [fabric:type]: MapLike[{"item":"twigs:stripped_bamboo_planks"}]; Second: Failed to parse either. First: Not a json array: {"item":"twigs:stripped_bamboo_planks"}; Second: No key tag in MapLike[{"item":"twigs:stripped_bamboo_planks"}]; Unknown registry key in ResourceKey[minecraft:root / minecraft:item]: twigs:stripped_bamboo_planks
	at knot/com.mojang.serialization.DataResult$Error.md83676b$owo$lambda$addStackTraceToException$0$0(DataResult.java:565) ~[datafixerupper-8.0.16.jar:?]
	at knot/com.mojang.serialization.DataResult$Error.getOrThrow(DataResult.java:287) ~[datafixerupper-8.0.16.jar:?]
	at knot/net.minecraft.class_1863.method_20705(class_1863.java:62) ~[server-intermediary.jar:?]
	at knot/net.minecraft.class_1863.method_18788(class_1863.java:35) ~[server-intermediary.jar:?]
	at knot/net.minecraft.class_4080.method_18790(class_4080.java:13) ~[server-intermediary.jar:?]
	at java.base/java.util.concurrent.CompletableFuture$UniAccept.tryFire(CompletableFuture.java:718) ~[?:?]
	at java.base/java.util.concurrent.CompletableFuture$Completion.run(CompletableFuture.java:482) ~[?:?]
	at knot/net.minecraft.class_4014.method_18365(class_4014.java:69) ~[server-intermediary.jar:?]
	at knot/net.minecraft.class_156.method_43498(class_156.java:1024) [server-intermediary.jar:?]
	at knot/net.minecraft.class_156.method_43499(class_156.java:1012) [server-intermediary.jar:?]
	at knot/net.minecraft.server.Main.main(Main.java:182) [server-intermediary.jar:?]
	at net.fabricmc.loader.impl.game.minecraft.MinecraftGameProvider.launch(MinecraftGameProvider.java:514) [fabric-loader-0.18.4.jar:?]
	at net.fabricmc.loader.impl.launch.knot.Knot.launch(Knot.java:72) [fabric-loader-0.18.4.jar:?]
	at net.fabricmc.loader.impl.launch.knot.KnotServer.main(KnotServer.java:23) [fabric-loader-0.18.4.jar:?]
	at net.fabricmc.loader.impl.launch.server.FabricServerLauncher.main(FabricServerLauncher.java:69) [fabric-loader-0.18.4.jar:?]
	at net.fabricmc.installer.ServerLauncher.main(ServerLauncher.java:69) [server.jar:1.1.1]
[00:13:13] [main/ERROR]: Parsing error loading recipe shutter:azalea_shutter
com.google.gson.JsonParseException: Map entry '_' : Failed to parse either. First: Input does not contain a key [fabric:type]: MapLike[{"item":"ecologics:azalea_slab"}]; Second: Failed to parse either. First: Not a json array: {"item":"ecologics:azalea_slab"}; Second: No key tag in MapLike[{"item":"ecologics:azalea_slab"}]; Unknown registry key in ResourceKey[minecraft:root / minecraft:item]: ecologics:azalea_slab
	at knot/com.mojang.serialization.DataResult$Error.md83676b$owo$lambda$addStackTraceToException$0$0(DataResult.java:565) ~[datafixerupper-8.0.16.jar:?]
	at knot/com.mojang.serialization.DataResult$Error.getOrThrow(DataResult.java:287) ~[datafixerupper-8.0.16.jar:?]
	at knot/net.minecraft.class_1863.method_20705(class_1863.java:62) ~[server-intermediary.jar:?]
	at knot/net.minecraft.class_1863.method_18788(class_1863.java:35) ~[server-intermediary.jar:?]
	at knot/net.minecraft.class_4080.method_18790(class_4080.java:13) ~[server-intermediary.jar:?]
	at java.base/java.util.concurrent.CompletableFuture$UniAccept.tryFire(CompletableFuture.java:718) ~[?:?]
	at java.base/java.util.concurrent.CompletableFuture$Completion.run(CompletableFuture.java:482) ~[?:?]
	at knot/net.minecraft.class_4014.method_18365(class_4014.java:69) ~[server-intermediary.jar:?]
	at knot/net.minecraft.class_156.method_43498(class_156.java:1024) [server-intermediary.jar:?]
	at knot/net.minecraft.class_156.method_43499(class_156.java:1012) [server-intermediary.jar:?]
	at knot/net.minecraft.server.Main.main(Main.java:182) [server-intermediary.jar:?]
	at net.fabricmc.loader.impl.game.minecraft.MinecraftGameProvider.launch(MinecraftGameProvider.java:514) [fabric-loader-0.18.4.jar:?]
	at net.fabricmc.loader.impl.launch.knot.Knot.launch(Knot.java:72) [fabric-loader-0.18.4.jar:?]
	at net.fabricmc.loader.impl.launch.knot.KnotServer.main(KnotServer.java:23) [fabric-loader-0.18.4.jar:?]
	at net.fabricmc.loader.impl.launch.server.FabricServerLauncher.main(FabricServerLauncher.java:69) [fabric-loader-0.18.4.jar:?]
	at net.fabricmc.installer.ServerLauncher.main(ServerLauncher.java:69) [server.jar:1.1.1]
[00:13:13] [main/ERROR]: Parsing error loading recipe suppsquared:gold_candle_holder_beige
com.google.gson.JsonParseException: Unknown registry key in ResourceKey[minecraft:root / minecraft:item]: suppsquared:gold_candle_holder_beige
	at knot/com.mojang.serialization.DataResult$Error.md83676b$owo$lambda$addStackTraceToException$0$0(DataResult.java:565) ~[datafixerupper-8.0.16.jar:?]
	at knot/com.mojang.serialization.DataResult$Error.getOrThrow(DataResult.java:287) ~[datafixerupper-8.0.16.jar:?]
	at knot/net.minecraft.class_1863.method_20705(class_1863.java:62) ~[server-intermediary.jar:?]
	at knot/net.minecraft.class_1863.method_18788(class_1863.java:35) ~[server-intermediary.jar:?]
	at knot/net.minecraft.class_4080.method_18790(class_4080.java:13) ~[server-intermediary.jar:?]
	at java.base/java.util.concurrent.CompletableFuture$UniAccept.tryFire(CompletableFuture.java:718) ~[?:?]
	at java.base/java.util.concurrent.CompletableFuture$Completion.run(CompletableFuture.java:482) ~[?:?]
	at knot/net.minecraft.class_4014.method_18365(class_4014.java:69) ~[server-intermediary.jar:?]
	at knot/net.minecraft.class_156.method_43498(class_156.java:1024) [server-intermediary.jar:?]
	at knot/net.minecraft.class_156.method_43499(class_156.java:1012) [server-intermediary.jar:?]
	at knot/net.minecraft.server.Main.main(Main.java:182) [server-intermediary.jar:?]
	at net.fabricmc.loader.impl.game.minecraft.MinecraftGameProvider.launch(MinecraftGameProvider.java:514) [fabric-loader-0.18.4.jar:?]
	at net.fabricmc.loader.impl.launch.knot.Knot.launch(Knot.java:72) [fabric-loader-0.18.4.jar:?]
	at net.fabricmc.loader.impl.launch.knot.KnotServer.main(KnotServer.java:23) [fabric-loader-0.18.4.jar:?]
	at net.fabricmc.loader.impl.launch.server.FabricServerLauncher.main(FabricServerLauncher.java:69) [fabric-loader-0.18.4.jar:?]
	at net.fabricmc.installer.ServerLauncher.main(ServerLauncher.java:69) [server.jar:1.1.1]
[00:13:13] [main/ERROR]: Parsing error loading recipe create:sequenced_assembly/gameboy_film_developing
com.google.gson.JsonParseException: Unknown registry key in ResourceKey[minecraft:root / minecraft:recipe_serializer]: create:sequenced_assembly
	at knot/com.mojang.serialization.DataResult$Error.md83676b$owo$lambda$addStackTraceToException$0$0(DataResult.java:565) ~[datafixerupper-8.0.16.jar:?]
	at knot/com.mojang.serialization.DataResult$Error.getOrThrow(DataResult.java:287) ~[datafixerupper-8.0.16.jar:?]
	at knot/net.minecraft.class_1863.method_20705(class_1863.java:62) ~[server-intermediary.jar:?]
	at knot/net.minecraft.class_1863.method_18788(class_1863.java:35) ~[server-intermediary.jar:?]
	at knot/net.minecraft.class_4080.method_18790(class_4080.java:13) ~[server-intermediary.jar:?]
	at java.base/java.util.concurrent.CompletableFuture$UniAccept.tryFire(CompletableFuture.java:718) ~[?:?]
	at java.base/java.util.concurrent.CompletableFuture$Completion.run(CompletableFuture.java:482) ~[?:?]
	at knot/net.minecraft.class_4014.method_18365(class_4014.java:69) ~[server-intermediary.jar:?]
	at knot/net.minecraft.class_156.method_43498(class_156.java:1024) [server-intermediary.jar:?]
	at knot/net.minecraft.class_156.method_43499(class_156.java:1012) [server-intermediary.jar:?]
	at knot/net.minecraft.server.Main.main(Main.java:182) [server-intermediary.jar:?]
	at net.fabricmc.loader.impl.game.minecraft.MinecraftGameProvider.launch(MinecraftGameProvider.java:514) [fabric-loader-0.18.4.jar:?]
	at net.fabricmc.loader.impl.launch.knot.Knot.launch(Knot.java:72) [fabric-loader-0.18.4.jar:?]
	at net.fabricmc.loader.impl.launch.knot.KnotServer.main(KnotServer.java:23) [fabric-loader-0.18.4.jar:?]
	at net.fabricmc.loader.impl.launch.server.FabricServerLauncher.main(FabricServerLauncher.java:69) [fabric-loader-0.18.4.jar:?]
	at net.fabricmc.installer.ServerLauncher.main(ServerLauncher.java:69) [server.jar:1.1.1]
[00:13:13] [main/ERROR]: Parsing error loading recipe suppsquared:gold_candle_holder_teal
com.google.gson.JsonParseException: Unknown registry key in ResourceKey[minecraft:root / minecraft:item]: suppsquared:gold_candle_holder_teal
	at knot/com.mojang.serialization.DataResult$Error.md83676b$owo$lambda$addStackTraceToException$0$0(DataResult.java:565) ~[datafixerupper-8.0.16.jar:?]
	at knot/com.mojang.serialization.DataResult$Error.getOrThrow(DataResult.java:287) ~[datafixerupper-8.0.16.jar:?]
	at knot/net.minecraft.class_1863.method_20705(class_1863.java:62) ~[server-intermediary.jar:?]
	at knot/net.minecraft.class_1863.method_18788(class_1863.java:35) ~[server-intermediary.jar:?]
	at knot/net.minecraft.class_4080.method_18790(class_4080.java:13) ~[server-intermediary.jar:?]
	at java.base/java.util.concurrent.CompletableFuture$UniAccept.tryFire(CompletableFuture.java:718) ~[?:?]
	at java.base/java.util.concurrent.CompletableFuture$Completion.run(CompletableFuture.java:482) ~[?:?]
	at knot/net.minecraft.class_4014.method_18365(class_4014.java:69) ~[server-intermediary.jar:?]
	at knot/net.minecraft.class_156.method_43498(class_156.java:1024) [server-intermediary.jar:?]
	at knot/net.minecraft.class_156.method_43499(class_156.java:1012) [server-intermediary.jar:?]
	at knot/net.minecraft.server.Main.main(Main.java:182) [server-intermediary.jar:?]
	at net.fabricmc.loader.impl.game.minecraft.MinecraftGameProvider.launch(MinecraftGameProvider.java:514) [fabric-loader-0.18.4.jar:?]
	at net.fabricmc.loader.impl.launch.knot.Knot.launch(Knot.java:72) [fabric-loader-0.18.4.jar:?]
	at net.fabricmc.loader.impl.launch.knot.KnotServer.main(KnotServer.java:23) [fabric-loader-0.18.4.jar:?]
	at net.fabricmc.loader.impl.launch.server.FabricServerLauncher.main(FabricServerLauncher.java:69) [fabric-loader-0.18.4.jar:?]
	at net.fabricmc.installer.ServerLauncher.main(ServerLauncher.java:69) [server.jar:1.1.1]
[00:13:13] [main/ERROR]: Parsing error loading recipe shutter:maple_shutter
com.google.gson.JsonParseException: Map entry '_' : Failed to parse either. First: Input does not contain a key [fabric:type]: MapLike[{"item":"autumnity:maple_slab"}]; Second: Failed to parse either. First: Not a json array: {"item":"autumnity:maple_slab"}; Second: No key tag in MapLike[{"item":"autumnity:maple_slab"}]; Unknown registry key in ResourceKey[minecraft:root / minecraft:item]: autumnity:maple_slab
	at knot/com.mojang.serialization.DataResult$Error.md83676b$owo$lambda$addStackTraceToException$0$0(DataResult.java:565) ~[datafixerupper-8.0.16.jar:?]
	at knot/com.mojang.serialization.DataResult$Error.getOrThrow(DataResult.java:287) ~[datafixerupper-8.0.16.jar:?]
	at knot/net.minecraft.class_1863.method_20705(class_1863.java:62) ~[server-intermediary.jar:?]
	at knot/net.minecraft.class_1863.method_18788(class_1863.java:35) ~[server-intermediary.jar:?]
	at knot/net.minecraft.class_4080.method_18790(class_4080.java:13) ~[server-intermediary.jar:?]
	at java.base/java.util.concurrent.CompletableFuture$UniAccept.tryFire(CompletableFuture.java:718) ~[?:?]
	at java.base/java.util.concurrent.CompletableFuture$Completion.run(CompletableFuture.java:482) ~[?:?]
	at knot/net.minecraft.class_4014.method_18365(class_4014.java:69) ~[server-intermediary.jar:?]
	at knot/net.minecraft.class_156.method_43498(class_156.java:1024) [server-intermediary.jar:?]
	at knot/net.minecraft.class_156.method_43499(class_156.java:1012) [server-intermediary.jar:?]
	at knot/net.minecraft.server.Main.main(Main.java:182) [server-intermediary.jar:?]
	at net.fabricmc.loader.impl.game.minecraft.MinecraftGameProvider.launch(MinecraftGameProvider.java:514) [fabric-loader-0.18.4.jar:?]
	at net.fabricmc.loader.impl.launch.knot.Knot.launch(Knot.java:72) [fabric-loader-0.18.4.jar:?]
	at net.fabricmc.loader.impl.launch.knot.KnotServer.main(KnotServer.java:23) [fabric-loader-0.18.4.jar:?]
	at net.fabricmc.loader.impl.launch.server.FabricServerLauncher.main(FabricServerLauncher.java:69) [fabric-loader-0.18.4.jar:?]
	at net.fabricmc.installer.ServerLauncher.main(ServerLauncher.java:69) [server.jar:1.1.1]
[00:13:13] [main/ERROR]: Parsing error loading recipe shutter:cherry_env_shutter
com.google.gson.JsonParseException: Map entry '_' : Failed to parse either. First: Input does not contain a key [fabric:type]: MapLike[{"item":"environmental:cherry_slap"}]; Second: Failed to parse either. First: Not a json array: {"item":"environmental:cherry_slap"}; Second: No key tag in MapLike[{"item":"environmental:cherry_slap"}]; Unknown registry key in ResourceKey[minecraft:root / minecraft:item]: environmental:cherry_slap
	at knot/com.mojang.serialization.DataResult$Error.md83676b$owo$lambda$addStackTraceToException$0$0(DataResult.java:565) ~[datafixerupper-8.0.16.jar:?]
	at knot/com.mojang.serialization.DataResult$Error.getOrThrow(DataResult.java:287) ~[datafixerupper-8.0.16.jar:?]
	at knot/net.minecraft.class_1863.method_20705(class_1863.java:62) ~[server-intermediary.jar:?]
	at knot/net.minecraft.class_1863.method_18788(class_1863.java:35) ~[server-intermediary.jar:?]
	at knot/net.minecraft.class_4080.method_18790(class_4080.java:13) ~[server-intermediary.jar:?]
	at java.base/java.util.concurrent.CompletableFuture$UniAccept.tryFire(CompletableFuture.java:718) ~[?:?]
	at java.base/java.util.concurrent.CompletableFuture$Completion.run(CompletableFuture.java:482) ~[?:?]
	at knot/net.minecraft.class_4014.method_18365(class_4014.java:69) ~[server-intermediary.jar:?]
	at knot/net.minecraft.class_156.method_43498(class_156.java:1024) [server-intermediary.jar:?]
	at knot/net.minecraft.class_156.method_43499(class_156.java:1012) [server-intermediary.jar:?]
	at knot/net.minecraft.server.Main.main(Main.java:182) [server-intermediary.jar:?]
	at net.fabricmc.loader.impl.game.minecraft.MinecraftGameProvider.launch(MinecraftGameProvider.java:514) [fabric-loader-0.18.4.jar:?]
	at net.fabricmc.loader.impl.launch.knot.Knot.launch(Knot.java:72) [fabric-loader-0.18.4.jar:?]
	at net.fabricmc.loader.impl.launch.knot.KnotServer.main(KnotServer.java:23) [fabric-loader-0.18.4.jar:?]
	at net.fabricmc.loader.impl.launch.server.FabricServerLauncher.main(FabricServerLauncher.java:69) [fabric-loader-0.18.4.jar:?]
	at net.fabricmc.installer.ServerLauncher.main(ServerLauncher.java:69) [server.jar:1.1.1]
[00:13:13] [main/ERROR]: Parsing error loading recipe shutter:blossom_shutter
com.google.gson.JsonParseException: Map entry '_' : Failed to parse either. First: Input does not contain a key [fabric:type]: MapLike[{"item":"quark:blossom_planks_slab"}]; Second: Failed to parse either. First: Not a json array: {"item":"quark:blossom_planks_slab"}; Second: No key tag in MapLike[{"item":"quark:blossom_planks_slab"}]; Unknown registry key in ResourceKey[minecraft:root / minecraft:item]: quark:blossom_planks_slab
	at knot/com.mojang.serialization.DataResult$Error.md83676b$owo$lambda$addStackTraceToException$0$0(DataResult.java:565) ~[datafixerupper-8.0.16.jar:?]
	at knot/com.mojang.serialization.DataResult$Error.getOrThrow(DataResult.java:287) ~[datafixerupper-8.0.16.jar:?]
	at knot/net.minecraft.class_1863.method_20705(class_1863.java:62) ~[server-intermediary.jar:?]
	at knot/net.minecraft.class_1863.method_18788(class_1863.java:35) ~[server-intermediary.jar:?]
	at knot/net.minecraft.class_4080.method_18790(class_4080.java:13) ~[server-intermediary.jar:?]
	at java.base/java.util.concurrent.CompletableFuture$UniAccept.tryFire(CompletableFuture.java:718) ~[?:?]
	at java.base/java.util.concurrent.CompletableFuture$Completion.run(CompletableFuture.java:482) ~[?:?]
	at knot/net.minecraft.class_4014.method_18365(class_4014.java:69) ~[server-intermediary.jar:?]
	at knot/net.minecraft.class_156.method_43498(class_156.java:1024) [server-intermediary.jar:?]
	at knot/net.minecraft.class_156.method_43499(class_156.java:1012) [server-intermediary.jar:?]
	at knot/net.minecraft.server.Main.main(Main.java:182) [server-intermediary.jar:?]
	at net.fabricmc.loader.impl.game.minecraft.MinecraftGameProvider.launch(MinecraftGameProvider.java:514) [fabric-loader-0.18.4.jar:?]
	at net.fabricmc.loader.impl.launch.knot.Knot.launch(Knot.java:72) [fabric-loader-0.18.4.jar:?]
	at net.fabricmc.loader.impl.launch.knot.KnotServer.main(KnotServer.java:23) [fabric-loader-0.18.4.jar:?]
	at net.fabricmc.loader.impl.launch.server.FabricServerLauncher.main(FabricServerLauncher.java:69) [fabric-loader-0.18.4.jar:?]
	at net.fabricmc.installer.ServerLauncher.main(ServerLauncher.java:69) [server.jar:1.1.1]
[00:13:13] [main/ERROR]: Parsing error loading recipe supplementaries:candle_holder_aqua
com.google.gson.JsonParseException: Unknown registry key in ResourceKey[minecraft:root / minecraft:item]: supplementaries:candle_holder_aqua
	at knot/com.mojang.serialization.DataResult$Error.md83676b$owo$lambda$addStackTraceToException$0$0(DataResult.java:565) ~[datafixerupper-8.0.16.jar:?]
	at knot/com.mojang.serialization.DataResult$Error.getOrThrow(DataResult.java:287) ~[datafixerupper-8.0.16.jar:?]
	at knot/net.minecraft.class_1863.method_20705(class_1863.java:62) ~[server-intermediary.jar:?]
	at knot/net.minecraft.class_1863.method_18788(class_1863.java:35) ~[server-intermediary.jar:?]
	at knot/net.minecraft.class_4080.method_18790(class_4080.java:13) ~[server-intermediary.jar:?]
	at java.base/java.util.concurrent.CompletableFuture$UniAccept.tryFire(CompletableFuture.java:718) ~[?:?]
	at java.base/java.util.concurrent.CompletableFuture$Completion.run(CompletableFuture.java:482) ~[?:?]
	at knot/net.minecraft.class_4014.method_18365(class_4014.java:69) ~[server-intermediary.jar:?]
	at knot/net.minecraft.class_156.method_43498(class_156.java:1024) [server-intermediary.jar:?]
	at knot/net.minecraft.class_156.method_43499(class_156.java:1012) [server-intermediary.jar:?]
	at knot/net.minecraft.server.Main.main(Main.java:182) [server-intermediary.jar:?]
	at net.fabricmc.loader.impl.game.minecraft.MinecraftGameProvider.launch(MinecraftGameProvider.java:514) [fabric-loader-0.18.4.jar:?]
	at net.fabricmc.loader.impl.launch.knot.Knot.launch(Knot.java:72) [fabric-loader-0.18.4.jar:?]
	at net.fabricmc.loader.impl.launch.knot.KnotServer.main(KnotServer.java:23) [fabric-loader-0.18.4.jar:?]
	at net.fabricmc.loader.impl.launch.server.FabricServerLauncher.main(FabricServerLauncher.java:69) [fabric-loader-0.18.4.jar:?]
	at net.fabricmc.installer.ServerLauncher.main(ServerLauncher.java:69) [server.jar:1.1.1]
[00:13:13] [main/ERROR]: Parsing error loading recipe supplementaries:flag_tan
com.google.gson.JsonParseException: Unknown registry key in ResourceKey[minecraft:root / minecraft:item]: supplementaries:flag_tan
	at knot/com.mojang.serialization.DataResult$Error.md83676b$owo$lambda$addStackTraceToException$0$0(DataResult.java:565) ~[datafixerupper-8.0.16.jar:?]
	at knot/com.mojang.serialization.DataResult$Error.getOrThrow(DataResult.java:287) ~[datafixerupper-8.0.16.jar:?]
	at knot/net.minecraft.class_1863.method_20705(class_1863.java:62) ~[server-intermediary.jar:?]
	at knot/net.minecraft.class_1863.method_18788(class_1863.java:35) ~[server-intermediary.jar:?]
	at knot/net.minecraft.class_4080.method_18790(class_4080.java:13) ~[server-intermediary.jar:?]
	at java.base/java.util.concurrent.CompletableFuture$UniAccept.tryFire(CompletableFuture.java:718) ~[?:?]
	at java.base/java.util.concurrent.CompletableFuture$Completion.run(CompletableFuture.java:482) ~[?:?]
	at knot/net.minecraft.class_4014.method_18365(class_4014.java:69) ~[server-intermediary.jar:?]
	at knot/net.minecraft.class_156.method_43498(class_156.java:1024) [server-intermediary.jar:?]
	at knot/net.minecraft.class_156.method_43499(class_156.java:1012) [server-intermediary.jar:?]
	at knot/net.minecraft.server.Main.main(Main.java:182) [server-intermediary.jar:?]
	at net.fabricmc.loader.impl.game.minecraft.MinecraftGameProvider.launch(MinecraftGameProvider.java:514) [fabric-loader-0.18.4.jar:?]
	at net.fabricmc.loader.impl.launch.knot.Knot.launch(Knot.java:72) [fabric-loader-0.18.4.jar:?]
	at net.fabricmc.loader.impl.launch.knot.KnotServer.main(KnotServer.java:23) [fabric-loader-0.18.4.jar:?]
	at net.fabricmc.loader.impl.launch.server.FabricServerLauncher.main(FabricServerLauncher.java:69) [fabric-loader-0.18.4.jar:?]
	at net.fabricmc.installer.ServerLauncher.main(ServerLauncher.java:69) [server.jar:1.1.1]
[00:13:13] [main/ERROR]: Parsing error loading recipe shutter:cypress_shutter
com.google.gson.JsonParseException: Map entry '#' : Failed to parse either. First: Input does not contain a key [fabric:type]: MapLike[{"item":"goodending:cypress_slab"}]; Second: Failed to parse either. First: Not a json array: {"item":"goodending:cypress_slab"}; Second: No key tag in MapLike[{"item":"goodending:cypress_slab"}]; Unknown registry key in ResourceKey[minecraft:root / minecraft:item]: goodending:cypress_slab
	at knot/com.mojang.serialization.DataResult$Error.md83676b$owo$lambda$addStackTraceToException$0$0(DataResult.java:565) ~[datafixerupper-8.0.16.jar:?]
	at knot/com.mojang.serialization.DataResult$Error.getOrThrow(DataResult.java:287) ~[datafixerupper-8.0.16.jar:?]
	at knot/net.minecraft.class_1863.method_20705(class_1863.java:62) ~[server-intermediary.jar:?]
	at knot/net.minecraft.class_1863.method_18788(class_1863.java:35) ~[server-intermediary.jar:?]
	at knot/net.minecraft.class_4080.method_18790(class_4080.java:13) ~[server-intermediary.jar:?]
	at java.base/java.util.concurrent.CompletableFuture$UniAccept.tryFire(CompletableFuture.java:718) ~[?:?]
	at java.base/java.util.concurrent.CompletableFuture$Completion.run(CompletableFuture.java:482) ~[?:?]
	at knot/net.minecraft.class_4014.method_18365(class_4014.java:69) ~[server-intermediary.jar:?]
	at knot/net.minecraft.class_156.method_43498(class_156.java:1024) [server-intermediary.jar:?]
	at knot/net.minecraft.class_156.method_43499(class_156.java:1012) [server-intermediary.jar:?]
	at knot/net.minecraft.server.Main.main(Main.java:182) [server-intermediary.jar:?]
	at net.fabricmc.loader.impl.game.minecraft.MinecraftGameProvider.launch(MinecraftGameProvider.java:514) [fabric-loader-0.18.4.jar:?]
	at net.fabricmc.loader.impl.launch.knot.Knot.launch(Knot.java:72) [fabric-loader-0.18.4.jar:?]
	at net.fabricmc.loader.impl.launch.knot.KnotServer.main(KnotServer.java:23) [fabric-loader-0.18.4.jar:?]
	at net.fabricmc.loader.impl.launch.server.FabricServerLauncher.main(FabricServerLauncher.java:69) [fabric-loader-0.18.4.jar:?]
	at net.fabricmc.installer.ServerLauncher.main(ServerLauncher.java:69) [server.jar:1.1.1]
[00:13:13] [main/ERROR]: Parsing error loading recipe supplementaries:candle_holder_ginger
com.google.gson.JsonParseException: Unknown registry key in ResourceKey[minecraft:root / minecraft:item]: supplementaries:candle_holder_ginger
	at knot/com.mojang.serialization.DataResult$Error.md83676b$owo$lambda$addStackTraceToException$0$0(DataResult.java:565) ~[datafixerupper-8.0.16.jar:?]
	at knot/com.mojang.serialization.DataResult$Error.getOrThrow(DataResult.java:287) ~[datafixerupper-8.0.16.jar:?]
	at knot/net.minecraft.class_1863.method_20705(class_1863.java:62) ~[server-intermediary.jar:?]
	at knot/net.minecraft.class_1863.method_18788(class_1863.java:35) ~[server-intermediary.jar:?]
	at knot/net.minecraft.class_4080.method_18790(class_4080.java:13) ~[server-intermediary.jar:?]
	at java.base/java.util.concurrent.CompletableFuture$UniAccept.tryFire(CompletableFuture.java:718) ~[?:?]
	at java.base/java.util.concurrent.CompletableFuture$Completion.run(CompletableFuture.java:482) ~[?:?]
	at knot/net.minecraft.class_4014.method_18365(class_4014.java:69) ~[server-intermediary.jar:?]
	at knot/net.minecraft.class_156.method_43498(class_156.java:1024) [server-intermediary.jar:?]
	at knot/net.minecraft.class_156.method_43499(class_156.java:1012) [server-intermediary.jar:?]
	at knot/net.minecraft.server.Main.main(Main.java:182) [server-intermediary.jar:?]
	at net.fabricmc.loader.impl.game.minecraft.MinecraftGameProvider.launch(MinecraftGameProvider.java:514) [fabric-loader-0.18.4.jar:?]
	at net.fabricmc.loader.impl.launch.knot.Knot.launch(Knot.java:72) [fabric-loader-0.18.4.jar:?]
	at net.fabricmc.loader.impl.launch.knot.KnotServer.main(KnotServer.java:23) [fabric-loader-0.18.4.jar:?]
	at net.fabricmc.loader.impl.launch.server.FabricServerLauncher.main(FabricServerLauncher.java:69) [fabric-loader-0.18.4.jar:?]
	at net.fabricmc.installer.ServerLauncher.main(ServerLauncher.java:69) [server.jar:1.1.1]
[00:13:13] [main/ERROR]: Parsing error loading recipe suppsquared:gold_candle_holder_rose
com.google.gson.JsonParseException: Unknown registry key in ResourceKey[minecraft:root / minecraft:item]: suppsquared:gold_candle_holder_rose
	at knot/com.mojang.serialization.DataResult$Error.md83676b$owo$lambda$addStackTraceToException$0$0(DataResult.java:565) ~[datafixerupper-8.0.16.jar:?]
	at knot/com.mojang.serialization.DataResult$Error.getOrThrow(DataResult.java:287) ~[datafixerupper-8.0.16.jar:?]
	at knot/net.minecraft.class_1863.method_20705(class_1863.java:62) ~[server-intermediary.jar:?]
	at knot/net.minecraft.class_1863.method_18788(class_1863.java:35) ~[server-intermediary.jar:?]
	at knot/net.minecraft.class_4080.method_18790(class_4080.java:13) ~[server-intermediary.jar:?]
	at java.base/java.util.concurrent.CompletableFuture$UniAccept.tryFire(CompletableFuture.java:718) ~[?:?]
	at java.base/java.util.concurrent.CompletableFuture$Completion.run(CompletableFuture.java:482) ~[?:?]
	at knot/net.minecraft.class_4014.method_18365(class_4014.java:69) ~[server-intermediary.jar:?]
	at knot/net.minecraft.class_156.method_43498(class_156.java:1024) [server-intermediary.jar:?]
	at knot/net.minecraft.class_156.method_43499(class_156.java:1012) [server-intermediary.jar:?]
	at knot/net.minecraft.server.Main.main(Main.java:182) [server-intermediary.jar:?]
	at net.fabricmc.loader.impl.game.minecraft.MinecraftGameProvider.launch(MinecraftGameProvider.java:514) [fabric-loader-0.18.4.jar:?]
	at net.fabricmc.loader.impl.launch.knot.Knot.launch(Knot.java:72) [fabric-loader-0.18.4.jar:?]
	at net.fabricmc.loader.impl.launch.knot.KnotServer.main(KnotServer.java:23) [fabric-loader-0.18.4.jar:?]
	at net.fabricmc.loader.impl.launch.server.FabricServerLauncher.main(FabricServerLauncher.java:69) [fabric-loader-0.18.4.jar:?]
	at net.fabricmc.installer.ServerLauncher.main(ServerLauncher.java:69) [server.jar:1.1.1]
[00:13:13] [main/ERROR]: Parsing error loading recipe supplementaries:flag_mint
com.google.gson.JsonParseException: Unknown registry key in ResourceKey[minecraft:root / minecraft:item]: supplementaries:flag_mint
	at knot/com.mojang.serialization.DataResult$Error.md83676b$owo$lambda$addStackTraceToException$0$0(DataResult.java:565) ~[datafixerupper-8.0.16.jar:?]
	at knot/com.mojang.serialization.DataResult$Error.getOrThrow(DataResult.java:287) ~[datafixerupper-8.0.16.jar:?]
	at knot/net.minecraft.class_1863.method_20705(class_1863.java:62) ~[server-intermediary.jar:?]
	at knot/net.minecraft.class_1863.method_18788(class_1863.java:35) ~[server-intermediary.jar:?]
	at knot/net.minecraft.class_4080.method_18790(class_4080.java:13) ~[server-intermediary.jar:?]
	at java.base/java.util.concurrent.CompletableFuture$UniAccept.tryFire(CompletableFuture.java:718) ~[?:?]
	at java.base/java.util.concurrent.CompletableFuture$Completion.run(CompletableFuture.java:482) ~[?:?]
	at knot/net.minecraft.class_4014.method_18365(class_4014.java:69) ~[server-intermediary.jar:?]
	at knot/net.minecraft.class_156.method_43498(class_156.java:1024) [server-intermediary.jar:?]
	at knot/net.minecraft.class_156.method_43499(class_156.java:1012) [server-intermediary.jar:?]
	at knot/net.minecraft.server.Main.main(Main.java:182) [server-intermediary.jar:?]
	at net.fabricmc.loader.impl.game.minecraft.MinecraftGameProvider.launch(MinecraftGameProvider.java:514) [fabric-loader-0.18.4.jar:?]
	at net.fabricmc.loader.impl.launch.knot.Knot.launch(Knot.java:72) [fabric-loader-0.18.4.jar:?]
	at net.fabricmc.loader.impl.launch.knot.KnotServer.main(KnotServer.java:23) [fabric-loader-0.18.4.jar:?]
	at net.fabricmc.loader.impl.launch.server.FabricServerLauncher.main(FabricServerLauncher.java:69) [fabric-loader-0.18.4.jar:?]
	at net.fabricmc.installer.ServerLauncher.main(ServerLauncher.java:69) [server.jar:1.1.1]
[00:13:13] [main/ERROR]: Parsing error loading recipe supplementaries:candle_holder_maroon
com.google.gson.JsonParseException: Unknown registry key in ResourceKey[minecraft:root / minecraft:item]: supplementaries:candle_holder_maroon
	at knot/com.mojang.serialization.DataResult$Error.md83676b$owo$lambda$addStackTraceToException$0$0(DataResult.java:565) ~[datafixerupper-8.0.16.jar:?]
	at knot/com.mojang.serialization.DataResult$Error.getOrThrow(DataResult.java:287) ~[datafixerupper-8.0.16.jar:?]
	at knot/net.minecraft.class_1863.method_20705(class_1863.java:62) ~[server-intermediary.jar:?]
	at knot/net.minecraft.class_1863.method_18788(class_1863.java:35) ~[server-intermediary.jar:?]
	at knot/net.minecraft.class_4080.method_18790(class_4080.java:13) ~[server-intermediary.jar:?]
	at java.base/java.util.concurrent.CompletableFuture$UniAccept.tryFire(CompletableFuture.java:718) ~[?:?]
	at java.base/java.util.concurrent.CompletableFuture$Completion.run(CompletableFuture.java:482) ~[?:?]
	at knot/net.minecraft.class_4014.method_18365(class_4014.java:69) ~[server-intermediary.jar:?]
	at knot/net.minecraft.class_156.method_43498(class_156.java:1024) [server-intermediary.jar:?]
	at knot/net.minecraft.class_156.method_43499(class_156.java:1012) [server-intermediary.jar:?]
	at knot/net.minecraft.server.Main.main(Main.java:182) [server-intermediary.jar:?]
	at net.fabricmc.loader.impl.game.minecraft.MinecraftGameProvider.launch(MinecraftGameProvider.java:514) [fabric-loader-0.18.4.jar:?]
	at net.fabricmc.loader.impl.launch.knot.Knot.launch(Knot.java:72) [fabric-loader-0.18.4.jar:?]
	at net.fabricmc.loader.impl.launch.knot.KnotServer.main(KnotServer.java:23) [fabric-loader-0.18.4.jar:?]
	at net.fabricmc.loader.impl.launch.server.FabricServerLauncher.main(FabricServerLauncher.java:69) [fabric-loader-0.18.4.jar:?]
	at net.fabricmc.installer.ServerLauncher.main(ServerLauncher.java:69) [server.jar:1.1.1]
[00:13:13] [main/ERROR]: Parsing error loading recipe supplementaries:flag_ginger
com.google.gson.JsonParseException: Unknown registry key in ResourceKey[minecraft:root / minecraft:item]: supplementaries:flag_ginger
	at knot/com.mojang.serialization.DataResult$Error.md83676b$owo$lambda$addStackTraceToException$0$0(DataResult.java:565) ~[datafixerupper-8.0.16.jar:?]
	at knot/com.mojang.serialization.DataResult$Error.getOrThrow(DataResult.java:287) ~[datafixerupper-8.0.16.jar:?]
	at knot/net.minecraft.class_1863.method_20705(class_1863.java:62) ~[server-intermediary.jar:?]
	at knot/net.minecraft.class_1863.method_18788(class_1863.java:35) ~[server-intermediary.jar:?]
	at knot/net.minecraft.class_4080.method_18790(class_4080.java:13) ~[server-intermediary.jar:?]
	at java.base/java.util.concurrent.CompletableFuture$UniAccept.tryFire(CompletableFuture.java:718) ~[?:?]
	at java.base/java.util.concurrent.CompletableFuture$Completion.run(CompletableFuture.java:482) ~[?:?]
	at knot/net.minecraft.class_4014.method_18365(class_4014.java:69) ~[server-intermediary.jar:?]
	at knot/net.minecraft.class_156.method_43498(class_156.java:1024) [server-intermediary.jar:?]
	at knot/net.minecraft.class_156.method_43499(class_156.java:1012) [server-intermediary.jar:?]
	at knot/net.minecraft.server.Main.main(Main.java:182) [server-intermediary.jar:?]
	at net.fabricmc.loader.impl.game.minecraft.MinecraftGameProvider.launch(MinecraftGameProvider.java:514) [fabric-loader-0.18.4.jar:?]
	at net.fabricmc.loader.impl.launch.knot.Knot.launch(Knot.java:72) [fabric-loader-0.18.4.jar:?]
	at net.fabricmc.loader.impl.launch.knot.KnotServer.main(KnotServer.java:23) [fabric-loader-0.18.4.jar:?]
	at net.fabricmc.loader.impl.launch.server.FabricServerLauncher.main(FabricServerLauncher.java:69) [fabric-loader-0.18.4.jar:?]
	at net.fabricmc.installer.ServerLauncher.main(ServerLauncher.java:69) [server.jar:1.1.1]
[00:13:13] [main/ERROR]: Parsing error loading recipe supplementaries:flag_forest
com.google.gson.JsonParseException: Unknown registry key in ResourceKey[minecraft:root / minecraft:item]: supplementaries:flag_forest
	at knot/com.mojang.serialization.DataResult$Error.md83676b$owo$lambda$addStackTraceToException$0$0(DataResult.java:565) ~[datafixerupper-8.0.16.jar:?]
	at knot/com.mojang.serialization.DataResult$Error.getOrThrow(DataResult.java:287) ~[datafixerupper-8.0.16.jar:?]
	at knot/net.minecraft.class_1863.method_20705(class_1863.java:62) ~[server-intermediary.jar:?]
	at knot/net.minecraft.class_1863.method_18788(class_1863.java:35) ~[server-intermediary.jar:?]
	at knot/net.minecraft.class_4080.method_18790(class_4080.java:13) ~[server-intermediary.jar:?]
	at java.base/java.util.concurrent.CompletableFuture$UniAccept.tryFire(CompletableFuture.java:718) ~[?:?]
	at java.base/java.util.concurrent.CompletableFuture$Completion.run(CompletableFuture.java:482) ~[?:?]
	at knot/net.minecraft.class_4014.method_18365(class_4014.java:69) ~[server-intermediary.jar:?]
	at knot/net.minecraft.class_156.method_43498(class_156.java:1024) [server-intermediary.jar:?]
	at knot/net.minecraft.class_156.method_43499(class_156.java:1012) [server-intermediary.jar:?]
	at knot/net.minecraft.server.Main.main(Main.java:182) [server-intermediary.jar:?]
	at net.fabricmc.loader.impl.game.minecraft.MinecraftGameProvider.launch(MinecraftGameProvider.java:514) [fabric-loader-0.18.4.jar:?]
	at net.fabricmc.loader.impl.launch.knot.Knot.launch(Knot.java:72) [fabric-loader-0.18.4.jar:?]
	at net.fabricmc.loader.impl.launch.knot.KnotServer.main(KnotServer.java:23) [fabric-loader-0.18.4.jar:?]
	at net.fabricmc.loader.impl.launch.server.FabricServerLauncher.main(FabricServerLauncher.java:69) [fabric-loader-0.18.4.jar:?]
	at net.fabricmc.installer.ServerLauncher.main(ServerLauncher.java:69) [server.jar:1.1.1]
[00:13:13] [main/ERROR]: Parsing error loading recipe supplementaries:candle_holder_slate
com.google.gson.JsonParseException: Unknown registry key in ResourceKey[minecraft:root / minecraft:item]: supplementaries:candle_holder_slate
	at knot/com.mojang.serialization.DataResult$Error.md83676b$owo$lambda$addStackTraceToException$0$0(DataResult.java:565) ~[datafixerupper-8.0.16.jar:?]
	at knot/com.mojang.serialization.DataResult$Error.getOrThrow(DataResult.java:287) ~[datafixerupper-8.0.16.jar:?]
	at knot/net.minecraft.class_1863.method_20705(class_1863.java:62) ~[server-intermediary.jar:?]
	at knot/net.minecraft.class_1863.method_18788(class_1863.java:35) ~[server-intermediary.jar:?]
	at knot/net.minecraft.class_4080.method_18790(class_4080.java:13) ~[server-intermediary.jar:?]
	at java.base/java.util.concurrent.CompletableFuture$UniAccept.tryFire(CompletableFuture.java:718) ~[?:?]
	at java.base/java.util.concurrent.CompletableFuture$Completion.run(CompletableFuture.java:482) ~[?:?]
	at knot/net.minecraft.class_4014.method_18365(class_4014.java:69) ~[server-intermediary.jar:?]
	at knot/net.minecraft.class_156.method_43498(class_156.java:1024) [server-intermediary.jar:?]
	at knot/net.minecraft.class_156.method_43499(class_156.java:1012) [server-intermediary.jar:?]
	at knot/net.minecraft.server.Main.main(Main.java:182) [server-intermediary.jar:?]
	at net.fabricmc.loader.impl.game.minecraft.MinecraftGameProvider.launch(MinecraftGameProvider.java:514) [fabric-loader-0.18.4.jar:?]
	at net.fabricmc.loader.impl.launch.knot.Knot.launch(Knot.java:72) [fabric-loader-0.18.4.jar:?]
	at net.fabricmc.loader.impl.launch.knot.KnotServer.main(KnotServer.java:23) [fabric-loader-0.18.4.jar:?]
	at net.fabricmc.loader.impl.launch.server.FabricServerLauncher.main(FabricServerLauncher.java:69) [fabric-loader-0.18.4.jar:?]
	at net.fabricmc.installer.ServerLauncher.main(ServerLauncher.java:69) [server.jar:1.1.1]
[00:13:13] [main/ERROR]: Parsing error loading recipe supplementaries:candle_holder_olive
com.google.gson.JsonParseException: Unknown registry key in ResourceKey[minecraft:root / minecraft:item]: supplementaries:candle_holder_olive
	at knot/com.mojang.serialization.DataResult$Error.md83676b$owo$lambda$addStackTraceToException$0$0(DataResult.java:565) ~[datafixerupper-8.0.16.jar:?]
	at knot/com.mojang.serialization.DataResult$Error.getOrThrow(DataResult.java:287) ~[datafixerupper-8.0.16.jar:?]
	at knot/net.minecraft.class_1863.method_20705(class_1863.java:62) ~[server-intermediary.jar:?]
	at knot/net.minecraft.class_1863.method_18788(class_1863.java:35) ~[server-intermediary.jar:?]
	at knot/net.minecraft.class_4080.method_18790(class_4080.java:13) ~[server-intermediary.jar:?]
	at java.base/java.util.concurrent.CompletableFuture$UniAccept.tryFire(CompletableFuture.java:718) ~[?:?]
	at java.base/java.util.concurrent.CompletableFuture$Completion.run(CompletableFuture.java:482) ~[?:?]
	at knot/net.minecraft.class_4014.method_18365(class_4014.java:69) ~[server-intermediary.jar:?]
	at knot/net.minecraft.class_156.method_43498(class_156.java:1024) [server-intermediary.jar:?]
	at knot/net.minecraft.class_156.method_43499(class_156.java:1012) [server-intermediary.jar:?]
	at knot/net.minecraft.server.Main.main(Main.java:182) [server-intermediary.jar:?]
	at net.fabricmc.loader.impl.game.minecraft.MinecraftGameProvider.launch(MinecraftGameProvider.java:514) [fabric-loader-0.18.4.jar:?]
	at net.fabricmc.loader.impl.launch.knot.Knot.launch(Knot.java:72) [fabric-loader-0.18.4.jar:?]
	at net.fabricmc.loader.impl.launch.knot.KnotServer.main(KnotServer.java:23) [fabric-loader-0.18.4.jar:?]
	at net.fabricmc.loader.impl.launch.server.FabricServerLauncher.main(FabricServerLauncher.java:69) [fabric-loader-0.18.4.jar:?]
	at net.fabricmc.installer.ServerLauncher.main(ServerLauncher.java:69) [server.jar:1.1.1]
[00:13:13] [main/ERROR]: Parsing error loading recipe suppsquared:gold_candle_holder_forest
com.google.gson.JsonParseException: Unknown registry key in ResourceKey[minecraft:root / minecraft:item]: suppsquared:gold_candle_holder_forest
	at knot/com.mojang.serialization.DataResult$Error.md83676b$owo$lambda$addStackTraceToException$0$0(DataResult.java:565) ~[datafixerupper-8.0.16.jar:?]
	at knot/com.mojang.serialization.DataResult$Error.getOrThrow(DataResult.java:287) ~[datafixerupper-8.0.16.jar:?]
	at knot/net.minecraft.class_1863.method_20705(class_1863.java:62) ~[server-intermediary.jar:?]
	at knot/net.minecraft.class_1863.method_18788(class_1863.java:35) ~[server-intermediary.jar:?]
	at knot/net.minecraft.class_4080.method_18790(class_4080.java:13) ~[server-intermediary.jar:?]
	at java.base/java.util.concurrent.CompletableFuture$UniAccept.tryFire(CompletableFuture.java:718) ~[?:?]
	at java.base/java.util.concurrent.CompletableFuture$Completion.run(CompletableFuture.java:482) ~[?:?]
	at knot/net.minecraft.class_4014.method_18365(class_4014.java:69) ~[server-intermediary.jar:?]
	at knot/net.minecraft.class_156.method_43498(class_156.java:1024) [server-intermediary.jar:?]
	at knot/net.minecraft.class_156.method_43499(class_156.java:1012) [server-intermediary.jar:?]
	at knot/net.minecraft.server.Main.main(Main.java:182) [server-intermediary.jar:?]
	at net.fabricmc.loader.impl.game.minecraft.MinecraftGameProvider.launch(MinecraftGameProvider.java:514) [fabric-loader-0.18.4.jar:?]
	at net.fabricmc.loader.impl.launch.knot.Knot.launch(Knot.java:72) [fabric-loader-0.18.4.jar:?]
	at net.fabricmc.loader.impl.launch.knot.KnotServer.main(KnotServer.java:23) [fabric-loader-0.18.4.jar:?]
	at net.fabricmc.loader.impl.launch.server.FabricServerLauncher.main(FabricServerLauncher.java:69) [fabric-loader-0.18.4.jar:?]
	at net.fabricmc.installer.ServerLauncher.main(ServerLauncher.java:69) [server.jar:1.1.1]
[00:13:13] [main/ERROR]: Parsing error loading recipe suppsquared:gold_candle_holder_ginger
com.google.gson.JsonParseException: Unknown registry key in ResourceKey[minecraft:root / minecraft:item]: suppsquared:gold_candle_holder_ginger
	at knot/com.mojang.serialization.DataResult$Error.md83676b$owo$lambda$addStackTraceToException$0$0(DataResult.java:565) ~[datafixerupper-8.0.16.jar:?]
	at knot/com.mojang.serialization.DataResult$Error.getOrThrow(DataResult.java:287) ~[datafixerupper-8.0.16.jar:?]
	at knot/net.minecraft.class_1863.method_20705(class_1863.java:62) ~[server-intermediary.jar:?]
	at knot/net.minecraft.class_1863.method_18788(class_1863.java:35) ~[server-intermediary.jar:?]
	at knot/net.minecraft.class_4080.method_18790(class_4080.java:13) ~[server-intermediary.jar:?]
	at java.base/java.util.concurrent.CompletableFuture$UniAccept.tryFire(CompletableFuture.java:718) ~[?:?]
	at java.base/java.util.concurrent.CompletableFuture$Completion.run(CompletableFuture.java:482) ~[?:?]
	at knot/net.minecraft.class_4014.method_18365(class_4014.java:69) ~[server-intermediary.jar:?]
	at knot/net.minecraft.class_156.method_43498(class_156.java:1024) [server-intermediary.jar:?]
	at knot/net.minecraft.class_156.method_43499(class_156.java:1012) [server-intermediary.jar:?]
	at knot/net.minecraft.server.Main.main(Main.java:182) [server-intermediary.jar:?]
	at net.fabricmc.loader.impl.game.minecraft.MinecraftGameProvider.launch(MinecraftGameProvider.java:514) [fabric-loader-0.18.4.jar:?]
	at net.fabricmc.loader.impl.launch.knot.Knot.launch(Knot.java:72) [fabric-loader-0.18.4.jar:?]
	at net.fabricmc.loader.impl.launch.knot.KnotServer.main(KnotServer.java:23) [fabric-loader-0.18.4.jar:?]
	at net.fabricmc.loader.impl.launch.server.FabricServerLauncher.main(FabricServerLauncher.java:69) [fabric-loader-0.18.4.jar:?]
	at net.fabricmc.installer.ServerLauncher.main(ServerLauncher.java:69) [server.jar:1.1.1]
[00:13:13] [main/ERROR]: Parsing error loading recipe shutter:willow_shutter
com.google.gson.JsonParseException: Map entry '_' : Failed to parse either. First: Input does not contain a key [fabric:type]: MapLike[{"item":"environmental:willow_slab"}]; Second: Failed to parse either. First: Not a json array: {"item":"environmental:willow_slab"}; Second: No key tag in MapLike[{"item":"environmental:willow_slab"}]; Unknown registry key in ResourceKey[minecraft:root / minecraft:item]: environmental:willow_slab
	at knot/com.mojang.serialization.DataResult$Error.md83676b$owo$lambda$addStackTraceToException$0$0(DataResult.java:565) ~[datafixerupper-8.0.16.jar:?]
	at knot/com.mojang.serialization.DataResult$Error.getOrThrow(DataResult.java:287) ~[datafixerupper-8.0.16.jar:?]
	at knot/net.minecraft.class_1863.method_20705(class_1863.java:62) ~[server-intermediary.jar:?]
	at knot/net.minecraft.class_1863.method_18788(class_1863.java:35) ~[server-intermediary.jar:?]
	at knot/net.minecraft.class_4080.method_18790(class_4080.java:13) ~[server-intermediary.jar:?]
	at java.base/java.util.concurrent.CompletableFuture$UniAccept.tryFire(CompletableFuture.java:718) ~[?:?]
	at java.base/java.util.concurrent.CompletableFuture$Completion.run(CompletableFuture.java:482) ~[?:?]
	at knot/net.minecraft.class_4014.method_18365(class_4014.java:69) ~[server-intermediary.jar:?]
	at knot/net.minecraft.class_156.method_43498(class_156.java:1024) [server-intermediary.jar:?]
	at knot/net.minecraft.class_156.method_43499(class_156.java:1012) [server-intermediary.jar:?]
	at knot/net.minecraft.server.Main.main(Main.java:182) [server-intermediary.jar:?]
	at net.fabricmc.loader.impl.game.minecraft.MinecraftGameProvider.launch(MinecraftGameProvider.java:514) [fabric-loader-0.18.4.jar:?]
	at net.fabricmc.loader.impl.launch.knot.Knot.launch(Knot.java:72) [fabric-loader-0.18.4.jar:?]
	at net.fabricmc.loader.impl.launch.knot.KnotServer.main(KnotServer.java:23) [fabric-loader-0.18.4.jar:?]
	at net.fabricmc.loader.impl.launch.server.FabricServerLauncher.main(FabricServerLauncher.java:69) [fabric-loader-0.18.4.jar:?]
	at net.fabricmc.installer.ServerLauncher.main(ServerLauncher.java:69) [server.jar:1.1.1]
[00:13:13] [main/ERROR]: Parsing error loading recipe shutter:ancient_shutter
com.google.gson.JsonParseException: Map entry '_' : Failed to parse either. First: Input does not contain a key [fabric:type]: MapLike[{"item":"quark:ancient_planks_slab"}]; Second: Failed to parse either. First: Not a json array: {"item":"quark:ancient_planks_slab"}; Second: No key tag in MapLike[{"item":"quark:ancient_planks_slab"}]; Unknown registry key in ResourceKey[minecraft:root / minecraft:item]: quark:ancient_planks_slab
	at knot/com.mojang.serialization.DataResult$Error.md83676b$owo$lambda$addStackTraceToException$0$0(DataResult.java:565) ~[datafixerupper-8.0.16.jar:?]
	at knot/com.mojang.serialization.DataResult$Error.getOrThrow(DataResult.java:287) ~[datafixerupper-8.0.16.jar:?]
	at knot/net.minecraft.class_1863.method_20705(class_1863.java:62) ~[server-intermediary.jar:?]
	at knot/net.minecraft.class_1863.method_18788(class_1863.java:35) ~[server-intermediary.jar:?]
	at knot/net.minecraft.class_4080.method_18790(class_4080.java:13) ~[server-intermediary.jar:?]
	at java.base/java.util.concurrent.CompletableFuture$UniAccept.tryFire(CompletableFuture.java:718) ~[?:?]
	at java.base/java.util.concurrent.CompletableFuture$Completion.run(CompletableFuture.java:482) ~[?:?]
	at knot/net.minecraft.class_4014.method_18365(class_4014.java:69) ~[server-intermediary.jar:?]
	at knot/net.minecraft.class_156.method_43498(class_156.java:1024) [server-intermediary.jar:?]
	at knot/net.minecraft.class_156.method_43499(class_156.java:1012) [server-intermediary.jar:?]
	at knot/net.minecraft.server.Main.main(Main.java:182) [server-intermediary.jar:?]
	at net.fabricmc.loader.impl.game.minecraft.MinecraftGameProvider.launch(MinecraftGameProvider.java:514) [fabric-loader-0.18.4.jar:?]
	at net.fabricmc.loader.impl.launch.knot.Knot.launch(Knot.java:72) [fabric-loader-0.18.4.jar:?]
	at net.fabricmc.loader.impl.launch.knot.KnotServer.main(KnotServer.java:23) [fabric-loader-0.18.4.jar:?]
	at net.fabricmc.loader.impl.launch.server.FabricServerLauncher.main(FabricServerLauncher.java:69) [fabric-loader-0.18.4.jar:?]
	at net.fabricmc.installer.ServerLauncher.main(ServerLauncher.java:69) [server.jar:1.1.1]
[00:13:13] [main/ERROR]: Parsing error loading recipe supplementaries:flag_verdant
com.google.gson.JsonParseException: Unknown registry key in ResourceKey[minecraft:root / minecraft:item]: supplementaries:flag_verdant
	at knot/com.mojang.serialization.DataResult$Error.md83676b$owo$lambda$addStackTraceToException$0$0(DataResult.java:565) ~[datafixerupper-8.0.16.jar:?]
	at knot/com.mojang.serialization.DataResult$Error.getOrThrow(DataResult.java:287) ~[datafixerupper-8.0.16.jar:?]
	at knot/net.minecraft.class_1863.method_20705(class_1863.java:62) ~[server-intermediary.jar:?]
	at knot/net.minecraft.class_1863.method_18788(class_1863.java:35) ~[server-intermediary.jar:?]
	at knot/net.minecraft.class_4080.method_18790(class_4080.java:13) ~[server-intermediary.jar:?]
	at java.base/java.util.concurrent.CompletableFuture$UniAccept.tryFire(CompletableFuture.java:718) ~[?:?]
	at java.base/java.util.concurrent.CompletableFuture$Completion.run(CompletableFuture.java:482) ~[?:?]
	at knot/net.minecraft.class_4014.method_18365(class_4014.java:69) ~[server-intermediary.jar:?]
	at knot/net.minecraft.class_156.method_43498(class_156.java:1024) [server-intermediary.jar:?]
	at knot/net.minecraft.class_156.method_43499(class_156.java:1012) [server-intermediary.jar:?]
	at knot/net.minecraft.server.Main.main(Main.java:182) [server-intermediary.jar:?]
	at net.fabricmc.loader.impl.game.minecraft.MinecraftGameProvider.launch(MinecraftGameProvider.java:514) [fabric-loader-0.18.4.jar:?]
	at net.fabricmc.loader.impl.launch.knot.Knot.launch(Knot.java:72) [fabric-loader-0.18.4.jar:?]
	at net.fabricmc.loader.impl.launch.knot.KnotServer.main(KnotServer.java:23) [fabric-loader-0.18.4.jar:?]
	at net.fabricmc.loader.impl.launch.server.FabricServerLauncher.main(FabricServerLauncher.java:69) [fabric-loader-0.18.4.jar:?]
	at net.fabricmc.installer.ServerLauncher.main(ServerLauncher.java:69) [server.jar:1.1.1]
[00:13:13] [main/ERROR]: Parsing error loading recipe create:sequenced_assembly/hires_color_film_developing
com.google.gson.JsonParseException: Unknown registry key in ResourceKey[minecraft:root / minecraft:recipe_serializer]: create:sequenced_assembly
	at knot/com.mojang.serialization.DataResult$Error.md83676b$owo$lambda$addStackTraceToException$0$0(DataResult.java:565) ~[datafixerupper-8.0.16.jar:?]
	at knot/com.mojang.serialization.DataResult$Error.getOrThrow(DataResult.java:287) ~[datafixerupper-8.0.16.jar:?]
	at knot/net.minecraft.class_1863.method_20705(class_1863.java:62) ~[server-intermediary.jar:?]
	at knot/net.minecraft.class_1863.method_18788(class_1863.java:35) ~[server-intermediary.jar:?]
	at knot/net.minecraft.class_4080.method_18790(class_4080.java:13) ~[server-intermediary.jar:?]
	at java.base/java.util.concurrent.CompletableFuture$UniAccept.tryFire(CompletableFuture.java:718) ~[?:?]
	at java.base/java.util.concurrent.CompletableFuture$Completion.run(CompletableFuture.java:482) ~[?:?]
	at knot/net.minecraft.class_4014.method_18365(class_4014.java:69) ~[server-intermediary.jar:?]
	at knot/net.minecraft.class_156.method_43498(class_156.java:1024) [server-intermediary.jar:?]
	at knot/net.minecraft.class_156.method_43499(class_156.java:1012) [server-intermediary.jar:?]
	at knot/net.minecraft.server.Main.main(Main.java:182) [server-intermediary.jar:?]
	at net.fabricmc.loader.impl.game.minecraft.MinecraftGameProvider.launch(MinecraftGameProvider.java:514) [fabric-loader-0.18.4.jar:?]
	at net.fabricmc.loader.impl.launch.knot.Knot.launch(Knot.java:72) [fabric-loader-0.18.4.jar:?]
	at net.fabricmc.loader.impl.launch.knot.KnotServer.main(KnotServer.java:23) [fabric-loader-0.18.4.jar:?]
	at net.fabricmc.loader.impl.launch.server.FabricServerLauncher.main(FabricServerLauncher.java:69) [fabric-loader-0.18.4.jar:?]
	at net.fabricmc.installer.ServerLauncher.main(ServerLauncher.java:69) [server.jar:1.1.1]
[00:13:13] [main/ERROR]: Parsing error loading recipe shutter:gingerbread_shutter
com.google.gson.JsonParseException: Map entry '#' : Failed to parse either. First: Input does not contain a key [fabric:type]: MapLike[{"item":"snowyspirit:gingerbread_frosted"}]; Second: Failed to parse either. First: Not a json array: {"item":"snowyspirit:gingerbread_frosted"}; Second: No key tag in MapLike[{"item":"snowyspirit:gingerbread_frosted"}]; Unknown registry key in ResourceKey[minecraft:root / minecraft:item]: snowyspirit:gingerbread_frosted
	at knot/com.mojang.serialization.DataResult$Error.md83676b$owo$lambda$addStackTraceToException$0$0(DataResult.java:565) ~[datafixerupper-8.0.16.jar:?]
	at knot/com.mojang.serialization.DataResult$Error.getOrThrow(DataResult.java:287) ~[datafixerupper-8.0.16.jar:?]
	at knot/net.minecraft.class_1863.method_20705(class_1863.java:62) ~[server-intermediary.jar:?]
	at knot/net.minecraft.class_1863.method_18788(class_1863.java:35) ~[server-intermediary.jar:?]
	at knot/net.minecraft.class_4080.method_18790(class_4080.java:13) ~[server-intermediary.jar:?]
	at java.base/java.util.concurrent.CompletableFuture$UniAccept.tryFire(CompletableFuture.java:718) ~[?:?]
	at java.base/java.util.concurrent.CompletableFuture$Completion.run(CompletableFuture.java:482) ~[?:?]
	at knot/net.minecraft.class_4014.method_18365(class_4014.java:69) ~[server-intermediary.jar:?]
	at knot/net.minecraft.class_156.method_43498(class_156.java:1024) [server-intermediary.jar:?]
	at knot/net.minecraft.class_156.method_43499(class_156.java:1012) [server-intermediary.jar:?]
	at knot/net.minecraft.server.Main.main(Main.java:182) [server-intermediary.jar:?]
	at net.fabricmc.loader.impl.game.minecraft.MinecraftGameProvider.launch(MinecraftGameProvider.java:514) [fabric-loader-0.18.4.jar:?]
	at net.fabricmc.loader.impl.launch.knot.Knot.launch(Knot.java:72) [fabric-loader-0.18.4.jar:?]
	at net.fabricmc.loader.impl.launch.knot.KnotServer.main(KnotServer.java:23) [fabric-loader-0.18.4.jar:?]
	at net.fabricmc.loader.impl.launch.server.FabricServerLauncher.main(FabricServerLauncher.java:69) [fabric-loader-0.18.4.jar:?]
	at net.fabricmc.installer.ServerLauncher.main(ServerLauncher.java:69) [server.jar:1.1.1]
[00:13:13] [main/ERROR]: Parsing error loading recipe shutter:flowering_azalea_shutter
com.google.gson.JsonParseException: Map entry '_' : Failed to parse either. First: Input does not contain a key [fabric:type]: MapLike[{"item":"ecologics:flowering_azalea_slab"}]; Second: Failed to parse either. First: Not a json array: {"item":"ecologics:flowering_azalea_slab"}; Second: No key tag in MapLike[{"item":"ecologics:flowering_azalea_slab"}]; Unknown registry key in ResourceKey[minecraft:root / minecraft:item]: ecologics:flowering_azalea_slab
	at knot/com.mojang.serialization.DataResult$Error.md83676b$owo$lambda$addStackTraceToException$0$0(DataResult.java:565) ~[datafixerupper-8.0.16.jar:?]
	at knot/com.mojang.serialization.DataResult$Error.getOrThrow(DataResult.java:287) ~[datafixerupper-8.0.16.jar:?]
	at knot/net.minecraft.class_1863.method_20705(class_1863.java:62) ~[server-intermediary.jar:?]
	at knot/net.minecraft.class_1863.method_18788(class_1863.java:35) ~[server-intermediary.jar:?]
	at knot/net.minecraft.class_4080.method_18790(class_4080.java:13) ~[server-intermediary.jar:?]
	at java.base/java.util.concurrent.CompletableFuture$UniAccept.tryFire(CompletableFuture.java:718) ~[?:?]
	at java.base/java.util.concurrent.CompletableFuture$Completion.run(CompletableFuture.java:482) ~[?:?]
	at knot/net.minecraft.class_4014.method_18365(class_4014.java:69) ~[server-intermediary.jar:?]
	at knot/net.minecraft.class_156.method_43498(class_156.java:1024) [server-intermediary.jar:?]
	at knot/net.minecraft.class_156.method_43499(class_156.java:1012) [server-intermediary.jar:?]
	at knot/net.minecraft.server.Main.main(Main.java:182) [server-intermediary.jar:?]
	at net.fabricmc.loader.impl.game.minecraft.MinecraftGameProvider.launch(MinecraftGameProvider.java:514) [fabric-loader-0.18.4.jar:?]
	at net.fabricmc.loader.impl.launch.knot.Knot.launch(Knot.java:72) [fabric-loader-0.18.4.jar:?]
	at net.fabricmc.loader.impl.launch.knot.KnotServer.main(KnotServer.java:23) [fabric-loader-0.18.4.jar:?]
	at net.fabricmc.loader.impl.launch.server.FabricServerLauncher.main(FabricServerLauncher.java:69) [fabric-loader-0.18.4.jar:?]
	at net.fabricmc.installer.ServerLauncher.main(ServerLauncher.java:69) [server.jar:1.1.1]
[00:13:13] [main/ERROR]: Parsing error loading recipe suppsquared:gold_candle_holder_aqua
com.google.gson.JsonParseException: Unknown registry key in ResourceKey[minecraft:root / minecraft:item]: suppsquared:gold_candle_holder_aqua
	at knot/com.mojang.serialization.DataResult$Error.md83676b$owo$lambda$addStackTraceToException$0$0(DataResult.java:565) ~[datafixerupper-8.0.16.jar:?]
	at knot/com.mojang.serialization.DataResult$Error.getOrThrow(DataResult.java:287) ~[datafixerupper-8.0.16.jar:?]
	at knot/net.minecraft.class_1863.method_20705(class_1863.java:62) ~[server-intermediary.jar:?]
	at knot/net.minecraft.class_1863.method_18788(class_1863.java:35) ~[server-intermediary.jar:?]
	at knot/net.minecraft.class_4080.method_18790(class_4080.java:13) ~[server-intermediary.jar:?]
	at java.base/java.util.concurrent.CompletableFuture$UniAccept.tryFire(CompletableFuture.java:718) ~[?:?]
	at java.base/java.util.concurrent.CompletableFuture$Completion.run(CompletableFuture.java:482) ~[?:?]
	at knot/net.minecraft.class_4014.method_18365(class_4014.java:69) ~[server-intermediary.jar:?]
	at knot/net.minecraft.class_156.method_43498(class_156.java:1024) [server-intermediary.jar:?]
	at knot/net.minecraft.class_156.method_43499(class_156.java:1012) [server-intermediary.jar:?]
	at knot/net.minecraft.server.Main.main(Main.java:182) [server-intermediary.jar:?]
	at net.fabricmc.loader.impl.game.minecraft.MinecraftGameProvider.launch(MinecraftGameProvider.java:514) [fabric-loader-0.18.4.jar:?]
	at net.fabricmc.loader.impl.launch.knot.Knot.launch(Knot.java:72) [fabric-loader-0.18.4.jar:?]
	at net.fabricmc.loader.impl.launch.knot.KnotServer.main(KnotServer.java:23) [fabric-loader-0.18.4.jar:?]
	at net.fabricmc.loader.impl.launch.server.FabricServerLauncher.main(FabricServerLauncher.java:69) [fabric-loader-0.18.4.jar:?]
	at net.fabricmc.installer.ServerLauncher.main(ServerLauncher.java:69) [server.jar:1.1.1]
[00:13:13] [main/ERROR]: Parsing error loading recipe fcru:small_oak_wood
com.google.gson.JsonParseException: Unknown registry key in ResourceKey[minecraft:root / minecraft:item]: regions_unexplored:stripped_small_oak_wood; Failed to parse either. First: Input does not contain a key [fabric:type]: MapLike[{"item":"regions_unexplored:small_oak_wood"}]; Second: Failed to parse either. First: Not a json array: {"item":"regions_unexplored:small_oak_wood"}; Second: No key tag in MapLike[{"item":"regions_unexplored:small_oak_wood"}]; Unknown registry key in ResourceKey[minecraft:root / minecraft:item]: regions_unexplored:small_oak_wood; No ingredients for cutting recipe
	at knot/com.mojang.serialization.DataResult$Error.md83676b$owo$lambda$addStackTraceToException$0$0(DataResult.java:565) ~[datafixerupper-8.0.16.jar:?]
	at knot/com.mojang.serialization.DataResult$Error.getOrThrow(DataResult.java:287) ~[datafixerupper-8.0.16.jar:?]
	at knot/net.minecraft.class_1863.method_20705(class_1863.java:62) ~[server-intermediary.jar:?]
	at knot/net.minecraft.class_1863.method_18788(class_1863.java:35) ~[server-intermediary.jar:?]
	at knot/net.minecraft.class_4080.method_18790(class_4080.java:13) ~[server-intermediary.jar:?]
	at java.base/java.util.concurrent.CompletableFuture$UniAccept.tryFire(CompletableFuture.java:718) ~[?:?]
	at java.base/java.util.concurrent.CompletableFuture$Completion.run(CompletableFuture.java:482) ~[?:?]
	at knot/net.minecraft.class_4014.method_18365(class_4014.java:69) ~[server-intermediary.jar:?]
	at knot/net.minecraft.class_156.method_43498(class_156.java:1024) [server-intermediary.jar:?]
	at knot/net.minecraft.class_156.method_43499(class_156.java:1012) [server-intermediary.jar:?]
	at knot/net.minecraft.server.Main.main(Main.java:182) [server-intermediary.jar:?]
	at net.fabricmc.loader.impl.game.minecraft.MinecraftGameProvider.launch(MinecraftGameProvider.java:514) [fabric-loader-0.18.4.jar:?]
	at net.fabricmc.loader.impl.launch.knot.Knot.launch(Knot.java:72) [fabric-loader-0.18.4.jar:?]
	at net.fabricmc.loader.impl.launch.knot.KnotServer.main(KnotServer.java:23) [fabric-loader-0.18.4.jar:?]
	at net.fabricmc.loader.impl.launch.server.FabricServerLauncher.main(FabricServerLauncher.java:69) [fabric-loader-0.18.4.jar:?]
	at net.fabricmc.installer.ServerLauncher.main(ServerLauncher.java:69) [server.jar:1.1.1]
[00:13:13] [main/ERROR]: Parsing error loading recipe suppsquared:gold_candle_holder_verdant
com.google.gson.JsonParseException: Unknown registry key in ResourceKey[minecraft:root / minecraft:item]: suppsquared:gold_candle_holder_verdant
	at knot/com.mojang.serialization.DataResult$Error.md83676b$owo$lambda$addStackTraceToException$0$0(DataResult.java:565) ~[datafixerupper-8.0.16.jar:?]
	at knot/com.mojang.serialization.DataResult$Error.getOrThrow(DataResult.java:287) ~[datafixerupper-8.0.16.jar:?]
	at knot/net.minecraft.class_1863.method_20705(class_1863.java:62) ~[server-intermediary.jar:?]
	at knot/net.minecraft.class_1863.method_18788(class_1863.java:35) ~[server-intermediary.jar:?]
	at knot/net.minecraft.class_4080.method_18790(class_4080.java:13) ~[server-intermediary.jar:?]
	at java.base/java.util.concurrent.CompletableFuture$UniAccept.tryFire(CompletableFuture.java:718) ~[?:?]
	at java.base/java.util.concurrent.CompletableFuture$Completion.run(CompletableFuture.java:482) ~[?:?]
	at knot/net.minecraft.class_4014.method_18365(class_4014.java:69) ~[server-intermediary.jar:?]
	at knot/net.minecraft.class_156.method_43498(class_156.java:1024) [server-intermediary.jar:?]
	at knot/net.minecraft.class_156.method_43499(class_156.java:1012) [server-intermediary.jar:?]
	at knot/net.minecraft.server.Main.main(Main.java:182) [server-intermediary.jar:?]
	at net.fabricmc.loader.impl.game.minecraft.MinecraftGameProvider.launch(MinecraftGameProvider.java:514) [fabric-loader-0.18.4.jar:?]
	at net.fabricmc.loader.impl.launch.knot.Knot.launch(Knot.java:72) [fabric-loader-0.18.4.jar:?]
	at net.fabricmc.loader.impl.launch.knot.KnotServer.main(KnotServer.java:23) [fabric-loader-0.18.4.jar:?]
	at net.fabricmc.loader.impl.launch.server.FabricServerLauncher.main(FabricServerLauncher.java:69) [fabric-loader-0.18.4.jar:?]
	at net.fabricmc.installer.ServerLauncher.main(ServerLauncher.java:69) [server.jar:1.1.1]
[00:13:13] [main/ERROR]: Parsing error loading recipe supplementaries:flag_aqua
com.google.gson.JsonParseException: Unknown registry key in ResourceKey[minecraft:root / minecraft:item]: supplementaries:flag_aqua
	at knot/com.mojang.serialization.DataResult$Error.md83676b$owo$lambda$addStackTraceToException$0$0(DataResult.java:565) ~[datafixerupper-8.0.16.jar:?]
	at knot/com.mojang.serialization.DataResult$Error.getOrThrow(DataResult.java:287) ~[datafixerupper-8.0.16.jar:?]
	at knot/net.minecraft.class_1863.method_20705(class_1863.java:62) ~[server-intermediary.jar:?]
	at knot/net.minecraft.class_1863.method_18788(class_1863.java:35) ~[server-intermediary.jar:?]
	at knot/net.minecraft.class_4080.method_18790(class_4080.java:13) ~[server-intermediary.jar:?]
	at java.base/java.util.concurrent.CompletableFuture$UniAccept.tryFire(CompletableFuture.java:718) ~[?:?]
	at java.base/java.util.concurrent.CompletableFuture$Completion.run(CompletableFuture.java:482) ~[?:?]
	at knot/net.minecraft.class_4014.method_18365(class_4014.java:69) ~[server-intermediary.jar:?]
	at knot/net.minecraft.class_156.method_43498(class_156.java:1024) [server-intermediary.jar:?]
	at knot/net.minecraft.class_156.method_43499(class_156.java:1012) [server-intermediary.jar:?]
	at knot/net.minecraft.server.Main.main(Main.java:182) [server-intermediary.jar:?]
	at net.fabricmc.loader.impl.game.minecraft.MinecraftGameProvider.launch(MinecraftGameProvider.java:514) [fabric-loader-0.18.4.jar:?]
	at net.fabricmc.loader.impl.launch.knot.Knot.launch(Knot.java:72) [fabric-loader-0.18.4.jar:?]
	at net.fabricmc.loader.impl.launch.knot.KnotServer.main(KnotServer.java:23) [fabric-loader-0.18.4.jar:?]
	at net.fabricmc.loader.impl.launch.server.FabricServerLauncher.main(FabricServerLauncher.java:69) [fabric-loader-0.18.4.jar:?]
	at net.fabricmc.installer.ServerLauncher.main(ServerLauncher.java:69) [server.jar:1.1.1]
[00:13:13] [main/ERROR]: Parsing error loading recipe supplementaries:candle_holder_forest
com.google.gson.JsonParseException: Unknown registry key in ResourceKey[minecraft:root / minecraft:item]: supplementaries:candle_holder_forest
	at knot/com.mojang.serialization.DataResult$Error.md83676b$owo$lambda$addStackTraceToException$0$0(DataResult.java:565) ~[datafixerupper-8.0.16.jar:?]
	at knot/com.mojang.serialization.DataResult$Error.getOrThrow(DataResult.java:287) ~[datafixerupper-8.0.16.jar:?]
	at knot/net.minecraft.class_1863.method_20705(class_1863.java:62) ~[server-intermediary.jar:?]
	at knot/net.minecraft.class_1863.method_18788(class_1863.java:35) ~[server-intermediary.jar:?]
	at knot/net.minecraft.class_4080.method_18790(class_4080.java:13) ~[server-intermediary.jar:?]
	at java.base/java.util.concurrent.CompletableFuture$UniAccept.tryFire(CompletableFuture.java:718) ~[?:?]
	at java.base/java.util.concurrent.CompletableFuture$Completion.run(CompletableFuture.java:482) ~[?:?]
	at knot/net.minecraft.class_4014.method_18365(class_4014.java:69) ~[server-intermediary.jar:?]
	at knot/net.minecraft.class_156.method_43498(class_156.java:1024) [server-intermediary.jar:?]
	at knot/net.minecraft.class_156.method_43499(class_156.java:1012) [server-intermediary.jar:?]
	at knot/net.minecraft.server.Main.main(Main.java:182) [server-intermediary.jar:?]
	at net.fabricmc.loader.impl.game.minecraft.MinecraftGameProvider.launch(MinecraftGameProvider.java:514) [fabric-loader-0.18.4.jar:?]
	at net.fabricmc.loader.impl.launch.knot.Knot.launch(Knot.java:72) [fabric-loader-0.18.4.jar:?]
	at net.fabricmc.loader.impl.launch.knot.KnotServer.main(KnotServer.java:23) [fabric-loader-0.18.4.jar:?]
	at net.fabricmc.loader.impl.launch.server.FabricServerLauncher.main(FabricServerLauncher.java:69) [fabric-loader-0.18.4.jar:?]
	at net.fabricmc.installer.ServerLauncher.main(ServerLauncher.java:69) [server.jar:1.1.1]
[00:13:13] [main/ERROR]: Parsing error loading recipe supplementaries:flag_maroon
com.google.gson.JsonParseException: Unknown registry key in ResourceKey[minecraft:root / minecraft:item]: supplementaries:flag_maroon
	at knot/com.mojang.serialization.DataResult$Error.md83676b$owo$lambda$addStackTraceToException$0$0(DataResult.java:565) ~[datafixerupper-8.0.16.jar:?]
	at knot/com.mojang.serialization.DataResult$Error.getOrThrow(DataResult.java:287) ~[datafixerupper-8.0.16.jar:?]
	at knot/net.minecraft.class_1863.method_20705(class_1863.java:62) ~[server-intermediary.jar:?]
	at knot/net.minecraft.class_1863.method_18788(class_1863.java:35) ~[server-intermediary.jar:?]
	at knot/net.minecraft.class_4080.method_18790(class_4080.java:13) ~[server-intermediary.jar:?]
	at java.base/java.util.concurrent.CompletableFuture$UniAccept.tryFire(CompletableFuture.java:718) ~[?:?]
	at java.base/java.util.concurrent.CompletableFuture$Completion.run(CompletableFuture.java:482) ~[?:?]
	at knot/net.minecraft.class_4014.method_18365(class_4014.java:69) ~[server-intermediary.jar:?]
	at knot/net.minecraft.class_156.method_43498(class_156.java:1024) [server-intermediary.jar:?]
	at knot/net.minecraft.class_156.method_43499(class_156.java:1012) [server-intermediary.jar:?]
	at knot/net.minecraft.server.Main.main(Main.java:182) [server-intermediary.jar:?]
	at net.fabricmc.loader.impl.game.minecraft.MinecraftGameProvider.launch(MinecraftGameProvider.java:514) [fabric-loader-0.18.4.jar:?]
	at net.fabricmc.loader.impl.launch.knot.Knot.launch(Knot.java:72) [fabric-loader-0.18.4.jar:?]
	at net.fabricmc.loader.impl.launch.knot.KnotServer.main(KnotServer.java:23) [fabric-loader-0.18.4.jar:?]
	at net.fabricmc.loader.impl.launch.server.FabricServerLauncher.main(FabricServerLauncher.java:69) [fabric-loader-0.18.4.jar:?]
	at net.fabricmc.installer.ServerLauncher.main(ServerLauncher.java:69) [server.jar:1.1.1]
[00:13:13] [main/ERROR]: Parsing error loading recipe shutter:muddy_oak_shutter
com.google.gson.JsonParseException: Map entry '#' : Failed to parse either. First: Input does not contain a key [fabric:type]: MapLike[{"item":"goodending:muddy_oak_slab"}]; Second: Failed to parse either. First: Not a json array: {"item":"goodending:muddy_oak_slab"}; Second: No key tag in MapLike[{"item":"goodending:muddy_oak_slab"}]; Unknown registry key in ResourceKey[minecraft:root / minecraft:item]: goodending:muddy_oak_slab
	at knot/com.mojang.serialization.DataResult$Error.md83676b$owo$lambda$addStackTraceToException$0$0(DataResult.java:565) ~[datafixerupper-8.0.16.jar:?]
	at knot/com.mojang.serialization.DataResult$Error.getOrThrow(DataResult.java:287) ~[datafixerupper-8.0.16.jar:?]
	at knot/net.minecraft.class_1863.method_20705(class_1863.java:62) ~[server-intermediary.jar:?]
	at knot/net.minecraft.class_1863.method_18788(class_1863.java:35) ~[server-intermediary.jar:?]
	at knot/net.minecraft.class_4080.method_18790(class_4080.java:13) ~[server-intermediary.jar:?]
	at java.base/java.util.concurrent.CompletableFuture$UniAccept.tryFire(CompletableFuture.java:718) ~[?:?]
	at java.base/java.util.concurrent.CompletableFuture$Completion.run(CompletableFuture.java:482) ~[?:?]
	at knot/net.minecraft.class_4014.method_18365(class_4014.java:69) ~[server-intermediary.jar:?]
	at knot/net.minecraft.class_156.method_43498(class_156.java:1024) [server-intermediary.jar:?]
	at knot/net.minecraft.class_156.method_43499(class_156.java:1012) [server-intermediary.jar:?]
	at knot/net.minecraft.server.Main.main(Main.java:182) [server-intermediary.jar:?]
	at net.fabricmc.loader.impl.game.minecraft.MinecraftGameProvider.launch(MinecraftGameProvider.java:514) [fabric-loader-0.18.4.jar:?]
	at net.fabricmc.loader.impl.launch.knot.Knot.launch(Knot.java:72) [fabric-loader-0.18.4.jar:?]
	at net.fabricmc.loader.impl.launch.knot.KnotServer.main(KnotServer.java:23) [fabric-loader-0.18.4.jar:?]
	at net.fabricmc.loader.impl.launch.server.FabricServerLauncher.main(FabricServerLauncher.java:69) [fabric-loader-0.18.4.jar:?]
	at net.fabricmc.installer.ServerLauncher.main(ServerLauncher.java:69) [server.jar:1.1.1]
[00:13:13] [main/ERROR]: Parsing error loading recipe suppsquared:gold_candle_holder_maroon
com.google.gson.JsonParseException: Unknown registry key in ResourceKey[minecraft:root / minecraft:item]: suppsquared:gold_candle_holder_maroon
	at knot/com.mojang.serialization.DataResult$Error.md83676b$owo$lambda$addStackTraceToException$0$0(DataResult.java:565) ~[datafixerupper-8.0.16.jar:?]
	at knot/com.mojang.serialization.DataResult$Error.getOrThrow(DataResult.java:287) ~[datafixerupper-8.0.16.jar:?]
	at knot/net.minecraft.class_1863.method_20705(class_1863.java:62) ~[server-intermediary.jar:?]
	at knot/net.minecraft.class_1863.method_18788(class_1863.java:35) ~[server-intermediary.jar:?]
	at knot/net.minecraft.class_4080.method_18790(class_4080.java:13) ~[server-intermediary.jar:?]
	at java.base/java.util.concurrent.CompletableFuture$UniAccept.tryFire(CompletableFuture.java:718) ~[?:?]
	at java.base/java.util.concurrent.CompletableFuture$Completion.run(CompletableFuture.java:482) ~[?:?]
	at knot/net.minecraft.class_4014.method_18365(class_4014.java:69) ~[server-intermediary.jar:?]
	at knot/net.minecraft.class_156.method_43498(class_156.java:1024) [server-intermediary.jar:?]
	at knot/net.minecraft.class_156.method_43499(class_156.java:1012) [server-intermediary.jar:?]
	at knot/net.minecraft.server.Main.main(Main.java:182) [server-intermediary.jar:?]
	at net.fabricmc.loader.impl.game.minecraft.MinecraftGameProvider.launch(MinecraftGameProvider.java:514) [fabric-loader-0.18.4.jar:?]
	at net.fabricmc.loader.impl.launch.knot.Knot.launch(Knot.java:72) [fabric-loader-0.18.4.jar:?]
	at net.fabricmc.loader.impl.launch.knot.KnotServer.main(KnotServer.java:23) [fabric-loader-0.18.4.jar:?]
	at net.fabricmc.loader.impl.launch.server.FabricServerLauncher.main(FabricServerLauncher.java:69) [fabric-loader-0.18.4.jar:?]
	at net.fabricmc.installer.ServerLauncher.main(ServerLauncher.java:69) [server.jar:1.1.1]
[00:13:13] [main/ERROR]: Parsing error loading recipe supplementaries:flag_olive
com.google.gson.JsonParseException: Unknown registry key in ResourceKey[minecraft:root / minecraft:item]: supplementaries:flag_olive
	at knot/com.mojang.serialization.DataResult$Error.md83676b$owo$lambda$addStackTraceToException$0$0(DataResult.java:565) ~[datafixerupper-8.0.16.jar:?]
	at knot/com.mojang.serialization.DataResult$Error.getOrThrow(DataResult.java:287) ~[datafixerupper-8.0.16.jar:?]
	at knot/net.minecraft.class_1863.method_20705(class_1863.java:62) ~[server-intermediary.jar:?]
	at knot/net.minecraft.class_1863.method_18788(class_1863.java:35) ~[server-intermediary.jar:?]
	at knot/net.minecraft.class_4080.method_18790(class_4080.java:13) ~[server-intermediary.jar:?]
	at java.base/java.util.concurrent.CompletableFuture$UniAccept.tryFire(CompletableFuture.java:718) ~[?:?]
	at java.base/java.util.concurrent.CompletableFuture$Completion.run(CompletableFuture.java:482) ~[?:?]
	at knot/net.minecraft.class_4014.method_18365(class_4014.java:69) ~[server-intermediary.jar:?]
	at knot/net.minecraft.class_156.method_43498(class_156.java:1024) [server-intermediary.jar:?]
	at knot/net.minecraft.class_156.method_43499(class_156.java:1012) [server-intermediary.jar:?]
	at knot/net.minecraft.server.Main.main(Main.java:182) [server-intermediary.jar:?]
	at net.fabricmc.loader.impl.game.minecraft.MinecraftGameProvider.launch(MinecraftGameProvider.java:514) [fabric-loader-0.18.4.jar:?]
	at net.fabricmc.loader.impl.launch.knot.Knot.launch(Knot.java:72) [fabric-loader-0.18.4.jar:?]
	at net.fabricmc.loader.impl.launch.knot.KnotServer.main(KnotServer.java:23) [fabric-loader-0.18.4.jar:?]
	at net.fabricmc.loader.impl.launch.server.FabricServerLauncher.main(FabricServerLauncher.java:69) [fabric-loader-0.18.4.jar:?]
	at net.fabricmc.installer.ServerLauncher.main(ServerLauncher.java:69) [server.jar:1.1.1]
[00:13:13] [main/ERROR]: Parsing error loading recipe supplementaries:flag_slate
com.google.gson.JsonParseException: Unknown registry key in ResourceKey[minecraft:root / minecraft:item]: supplementaries:flag_slate
	at knot/com.mojang.serialization.DataResult$Error.md83676b$owo$lambda$addStackTraceToException$0$0(DataResult.java:565) ~[datafixerupper-8.0.16.jar:?]
	at knot/com.mojang.serialization.DataResult$Error.getOrThrow(DataResult.java:287) ~[datafixerupper-8.0.16.jar:?]
	at knot/net.minecraft.class_1863.method_20705(class_1863.java:62) ~[server-intermediary.jar:?]
	at knot/net.minecraft.class_1863.method_18788(class_1863.java:35) ~[server-intermediary.jar:?]
	at knot/net.minecraft.class_4080.method_18790(class_4080.java:13) ~[server-intermediary.jar:?]
	at java.base/java.util.concurrent.CompletableFuture$UniAccept.tryFire(CompletableFuture.java:718) ~[?:?]
	at java.base/java.util.concurrent.CompletableFuture$Completion.run(CompletableFuture.java:482) ~[?:?]
	at knot/net.minecraft.class_4014.method_18365(class_4014.java:69) ~[server-intermediary.jar:?]
	at knot/net.minecraft.class_156.method_43498(class_156.java:1024) [server-intermediary.jar:?]
	at knot/net.minecraft.class_156.method_43499(class_156.java:1012) [server-intermediary.jar:?]
	at knot/net.minecraft.server.Main.main(Main.java:182) [server-intermediary.jar:?]
	at net.fabricmc.loader.impl.game.minecraft.MinecraftGameProvider.launch(MinecraftGameProvider.java:514) [fabric-loader-0.18.4.jar:?]
	at net.fabricmc.loader.impl.launch.knot.Knot.launch(Knot.java:72) [fabric-loader-0.18.4.jar:?]
	at net.fabricmc.loader.impl.launch.knot.KnotServer.main(KnotServer.java:23) [fabric-loader-0.18.4.jar:?]
	at net.fabricmc.loader.impl.launch.server.FabricServerLauncher.main(FabricServerLauncher.java:69) [fabric-loader-0.18.4.jar:?]
	at net.fabricmc.installer.ServerLauncher.main(ServerLauncher.java:69) [server.jar:1.1.1]
[00:13:13] [main/ERROR]: Parsing error loading recipe supplementaries:candle_holder_mint
com.google.gson.JsonParseException: Unknown registry key in ResourceKey[minecraft:root / minecraft:item]: supplementaries:candle_holder_mint
	at knot/com.mojang.serialization.DataResult$Error.md83676b$owo$lambda$addStackTraceToException$0$0(DataResult.java:565) ~[datafixerupper-8.0.16.jar:?]
	at knot/com.mojang.serialization.DataResult$Error.getOrThrow(DataResult.java:287) ~[datafixerupper-8.0.16.jar:?]
	at knot/net.minecraft.class_1863.method_20705(class_1863.java:62) ~[server-intermediary.jar:?]
	at knot/net.minecraft.class_1863.method_18788(class_1863.java:35) ~[server-intermediary.jar:?]
	at knot/net.minecraft.class_4080.method_18790(class_4080.java:13) ~[server-intermediary.jar:?]
	at java.base/java.util.concurrent.CompletableFuture$UniAccept.tryFire(CompletableFuture.java:718) ~[?:?]
	at java.base/java.util.concurrent.CompletableFuture$Completion.run(CompletableFuture.java:482) ~[?:?]
	at knot/net.minecraft.class_4014.method_18365(class_4014.java:69) ~[server-intermediary.jar:?]
	at knot/net.minecraft.class_156.method_43498(class_156.java:1024) [server-intermediary.jar:?]
	at knot/net.minecraft.class_156.method_43499(class_156.java:1012) [server-intermediary.jar:?]
	at knot/net.minecraft.server.Main.main(Main.java:182) [server-intermediary.jar:?]
	at net.fabricmc.loader.impl.game.minecraft.MinecraftGameProvider.launch(MinecraftGameProvider.java:514) [fabric-loader-0.18.4.jar:?]
	at net.fabricmc.loader.impl.launch.knot.Knot.launch(Knot.java:72) [fabric-loader-0.18.4.jar:?]
	at net.fabricmc.loader.impl.launch.knot.KnotServer.main(KnotServer.java:23) [fabric-loader-0.18.4.jar:?]
	at net.fabricmc.loader.impl.launch.server.FabricServerLauncher.main(FabricServerLauncher.java:69) [fabric-loader-0.18.4.jar:?]
	at net.fabricmc.installer.ServerLauncher.main(ServerLauncher.java:69) [server.jar:1.1.1]
[00:13:13] [main/ERROR]: Parsing error loading recipe create:sequenced_assembly/c64_film_developing
com.google.gson.JsonParseException: Unknown registry key in ResourceKey[minecraft:root / minecraft:recipe_serializer]: create:sequenced_assembly
	at knot/com.mojang.serialization.DataResult$Error.md83676b$owo$lambda$addStackTraceToException$0$0(DataResult.java:565) ~[datafixerupper-8.0.16.jar:?]
	at knot/com.mojang.serialization.DataResult$Error.getOrThrow(DataResult.java:287) ~[datafixerupper-8.0.16.jar:?]
	at knot/net.minecraft.class_1863.method_20705(class_1863.java:62) ~[server-intermediary.jar:?]
	at knot/net.minecraft.class_1863.method_18788(class_1863.java:35) ~[server-intermediary.jar:?]
	at knot/net.minecraft.class_4080.method_18790(class_4080.java:13) ~[server-intermediary.jar:?]
	at java.base/java.util.concurrent.CompletableFuture$UniAccept.tryFire(CompletableFuture.java:718) ~[?:?]
	at java.base/java.util.concurrent.CompletableFuture$Completion.run(CompletableFuture.java:482) ~[?:?]
	at knot/net.minecraft.class_4014.method_18365(class_4014.java:69) ~[server-intermediary.jar:?]
	at knot/net.minecraft.class_156.method_43498(class_156.java:1024) [server-intermediary.jar:?]
	at knot/net.minecraft.class_156.method_43499(class_156.java:1012) [server-intermediary.jar:?]
	at knot/net.minecraft.server.Main.main(Main.java:182) [server-intermediary.jar:?]
	at net.fabricmc.loader.impl.game.minecraft.MinecraftGameProvider.launch(MinecraftGameProvider.java:514) [fabric-loader-0.18.4.jar:?]
	at net.fabricmc.loader.impl.launch.knot.Knot.launch(Knot.java:72) [fabric-loader-0.18.4.jar:?]
	at net.fabricmc.loader.impl.launch.knot.KnotServer.main(KnotServer.java:23) [fabric-loader-0.18.4.jar:?]
	at net.fabricmc.loader.impl.launch.server.FabricServerLauncher.main(FabricServerLauncher.java:69) [fabric-loader-0.18.4.jar:?]
	at net.fabricmc.installer.ServerLauncher.main(ServerLauncher.java:69) [server.jar:1.1.1]
[00:13:13] [main/ERROR]: Parsing error loading recipe supplementaries:candle_holder_amber
com.google.gson.JsonParseException: Unknown registry key in ResourceKey[minecraft:root / minecraft:item]: supplementaries:candle_holder_amber
	at knot/com.mojang.serialization.DataResult$Error.md83676b$owo$lambda$addStackTraceToException$0$0(DataResult.java:565) ~[datafixerupper-8.0.16.jar:?]
	at knot/com.mojang.serialization.DataResult$Error.getOrThrow(DataResult.java:287) ~[datafixerupper-8.0.16.jar:?]
	at knot/net.minecraft.class_1863.method_20705(class_1863.java:62) ~[server-intermediary.jar:?]
	at knot/net.minecraft.class_1863.method_18788(class_1863.java:35) ~[server-intermediary.jar:?]
	at knot/net.minecraft.class_4080.method_18790(class_4080.java:13) ~[server-intermediary.jar:?]
	at java.base/java.util.concurrent.CompletableFuture$UniAccept.tryFire(CompletableFuture.java:718) ~[?:?]
	at java.base/java.util.concurrent.CompletableFuture$Completion.run(CompletableFuture.java:482) ~[?:?]
	at knot/net.minecraft.class_4014.method_18365(class_4014.java:69) ~[server-intermediary.jar:?]
	at knot/net.minecraft.class_156.method_43498(class_156.java:1024) [server-intermediary.jar:?]
	at knot/net.minecraft.class_156.method_43499(class_156.java:1012) [server-intermediary.jar:?]
	at knot/net.minecraft.server.Main.main(Main.java:182) [server-intermediary.jar:?]
	at net.fabricmc.loader.impl.game.minecraft.MinecraftGameProvider.launch(MinecraftGameProvider.java:514) [fabric-loader-0.18.4.jar:?]
	at net.fabricmc.loader.impl.launch.knot.Knot.launch(Knot.java:72) [fabric-loader-0.18.4.jar:?]
	at net.fabricmc.loader.impl.launch.knot.KnotServer.main(KnotServer.java:23) [fabric-loader-0.18.4.jar:?]
	at net.fabricmc.loader.impl.launch.server.FabricServerLauncher.main(FabricServerLauncher.java:69) [fabric-loader-0.18.4.jar:?]
	at net.fabricmc.installer.ServerLauncher.main(ServerLauncher.java:69) [server.jar:1.1.1]
[00:13:13] [main/ERROR]: Parsing error loading recipe suppsquared:gold_candle_holder_coral
com.google.gson.JsonParseException: Unknown registry key in ResourceKey[minecraft:root / minecraft:item]: suppsquared:gold_candle_holder_coral
	at knot/com.mojang.serialization.DataResult$Error.md83676b$owo$lambda$addStackTraceToException$0$0(DataResult.java:565) ~[datafixerupper-8.0.16.jar:?]
	at knot/com.mojang.serialization.DataResult$Error.getOrThrow(DataResult.java:287) ~[datafixerupper-8.0.16.jar:?]
	at knot/net.minecraft.class_1863.method_20705(class_1863.java:62) ~[server-intermediary.jar:?]
	at knot/net.minecraft.class_1863.method_18788(class_1863.java:35) ~[server-intermediary.jar:?]
	at knot/net.minecraft.class_4080.method_18790(class_4080.java:13) ~[server-intermediary.jar:?]
	at java.base/java.util.concurrent.CompletableFuture$UniAccept.tryFire(CompletableFuture.java:718) ~[?:?]
	at java.base/java.util.concurrent.CompletableFuture$Completion.run(CompletableFuture.java:482) ~[?:?]
	at knot/net.minecraft.class_4014.method_18365(class_4014.java:69) ~[server-intermediary.jar:?]
	at knot/net.minecraft.class_156.method_43498(class_156.java:1024) [server-intermediary.jar:?]
	at knot/net.minecraft.class_156.method_43499(class_156.java:1012) [server-intermediary.jar:?]
	at knot/net.minecraft.server.Main.main(Main.java:182) [server-intermediary.jar:?]
	at net.fabricmc.loader.impl.game.minecraft.MinecraftGameProvider.launch(MinecraftGameProvider.java:514) [fabric-loader-0.18.4.jar:?]
	at net.fabricmc.loader.impl.launch.knot.Knot.launch(Knot.java:72) [fabric-loader-0.18.4.jar:?]
	at net.fabricmc.loader.impl.launch.knot.KnotServer.main(KnotServer.java:23) [fabric-loader-0.18.4.jar:?]
	at net.fabricmc.loader.impl.launch.server.FabricServerLauncher.main(FabricServerLauncher.java:69) [fabric-loader-0.18.4.jar:?]
	at net.fabricmc.installer.ServerLauncher.main(ServerLauncher.java:69) [server.jar:1.1.1]
[00:13:13] [main/INFO]: Loaded 9420 recipes
[00:13:13] [main/ERROR]: Failed to parse resource conditions for file of type advancement with id supplementaries:recipes/decorations/candle_holder_indigo, skipping: Unknown resource condition key: supplementaries:flag
[00:13:13] [main/ERROR]: Failed to parse resource conditions for file of type advancement with id suppsquared:recipes/decorations/gold_candle_holder_amber, skipping: Unknown resource condition key: supplementaries:flag
[00:13:13] [main/ERROR]: Failed to parse resource conditions for file of type advancement with id supplementaries:recipes/decorations/flag_navy, skipping: Unknown resource condition key: supplementaries:flag
[00:13:13] [main/ERROR]: Failed to parse resource conditions for file of type advancement with id suppsquared:recipes/decorations/gold_candle_holder_verdant, skipping: Unknown resource condition key: supplementaries:flag
[00:13:13] [main/ERROR]: Failed to parse resource conditions for file of type advancement with id supplementaries:recipes/decorations/flag_amber, skipping: Unknown resource condition key: supplementaries:flag
[00:13:13] [main/ERROR]: Failed to parse resource conditions for file of type advancement with id supplementaries:recipes/decorations/flag_teal, skipping: Unknown resource condition key: supplementaries:flag
[00:13:13] [main/ERROR]: Failed to parse resource conditions for file of type advancement with id supplementaries:recipes/decorations/flag_rose, skipping: Unknown resource condition key: supplementaries:flag
[00:13:13] [main/ERROR]: Failed to parse resource conditions for file of type advancement with id supplementaries:recipes/decorations/candle_holder_mint, skipping: Unknown resource condition key: supplementaries:flag
[00:13:13] [main/ERROR]: Failed to parse resource conditions for file of type advancement with id supplementaries:recipes/decorations/candle_holder_verdant, skipping: Unknown resource condition key: supplementaries:flag
[00:13:13] [main/ERROR]: Failed to parse resource conditions for file of type advancement with id supplementaries:recipes/decorations/flag_indigo, skipping: Unknown resource condition key: supplementaries:flag
[00:13:13] [main/ERROR]: Failed to parse resource conditions for file of type advancement with id supplementaries:recipes/decorations/flag_tan, skipping: Unknown resource condition key: supplementaries:flag
[00:13:13] [main/ERROR]: Failed to parse resource conditions for file of type advancement with id suppsquared:recipes/decorations/gold_candle_holder_mint, skipping: Unknown resource condition key: supplementaries:flag
[00:13:13] [main/ERROR]: Failed to parse resource conditions for file of type advancement with id suppsquared:recipes/decorations/gold_candle_holder_slate, skipping: Unknown resource condition key: supplementaries:flag
[00:13:13] [main/ERROR]: Failed to parse resource conditions for file of type advancement with id suppsquared:recipes/decorations/gold_candle_holder_olive, skipping: Unknown resource condition key: supplementaries:flag
[00:13:13] [main/ERROR]: Failed to parse resource conditions for file of type advancement with id supplementaries:recipes/decorations/flag_verdant, skipping: Unknown resource condition key: supplementaries:flag
[00:13:13] [main/ERROR]: Failed to parse resource conditions for file of type advancement with id suppsquared:recipes/decorations/gold_candle_holder_indigo, skipping: Unknown resource condition key: supplementaries:flag
[00:13:13] [main/ERROR]: Failed to parse resource conditions for file of type advancement with id supplementaries:recipes/decorations/flag_olive, skipping: Unknown resource condition key: supplementaries:flag
[00:13:13] [main/ERROR]: Failed to parse resource conditions for file of type advancement with id supplementaries:recipes/decorations/flag_slate, skipping: Unknown resource condition key: supplementaries:flag
[00:13:13] [main/ERROR]: Failed to parse resource conditions for file of type advancement with id supplementaries:recipes/decorations/flag_aqua, skipping: Unknown resource condition key: supplementaries:flag
[00:13:13] [main/ERROR]: Failed to parse resource conditions for file of type advancement with id supplementaries:recipes/decorations/candle_holder_beige, skipping: Unknown resource condition key: supplementaries:flag
[00:13:13] [main/ERROR]: Failed to parse resource conditions for file of type advancement with id supplementaries:recipes/decorations/candle_holder_tan, skipping: Unknown resource condition key: supplementaries:flag
[00:13:13] [main/ERROR]: Failed to parse resource conditions for file of type advancement with id supplementaries:recipes/decorations/candle_holder_forest, skipping: Unknown resource condition key: supplementaries:flag
[00:13:13] [main/ERROR]: Failed to parse resource conditions for file of type advancement with id supplementaries:recipes/decorations/candle_holder_coral, skipping: Unknown resource condition key: supplementaries:flag
[00:13:13] [main/ERROR]: Failed to parse resource conditions for file of type advancement with id supplementaries:recipes/decorations/candle_holder_navy, skipping: Unknown resource condition key: supplementaries:flag
[00:13:13] [main/ERROR]: Failed to parse resource conditions for file of type advancement with id supplementaries:recipes/decorations/candle_holder_maroon, skipping: Unknown resource condition key: supplementaries:flag
[00:13:13] [main/ERROR]: Failed to parse resource conditions for file of type advancement with id suppsquared:recipes/decorations/gold_candle_holder_tan, skipping: Unknown resource condition key: supplementaries:flag
[00:13:13] [main/ERROR]: Failed to parse resource conditions for file of type advancement with id supplementaries:recipes/decorations/candle_holder_ginger, skipping: Unknown resource condition key: supplementaries:flag
[00:13:13] [main/ERROR]: Failed to parse resource conditions for file of type advancement with id suppsquared:recipes/decorations/gold_candle_holder_navy, skipping: Unknown resource condition key: supplementaries:flag
[00:13:13] [main/ERROR]: Failed to parse resource conditions for file of type advancement with id suppsquared:recipes/decorations/gold_candle_holder_rose, skipping: Unknown resource condition key: supplementaries:flag
[00:13:13] [main/ERROR]: Failed to parse resource conditions for file of type advancement with id supplementaries:recipes/decorations/flag_forest, skipping: Unknown resource condition key: supplementaries:flag
[00:13:13] [main/ERROR]: Failed to parse resource conditions for file of type advancement with id supplementaries:recipes/decorations/candle_holder_amber, skipping: Unknown resource condition key: supplementaries:flag
[00:13:13] [main/ERROR]: Failed to parse resource conditions for file of type advancement with id supplementaries:recipes/decorations/flag_mint, skipping: Unknown resource condition key: supplementaries:flag
[00:13:13] [main/ERROR]: Failed to parse resource conditions for file of type advancement with id supplementaries:recipes/decorations/flag_ginger, skipping: Unknown resource condition key: supplementaries:flag
[00:13:13] [main/ERROR]: Failed to parse resource conditions for file of type advancement with id suppsquared:recipes/decorations/gold_candle_holder_maroon, skipping: Unknown resource condition key: supplementaries:flag
[00:13:13] [main/ERROR]: Failed to parse resource conditions for file of type advancement with id supplementaries:recipes/decorations/candle_holder_rose, skipping: Unknown resource condition key: supplementaries:flag
[00:13:13] [main/ERROR]: Failed to parse resource conditions for file of type advancement with id suppsquared:recipes/decorations/gold_candle_holder_coral, skipping: Unknown resource condition key: supplementaries:flag
[00:13:13] [main/ERROR]: Failed to parse resource conditions for file of type advancement with id suppsquared:recipes/decorations/gold_candle_holder_teal, skipping: Unknown resource condition key: supplementaries:flag
[00:13:13] [main/ERROR]: Failed to parse resource conditions for file of type advancement with id supplementaries:recipes/decorations/candle_holder_teal, skipping: Unknown resource condition key: supplementaries:flag
[00:13:13] [main/ERROR]: Failed to parse resource conditions for file of type advancement with id supplementaries:recipes/decorations/flag_beige, skipping: Unknown resource condition key: supplementaries:flag
[00:13:13] [main/ERROR]: Failed to parse resource conditions for file of type advancement with id suppsquared:recipes/decorations/gold_candle_holder_beige, skipping: Unknown resource condition key: supplementaries:flag
[00:13:13] [main/ERROR]: Failed to parse resource conditions for file of type advancement with id supplementaries:recipes/decorations/candle_holder_aqua, skipping: Unknown resource condition key: supplementaries:flag
[00:13:13] [main/ERROR]: Failed to parse resource conditions for file of type advancement with id supplementaries:recipes/decorations/flag_coral, skipping: Unknown resource condition key: supplementaries:flag
[00:13:13] [main/ERROR]: Failed to parse resource conditions for file of type advancement with id supplementaries:recipes/decorations/candle_holder_olive, skipping: Unknown resource condition key: supplementaries:flag
[00:13:13] [main/ERROR]: Failed to parse resource conditions for file of type advancement with id supplementaries:recipes/decorations/candle_holder_slate, skipping: Unknown resource condition key: supplementaries:flag
[00:13:13] [main/ERROR]: Failed to parse resource conditions for file of type advancement with id suppsquared:recipes/decorations/gold_candle_holder_aqua, skipping: Unknown resource condition key: supplementaries:flag
[00:13:13] [main/ERROR]: Failed to parse resource conditions for file of type advancement with id supplementaries:recipes/decorations/flag_maroon, skipping: Unknown resource condition key: supplementaries:flag
[00:13:13] [main/ERROR]: Failed to parse resource conditions for file of type advancement with id suppsquared:recipes/decorations/gold_candle_holder_ginger, skipping: Unknown resource condition key: supplementaries:flag
[00:13:13] [main/ERROR]: Failed to parse resource conditions for file of type advancement with id suppsquared:recipes/decorations/gold_candle_holder_forest, skipping: Unknown resource condition key: supplementaries:flag
[00:13:13] [main/ERROR]: Parsing error loading custom advancement minecraft:husbandry/allay_deliver_item_to_player: No key criteria in MapLike[{}]
[00:13:13] [main/ERROR]: Parsing error loading custom advancement arts_and_crafts:adventure/cycle_chalk_pattern_forwards: No key criteria in MapLike[{}]
[00:13:13] [main/ERROR]: Parsing error loading custom advancement xercapaint:recipes/item_canvas: No key criteria in MapLike[{}]
[00:13:13] [main/ERROR]: Parsing error loading custom advancement minecraft:adventure/trim_with_all_exclusive_armor_patterns: No key criteria in MapLike[{}]
[00:13:13] [main/ERROR]: Parsing error loading custom advancement farmersdelight:main/get_rich_soil: No key criteria in MapLike[{}]
[00:13:13] [main/ERROR]: Parsing error loading custom advancement knowlogy:recipes/knowlogy_book: No key criteria in MapLike[{}]
[00:13:13] [main/ERROR]: Parsing error loading custom advancement beautify:rope: No key criteria in MapLike[{}]
[00:13:13] [main/ERROR]: Parsing error loading custom advancement minecraft:story/deflect_arrow: No key criteria in MapLike[{}]
[00:13:13] [main/ERROR]: Parsing error loading custom advancement exposure:adventure/family_portrait: No key criteria in MapLike[{}]
[00:13:13] [main/ERROR]: Parsing error loading custom advancement minecraft:husbandry/whole_pack: No key criteria in MapLike[{}]
[00:13:13] [main/ERROR]: Parsing error loading custom advancement minecraft:nether/brew_potion: No key criteria in MapLike[{}]
[00:13:13] [main/ERROR]: Parsing error loading custom advancement minecraft:husbandry/fishy_business: No key criteria in MapLike[{}]
[00:13:13] [main/ERROR]: Parsing error loading custom advancement minecraft:nether/explore_nether: No key criteria in MapLike[{}]
[00:13:13] [main/ERROR]: Parsing error loading custom advancement minecraft:nether/all_effects: No key criteria in MapLike[{}]
[00:13:13] [main/ERROR]: Parsing error loading custom advancement arts_and_crafts:adventure/craft_bleachdew_paintbrush: No key criteria in MapLike[{}]
[00:13:13] [main/ERROR]: Parsing error loading custom advancement minecraft:adventure/two_birds_one_arrow: No key criteria in MapLike[{}]
[00:13:13] [main/ERROR]: Parsing error loading custom advancement minecraft:nether/obtain_blaze_rod: No key criteria in MapLike[{}]
[00:13:13] [main/ERROR]: Parsing error loading custom advancement minecraft:adventure/shoot_arrow: No key criteria in MapLike[{}]
[00:13:13] [main/ERROR]: Parsing error loading custom advancement regions_unexplored:eternal_expedition: No key criteria in MapLike[{}]
[00:13:13] [main/ERROR]: Parsing error loading custom advancement minecraft:nether/charge_respawn_anchor: No key criteria in MapLike[{}]
[00:13:13] [main/ERROR]: Parsing error loading custom advancement minecraft:story/shiny_gear: No key criteria in MapLike[{}]
[00:13:13] [main/ERROR]: Parsing error loading custom advancement lootr:1cart: No key criteria in MapLike[{}]
[00:13:13] [main/ERROR]: Parsing error loading custom advancement exposure:adventure/piercing_gaze: No key criteria in MapLike[{}]
[00:13:13] [main/ERROR]: Parsing error loading custom advancement minecraft:adventure/summon_iron_golem: No key criteria in MapLike[{}]
[00:13:13] [main/ERROR]: Parsing error loading custom advancement xercapaint:recipes/item_easel: No key criteria in MapLike[{}]
[00:13:13] [main/ERROR]: Parsing error loading custom advancement minecraft:adventure/sleep_in_bed: No key criteria in MapLike[{}]
[00:13:13] [main/ERROR]: Parsing error loading custom advancement minecraft:adventure/voluntary_exile: No key criteria in MapLike[{}]
[00:13:13] [main/ERROR]: Parsing error loading custom advancement exposure:adventure/splitting_the_photon: No key criteria in MapLike[{}]
[00:13:13] [main/ERROR]: Parsing error loading custom advancement totw_modded:derelict_grass_tower: No key criteria in MapLike[{}]
[00:13:13] [main/ERROR]: Parsing error loading custom advancement xercapaint:recipes/item_canvas_tall: No key criteria in MapLike[{}]
[00:13:13] [main/ERROR]: Parsing error loading custom advancement beautify:iron_blinds: No key criteria in MapLike[{}]
[00:13:13] [main/ERROR]: Parsing error loading custom advancement minecraft:adventure/trade_at_world_height: No key criteria in MapLike[{}]
[00:13:13] [main/ERROR]: Parsing error loading custom advancement minecraft:nether/create_full_beacon: No key criteria in MapLike[{}]
[00:13:13] [main/ERROR]: Parsing error loading custom advancement hopo:minecraft/adventure/locate_all_underwater_structures: No key criteria in MapLike[{}]
[00:13:13] [main/ERROR]: Parsing error loading custom advancement exposure:adventure/moment_in_time: No key criteria in MapLike[{}]
[00:13:13] [main/ERROR]: Parsing error loading custom advancement minecraft:nether/uneasy_alliance: No key criteria in MapLike[{}]
[00:13:13] [main/ERROR]: Parsing error loading custom advancement minecraft:recipes/misc/blend_type/basalt_deltas: Failed to parse either. First: Not a tag id; Second: Failed to parse either. First: Not a json array: "biomeblends:biome_blend"; Second: Failed to get element biomeblends:biome_blend missed input: {"has_ingredients":{"conditions":{"items":[{"items":"biomeblends:biome_blend"}]},"trigger":"minecraft:inventory_changed"}}
[00:13:13] [main/ERROR]: Parsing error loading custom advancement farmersdelight:main/eat_comfort_food: No key criteria in MapLike[{}]
[00:13:13] [main/ERROR]: Parsing error loading custom advancement farmersdelight:main/plant_all_crops: No key criteria in MapLike[{}]
[00:13:13] [main/ERROR]: Parsing error loading custom advancement minecraft:husbandry/breed_an_animal: No key criteria in MapLike[{}]
[00:13:13] [main/ERROR]: Parsing error loading custom advancement minecraft:husbandry/complete_catalogue: No key criteria in MapLike[{}]
[00:13:13] [main/ERROR]: Parsing error loading custom advancement biomeswevegone:biomeswevegone/husbandry/hot_diggity_not_dog: No key criteria in MapLike[{}]
[00:13:13] [main/ERROR]: Parsing error loading custom advancement minecraft:adventure/very_very_frightening: No key criteria in MapLike[{}]
[00:13:13] [main/ERROR]: Parsing error loading custom advancement minecraft:story/lava_bucket: No key criteria in MapLike[{}]
[00:13:13] [main/ERROR]: Parsing error loading custom advancement minecraft:husbandry/ride_a_boat_with_a_goat: No key criteria in MapLike[{}]
[00:13:13] [main/ERROR]: Parsing error loading custom advancement minecraft:husbandry/tame_an_animal: No key criteria in MapLike[{}]
[00:13:13] [main/ERROR]: Parsing error loading custom advancement regions_unexplored:spelunker: No key criteria in MapLike[{}]
[00:13:13] [main/ERROR]: Parsing error loading custom advancement lootr:50loot: No key criteria in MapLike[{}]
[00:13:13] [main/ERROR]: Parsing error loading custom advancement minecraft:husbandry/remove_wolf_armor: No key criteria in MapLike[{}]
[00:13:13] [main/ERROR]: Parsing error loading custom advancement farmersdelight:main/get_ham: No key criteria in MapLike[{}]
[00:13:13] [main/ERROR]: Parsing error loading custom advancement minecraft:recipes/misc/blend_type/deep_frozen_ocean: Failed to parse either. First: Not a tag id; Second: Failed to parse either. First: Not a json array: "biomeblends:biome_blend"; Second: Failed to get element biomeblends:biome_blend missed input: {"has_ingredients":{"conditions":{"items":[{"items":"biomeblends:biome_blend"}]},"trigger":"minecraft:inventory_changed"}}
[00:13:13] [main/ERROR]: Parsing error loading custom advancement regions_unexplored:this_tree_bleeds_red: No key criteria in MapLike[{}]
[00:13:13] [main/ERROR]: Parsing error loading custom advancement lootr:1barrel: No key criteria in MapLike[{}]
[00:13:13] [main/ERROR]: Parsing error loading custom advancement minecraft:husbandry/feed_snifflet: No key criteria in MapLike[{}]
[00:13:13] [main/ERROR]: Parsing error loading custom advancement xercapaint:recipes/item_canvas_large_alt_alt: No key criteria in MapLike[{}]
[00:13:13] [main/ERROR]: Parsing error loading custom advancement minecraft:end/enter_end_gateway: No key criteria in MapLike[{}]
[00:13:13] [main/ERROR]: Parsing error loading custom advancement exposure:adventure/unforeseen_consequences: No key criteria in MapLike[{}]
[00:13:13] [main/ERROR]: Parsing error loading custom advancement xercapaint:recipes/item_canvas_large: No key criteria in MapLike[{}]
[00:13:13] [main/ERROR]: Parsing error loading custom advancement minecraft:end/elytra: No key criteria in MapLike[{}]
[00:13:13] [main/ERROR]: Parsing error loading custom advancement minecraft:story/follow_ender_eye: No key criteria in MapLike[{}]
[00:13:13] [main/ERROR]: Parsing error loading custom advancement minecraft:husbandry/axolotl_in_a_bucket: No key criteria in MapLike[{}]
[00:13:13] [main/ERROR]: Parsing error loading custom advancement minecraft:nether/ride_strider_in_overworld_lava: No key criteria in MapLike[{}]
[00:13:13] [main/ERROR]: Parsing error loading custom advancement minecraft:nether/summon_wither: No key criteria in MapLike[{}]
[00:13:13] [main/ERROR]: Parsing error loading custom advancement regions_unexplored:got_wood: No key criteria in MapLike[{}]
[00:13:13] [main/ERROR]: Parsing error loading custom advancement biomeswevegone:biomeswevegone/adventure/inside_quicksand: No key criteria in MapLike[{}]
[00:13:13] [main/ERROR]: Parsing error loading custom advancement arts_and_crafts:adventure/obtain_pottery_sherd: No key criteria in MapLike[{}]
[00:13:13] [main/ERROR]: Parsing error loading custom advancement minecraft:story/enter_the_end: No key criteria in MapLike[{}]
[00:13:13] [main/ERROR]: Parsing error loading custom advancement minecraft:nether/obtain_crying_obsidian: No key criteria in MapLike[{}]
[00:13:13] [main/ERROR]: Parsing error loading custom advancement farmersdelight:main/place_cooking_pot: No key criteria in MapLike[{}]
[00:13:13] [main/ERROR]: Parsing error loading custom advancement minecraft:husbandry/froglights: No key criteria in MapLike[{}]
[00:13:13] [main/ERROR]: Parsing error loading custom advancement beautify:hanging_pot: No key criteria in MapLike[{}]
[00:13:13] [main/ERROR]: Parsing error loading custom advancement minecraft:story/obtain_armor: No key criteria in MapLike[{}]
[00:13:13] [main/ERROR]: Parsing error loading custom advancement farmersdelight:main/place_skillet: No key criteria in MapLike[{}]
[00:13:13] [main/ERROR]: Parsing error loading custom advancement hopo:minecraft/adventure/locate_underwater_city: No key criteria in MapLike[{}]
[00:13:13] [main/ERROR]: Parsing error loading custom advancement minecraft:husbandry/make_a_sign_glow: No key criteria in MapLike[{}]
[00:13:13] [main/ERROR]: Parsing error loading custom advancement beautify:progression/bookstack: No key criteria in MapLike[{}]
[00:13:13] [main/ERROR]: Parsing error loading custom advancement minecraft:story/iron_tools: No key criteria in MapLike[{}]
[00:13:13] [main/ERROR]: Parsing error loading custom advancement minecraft:adventure/overoverkill: No key criteria in MapLike[{}]
[00:13:13] [main/ERROR]: Parsing error loading custom advancement minecraft:nether/ride_strider: No key criteria in MapLike[{}]
[00:13:13] [main/ERROR]: Parsing error loading custom advancement minecraft:adventure/bullseye: No key criteria in MapLike[{}]
[00:13:13] [main/ERROR]: Parsing error loading custom advancement exposure:adventure/complex_composite_compound: No key criteria in MapLike[{}]
[00:13:13] [main/ERROR]: Parsing error loading custom advancement minecraft:story/enter_the_nether: No key criteria in MapLike[{}]
[00:13:13] [main/ERROR]: Parsing error loading custom advancement xercapaint:recipes/item_canvas_long: No key criteria in MapLike[{}]
[00:13:13] [main/ERROR]: Parsing error loading custom advancement totw_modded:ice_tower: No key criteria in MapLike[{}]
[00:13:13] [main/ERROR]: Parsing error loading custom advancement minecraft:husbandry/silk_touch_nest: No key criteria in MapLike[{}]
[00:13:13] [main/ERROR]: Parsing error loading custom advancement minecraft:adventure/under_lock_and_key: No key criteria in MapLike[{}]
[00:13:13] [main/ERROR]: Parsing error loading custom advancement minecraft:story/smelt_iron: No key criteria in MapLike[{}]
[00:13:13] [main/ERROR]: Parsing error loading custom advancement minecraft:adventure/revaulting: No key criteria in MapLike[{}]
[00:13:13] [main/ERROR]: Parsing error loading custom advancement beautify:progression/light: No key criteria in MapLike[{}]
[00:13:13] [main/ERROR]: Parsing error loading custom advancement minecraft:husbandry/wax_off: No key criteria in MapLike[{}]
[00:13:13] [main/ERROR]: Parsing error loading custom advancement regions_unexplored:from_the_tree_tops: No key criteria in MapLike[{}]
[00:13:13] [main/ERROR]: Parsing error loading custom advancement minecraft:end/dragon_breath: No key criteria in MapLike[{}]
[00:13:13] [main/ERROR]: Parsing error loading custom advancement regions_unexplored:every_bit_of_the_rainbow: No key criteria in MapLike[{}]
[00:13:13] [main/ERROR]: Parsing error loading custom advancement minecraft:adventure/totem_of_undying: No key criteria in MapLike[{}]
[00:13:13] [main/ERROR]: Parsing error loading custom advancement biomeswevegone:biomeswevegone/adventure/little_house_on_the_prairie: No key criteria in MapLike[{}]
[00:13:13] [main/ERROR]: Parsing error loading custom advancement beautify:blinds: No key criteria in MapLike[{}]
[00:13:13] [main/ERROR]: Parsing error loading custom advancement minecraft:husbandry/allay_deliver_cake_to_note_block: No key criteria in MapLike[{}]
[00:13:13] [main/ERROR]: Parsing error loading custom advancement beautify:frames: No key criteria in MapLike[{}]
[00:13:13] [main/ERROR]: Parsing error loading custom advancement exposure:adventure/wildlife_archivist: No key criteria in MapLike[{}]
[00:13:13] [main/ERROR]: Parsing error loading custom advancement minecraft:husbandry/kill_axolotl_target: No key criteria in MapLike[{}]
[00:13:13] [main/ERROR]: Parsing error loading custom advancement minecraft:adventure/honey_block_slide: No key criteria in MapLike[{}]
[00:13:13] [main/ERROR]: Parsing error loading custom advancement beautify:bookstack: No key criteria in MapLike[{}]
[00:13:13] [main/ERROR]: Parsing error loading custom advancement biomeswevegone:biomeswevegone/husbandry/forgotten_nostalgia: No key criteria in MapLike[{}]
[00:13:13] [main/ERROR]: Parsing error loading custom advancement minecraft:adventure/lightning_rod_with_villager_no_fire: No key criteria in MapLike[{}]
[00:13:13] [main/ERROR]: Parsing error loading custom advancement farmersdelight:main/get_mushroom_colony: No key criteria in MapLike[{}]
[00:13:13] [main/ERROR]: Parsing error loading custom advancement exposure:adventure/spotlight: No key criteria in MapLike[{}]
[00:13:13] [main/ERROR]: Parsing error loading custom advancement exposure:adventure/exposed_paparazzi: No key criteria in MapLike[{}]
[00:13:13] [main/ERROR]: Parsing error loading custom advancement regions_unexplored:regions_explored: No key criteria in MapLike[{}]
[00:13:13] [main/ERROR]: Parsing error loading custom advancement minecraft:nether/get_wither_skull: No key criteria in MapLike[{}]
[00:13:13] [main/ERROR]: Parsing error loading custom advancement minecraft:story/upgrade_tools: No key criteria in MapLike[{}]
[00:13:13] [main/ERROR]: Parsing error loading custom advancement farmersdelight:main/master_chef: No key criteria in MapLike[{}]
[00:13:13] [main/ERROR]: Parsing error loading custom advancement minecraft:husbandry/tactical_fishing: No key criteria in MapLike[{}]
[00:13:13] [main/ERROR]: Parsing error loading custom advancement beautify:botanist_workbench: No key criteria in MapLike[{}]
[00:13:13] [main/ERROR]: Parsing error loading custom advancement arts_and_crafts:adventure/collect_all_chalk_sticks: No key criteria in MapLike[{}]
[00:13:13] [main/ERROR]: Parsing error loading custom advancement farmersdelight:main/use_skillet: No key criteria in MapLike[{}]
[00:13:13] [main/ERROR]: Parsing error loading custom advancement minecraft:end/respawn_dragon: No key criteria in MapLike[{}]
[00:13:13] [main/ERROR]: Parsing error loading custom advancement regions_unexplored:pioneer: No key criteria in MapLike[{}]
[00:13:13] [main/ERROR]: Parsing error loading custom advancement minecraft:adventure/avoid_vibration: No key criteria in MapLike[{}]
[00:13:13] [main/ERROR]: Parsing error loading custom advancement minecraft:nether/return_to_sender: No key criteria in MapLike[{}]
[00:13:13] [main/ERROR]: Parsing error loading custom advancement minecraft:husbandry/obtain_sniffer_egg: No key criteria in MapLike[{}]
[00:13:13] [main/ERROR]: Parsing error loading custom advancement minecraft:husbandry/obtain_netherite_hoe: No key criteria in MapLike[{}]
[00:13:13] [main/ERROR]: Parsing error loading custom advancement beautify:candelabras: No key criteria in MapLike[{}]
[00:13:13] [main/ERROR]: Parsing error loading custom advancement minecraft:adventure/kill_a_mob: No key criteria in MapLike[{}]
[00:13:13] [main/ERROR]: Parsing error loading custom advancement biomeswevegone:biomeswevegone/husbandry/root: No key criteria in MapLike[{}]
[00:13:13] [main/ERROR]: Parsing error loading custom advancement lootr:100loot: No key criteria in MapLike[{}]
[00:13:13] [main/ERROR]: Parsing error loading custom advancement minecraft:husbandry/balanced_diet: No key criteria in MapLike[{}]
[00:13:13] [main/ERROR]: Parsing error loading custom advancement exposure:adventure/lights_up: No key criteria in MapLike[{}]
[00:13:13] [main/ERROR]: Parsing error loading custom advancement minecraft:nether/use_lodestone: No key criteria in MapLike[{}]
[00:13:13] [main/ERROR]: Parsing error loading custom advancement regions_unexplored:mycologist: No key criteria in MapLike[{}]
[00:13:13] [main/ERROR]: Parsing error loading custom advancement biomeswevegone:biomeswevegone/husbandry/forager: No key criteria in MapLike[{}]
[00:13:13] [main/ERROR]: Parsing error loading custom advancement biomeswevegone:biomeswevegone/adventure/forgotten_fae: No key criteria in MapLike[{}]
[00:13:13] [main/ERROR]: Parsing error loading custom advancement minecraft:husbandry/leash_all_frog_variants: No key criteria in MapLike[{}]
[00:13:13] [main/ERROR]: Parsing error loading custom advancement minecraft:recipes/misc/blend_type/deep_ocean: Failed to parse either. First: Not a tag id; Second: Failed to parse either. First: Not a json array: "biomeblends:biome_blend"; Second: Failed to get element biomeblends:biome_blend missed input: {"has_ingredients":{"conditions":{"items":[{"items":"biomeblends:biome_blend"}]},"trigger":"minecraft:inventory_changed"}}
[00:13:13] [main/ERROR]: Parsing error loading custom advancement biomeswevegone:biomeswevegone/adventure/true_traveler: No key criteria in MapLike[{}]
[00:13:13] [main/ERROR]: Parsing error loading custom advancement biomeswevegone:biomeswevegone/root: No key criteria in MapLike[{}]
[00:13:13] [main/ERROR]: Parsing error loading custom advancement minecraft:end/dragon_egg: No key criteria in MapLike[{}]
[00:13:13] [main/ERROR]: Parsing error loading custom advancement farmersdelight:main/obtain_netherite_knife: No key criteria in MapLike[{}]
[00:13:13] [main/ERROR]: Parsing error loading custom advancement totw_modded:regular_tower: No key criteria in MapLike[{}]
[00:13:13] [main/ERROR]: Parsing error loading custom advancement exposure:adventure/exposure: No key criteria in MapLike[{}]
[00:13:13] [main/ERROR]: Parsing error loading custom advancement minecraft:story/mine_stone: No key criteria in MapLike[{}]
[00:13:13] [main/ERROR]: Parsing error loading custom advancement beautify:lamps: No key criteria in MapLike[{}]
[00:13:13] [main/ERROR]: Parsing error loading custom advancement biomeswevegone:biomeswevegone/adventure/witches_road: No key criteria in MapLike[{}]
[00:13:13] [main/ERROR]: Parsing error loading custom advancement arts_and_crafts:adventure/cycle_chalk_pattern_backwards: No key criteria in MapLike[{}]
[00:13:13] [main/ERROR]: Parsing error loading custom advancement farmersdelight:main/get_fd_seed: No key criteria in MapLike[{}]
[00:13:13] [main/ERROR]: Parsing error loading custom advancement exposure_polaroid:adventure/instant_classic: No key criteria in MapLike[{}]
[00:13:13] [main/ERROR]: Parsing error loading custom advancement farmersdelight:main/place_organic_compost: No key criteria in MapLike[{}]
[00:13:13] [main/ERROR]: Parsing error loading custom advancement farmersdelight:main/place_campfire: No key criteria in MapLike[{}]
[00:13:13] [main/ERROR]: Parsing error loading custom advancement minecraft:adventure/arbalistic: No key criteria in MapLike[{}]
[00:13:13] [main/ERROR]: Parsing error loading custom advancement arts_and_crafts:adventure/save_chalk_pattern: No key criteria in MapLike[{}]
[00:13:13] [main/ERROR]: Parsing error loading custom advancement minecraft:adventure/kill_all_mobs: No key criteria in MapLike[{}]
[00:13:13] [main/ERROR]: Parsing error loading custom advancement beautify:progression/rope: No key criteria in MapLike[{}]
[00:13:13] [main/ERROR]: Parsing error loading custom advancement biomeswevegone:biomeswevegone/husbandry/just_like_grandmas: No key criteria in MapLike[{}]
[00:13:13] [main/ERROR]: Parsing error loading custom advancement beautify:progression/root: No key criteria in MapLike[{}]
[00:13:13] [main/ERROR]: Parsing error loading custom advancement minecraft:adventure/spyglass_at_dragon: No key criteria in MapLike[{}]
[00:13:13] [main/ERROR]: Parsing error loading custom advancement minecraft:recipes/misc/blend_type/frozen_peaks: Failed to parse either. First: Not a tag id; Second: Failed to parse either. First: Not a json array: "biomeblends:biome_blend"; Second: Failed to get element biomeblends:biome_blend missed input: {"has_ingredients":{"conditions":{"items":[{"items":"biomeblends:biome_blend"}]},"trigger":"minecraft:inventory_changed"}}
[00:13:13] [main/ERROR]: Parsing error loading custom advancement minecraft:nether/obtain_ancient_debris: No key criteria in MapLike[{}]
[00:13:13] [main/ERROR]: Parsing error loading custom advancement minecraft:husbandry/safely_harvest_honey: No key criteria in MapLike[{}]
[00:13:13] [main/ERROR]: Parsing error loading custom advancement minecraft:adventure/spyglass_at_ghast: No key criteria in MapLike[{}]
[00:13:13] [main/ERROR]: Parsing error loading custom advancement minecraft:adventure/trim_with_any_armor_pattern: No key criteria in MapLike[{}]
[00:13:13] [main/ERROR]: Parsing error loading custom advancement minecraft:adventure/throw_trident: No key criteria in MapLike[{}]
[00:13:13] [main/ERROR]: Parsing error loading custom advancement minecraft:adventure/ol_betsy: No key criteria in MapLike[{}]
[00:13:13] [main/ERROR]: Parsing error loading custom advancement minecraft:nether/netherite_armor: No key criteria in MapLike[{}]
[00:13:13] [main/ERROR]: Parsing error loading custom advancement biomeswevegone:biomeswevegone/husbandry/granny_smith: No key criteria in MapLike[{}]
[00:13:13] [main/ERROR]: Parsing error loading custom advancement minecraft:nether/distract_piglin: No key criteria in MapLike[{}]
[00:13:13] [main/ERROR]: Parsing error loading custom advancement lootr:1shulker: No key criteria in MapLike[{}]
[00:13:13] [main/ERROR]: Parsing error loading custom advancement minecraft:husbandry/repair_wolf_armor: No key criteria in MapLike[{}]
[00:13:13] [main/ERROR]: Parsing error loading custom advancement lootr:social: No key criteria in MapLike[{}]
[00:13:13] [main/ERROR]: Parsing error loading custom advancement minecraft:nether/all_potions: No key criteria in MapLike[{}]
[00:13:13] [main/ERROR]: Parsing error loading custom advancement minecraft:adventure/fall_from_world_height: No key criteria in MapLike[{}]
[00:13:13] [main/ERROR]: Parsing error loading custom advancement minecraft:husbandry/bred_all_animals: No key criteria in MapLike[{}]
[00:13:13] [main/ERROR]: Parsing error loading custom advancement lootr:25loot: No key criteria in MapLike[{}]
[00:13:13] [main/ERROR]: Parsing error loading custom advancement minecraft:adventure/walk_on_powder_snow_with_leather_boots: No key criteria in MapLike[{}]
[00:13:13] [main/ERROR]: Parsing error loading custom advancement totw_modded:derelict_tower: No key criteria in MapLike[{}]
[00:13:13] [main/ERROR]: Parsing error loading custom advancement biomeswevegone:biomeswevegone/husbandry/johnny_appleseed: No key criteria in MapLike[{}]
[00:13:13] [main/ERROR]: Parsing error loading custom advancement minecraft:story/form_obsidian: No key criteria in MapLike[{}]
[00:13:13] [main/ERROR]: Parsing error loading custom advancement minecraft:nether/loot_bastion: No key criteria in MapLike[{}]
[00:13:13] [main/ERROR]: Parsing error loading custom advancement arts_and_crafts:adventure/craft_paintbrush: No key criteria in MapLike[{}]
[00:13:13] [main/ERROR]: Parsing error loading custom advancement minecraft:adventure/root: No key criteria in MapLike[{}]
[00:13:13] [main/ERROR]: Parsing error loading custom advancement biomeswevegone:biomeswevegone/adventure/root: No key criteria in MapLike[{}]
[00:13:13] [main/ERROR]: Parsing error loading custom advancement minecraft:adventure/brush_armadillo: No key criteria in MapLike[{}]
[00:13:13] [main/ERROR]: Parsing error loading custom advancement farmersdelight:main/craft_knife: No key criteria in MapLike[{}]
[00:13:13] [main/ERROR]: Parsing error loading custom advancement regions_unexplored:light_as_a_frog: No key criteria in MapLike[{}]
[00:13:13] [main/ERROR]: Parsing error loading custom advancement minecraft:adventure/read_power_of_chiseled_bookshelf: No key criteria in MapLike[{}]
[00:13:13] [main/ERROR]: Parsing error loading custom advancement minecraft:story/mine_diamond: No key criteria in MapLike[{}]
[00:13:13] [main/ERROR]: Parsing error loading custom advancement arts_and_crafts:adventure/craft_chalk_stick: No key criteria in MapLike[{}]
[00:13:13] [main/ERROR]: Parsing error loading custom advancement minecraft:nether/find_fortress: No key criteria in MapLike[{}]
[00:13:13] [main/ERROR]: Parsing error loading custom advancement minecraft:adventure/crafters_crafting_crafters: No key criteria in MapLike[{}]
[00:13:13] [main/ERROR]: Parsing error loading custom advancement regions_unexplored:parent: No key criteria in MapLike[{}]
[00:13:13] [main/ERROR]: Parsing error loading custom advancement beautify:progression/blinds: No key criteria in MapLike[{}]
[00:13:13] [main/ERROR]: Parsing error loading custom advancement farmersdelight:main/harvest_ropelogged_tomato: No key criteria in MapLike[{}]
[00:13:13] [main/ERROR]: Parsing error loading custom advancement lootr:1chest: No key criteria in MapLike[{}]
[00:13:13] [main/ERROR]: Parsing error loading custom advancement minecraft:adventure/minecraft_trials_edition: No key criteria in MapLike[{}]
[00:13:13] [main/ERROR]: Parsing error loading custom advancement minecraft:end/kill_dragon: No key criteria in MapLike[{}]
[00:13:13] [main/ERROR]: Parsing error loading custom advancement minecraft:nether/create_beacon: No key criteria in MapLike[{}]
[00:13:13] [main/ERROR]: Parsing error loading custom advancement biomeswevegone:biomeswevegone/husbandry/berrily_alive: No key criteria in MapLike[{}]
[00:13:13] [main/ERROR]: Parsing error loading custom advancement exposure:adventure/spooky_silly_skeletons: No key criteria in MapLike[{}]
[00:13:13] [main/ERROR]: Parsing error loading custom advancement minecraft:end/levitate: No key criteria in MapLike[{}]
[00:13:13] [main/ERROR]: Parsing error loading custom advancement farmersdelight:main/plant_rice: No key criteria in MapLike[{}]
[00:13:13] [main/ERROR]: Parsing error loading custom advancement beautify:lamp_jar: No key criteria in MapLike[{}]
[00:13:13] [main/ERROR]: Parsing error loading custom advancement minecraft:adventure/whos_the_pillager_now: No key criteria in MapLike[{}]
[00:13:13] [main/ERROR]: Parsing error loading custom advancement beautify:progression/hanging_pot: No key criteria in MapLike[{}]
[00:13:13] [main/ERROR]: Parsing error loading custom advancement farmersdelight:main/hit_raider_with_rotten_tomato: No key criteria in MapLike[{}]
[00:13:13] [main/ERROR]: Parsing error loading custom advancement knowlogy:grant_knowlogy_book: No key criteria in MapLike[{}]
[00:13:13] [main/ERROR]: Parsing error loading custom advancement minecraft:husbandry/tadpole_in_a_bucket: No key criteria in MapLike[{}]
[00:13:13] [main/ERROR]: Parsing error loading custom advancement biomeswevegone:biomeswevegone/adventure/oh_the_biomes_weve_gone: No key criteria in MapLike[{}]
[00:13:13] [main/ERROR]: Parsing error loading custom advancement exposure:adventure/photos_of_spider_man: No key criteria in MapLike[{}]
[00:13:13] [main/ERROR]: Parsing error loading custom advancement farmersdelight:main/place_feast: No key criteria in MapLike[{}]
[00:13:13] [main/ERROR]: Parsing error loading custom advancement regions_unexplored:downer: No key criteria in MapLike[{}]
[00:13:13] [main/ERROR]: Parsing error loading custom advancement minecraft:story/enchant_item: No key criteria in MapLike[{}]
[00:13:13] [main/ERROR]: Parsing error loading custom advancement minecraft:adventure/spyglass_at_parrot: No key criteria in MapLike[{}]
[00:13:13] [main/ERROR]: Parsing error loading custom advancement regions_unexplored:light_snack: No key criteria in MapLike[{}]
[00:13:13] [main/ERROR]: Parsing error loading custom advancement lootr:root: No key criteria in MapLike[{}]
[00:13:13] [main/ERROR]: Parsing error loading custom advancement xercapaint:recipes/root: No key criteria in MapLike[{}]
[00:13:13] [main/ERROR]: Parsing error loading custom advancement minecraft:husbandry/wax_on: No key criteria in MapLike[{}]
[00:13:13] [main/ERROR]: Parsing error loading custom advancement minecraft:adventure/play_jukebox_in_meadows: No key criteria in MapLike[{}]
[00:13:13] [main/ERROR]: Parsing error loading custom advancement minecraft:adventure/hero_of_the_village: No key criteria in MapLike[{}]
[00:13:13] [main/ERROR]: Parsing error loading custom advancement arts_and_crafts:husbandry/interact_with_lily_pad_using_some_lotus_pistils: No key criteria in MapLike[{}]
[00:13:13] [main/ERROR]: Parsing error loading custom advancement xercapaint:recipes/item_canvas_large_alt: No key criteria in MapLike[{}]
[00:13:13] [main/ERROR]: Parsing error loading custom advancement minecraft:husbandry/root: No key criteria in MapLike[{}]
[00:13:13] [main/ERROR]: Parsing error loading custom advancement minecraft:adventure/trade: No key criteria in MapLike[{}]
[00:13:13] [main/ERROR]: Parsing error loading custom advancement minecraft:adventure/blowback: No key criteria in MapLike[{}]
[00:13:13] [main/ERROR]: Parsing error loading custom advancement biomeswevegone:biomeswevegone/adventure/pale_in_comparison: No key criteria in MapLike[{}]
[00:13:13] [main/ERROR]: Parsing error loading custom advancement regions_unexplored:blind_as_a_bat: No key criteria in MapLike[{}]
[00:13:13] [main/ERROR]: Parsing error loading custom advancement exposure:adventure/void: No key criteria in MapLike[{}]
[00:13:13] [main/ERROR]: Parsing error loading custom advancement totw_modded:root: No key criteria in MapLike[{}]
[00:13:13] [main/ERROR]: Parsing error loading custom advancement minecraft:adventure/craft_decorated_pot_using_only_sherds: No key criteria in MapLike[{}]
[00:13:13] [main/ERROR]: Parsing error loading custom advancement arts_and_crafts:husbandry/obtain_bleachdew: No key criteria in MapLike[{}]
[00:13:13] [main/ERROR]: Parsing error loading custom advancement minecraft:adventure/kill_mob_near_sculk_catalyst: No key criteria in MapLike[{}]
[00:13:13] [main/ERROR]: Parsing error loading custom advancement minecraft:adventure/sniper_duel: No key criteria in MapLike[{}]
[00:13:13] [main/ERROR]: Parsing error loading custom advancement minecraft:nether/root: No key criteria in MapLike[{}]
[00:13:13] [main/ERROR]: Parsing error loading custom advancement totw_modded:jungle_tower: No key criteria in MapLike[{}]
[00:13:13] [main/ERROR]: Parsing error loading custom advancement regions_unexplored:ancient_specimens: No key criteria in MapLike[{}]
[00:13:13] [main/ERROR]: Parsing error loading custom advancement lootr:10loot: No key criteria in MapLike[{}]
[00:13:13] [main/ERROR]: Parsing error loading custom advancement farmersdelight:main/root: No key criteria in MapLike[{}]
[00:13:13] [main/ERROR]: Parsing error loading custom advancement farmersdelight:main/use_cutting_board: No key criteria in MapLike[{}]
[00:13:13] [main/ERROR]: Parsing error loading custom advancement minecraft:adventure/salvage_sherd: No key criteria in MapLike[{}]
[00:13:13] [main/ERROR]: Parsing error loading custom advancement minecraft:story/cure_zombie_villager: No key criteria in MapLike[{}]
[00:13:13] [main/ERROR]: Parsing error loading custom advancement minecraft:end/find_end_city: No key criteria in MapLike[{}]
[00:13:13] [main/ERROR]: Parsing error loading custom advancement minecraft:adventure/lighten_up: No key criteria in MapLike[{}]
[00:13:13] [main/ERROR]: Parsing error loading custom advancement farmersdelight:main/eat_nourishing_food: No key criteria in MapLike[{}]
[00:13:13] [main/ERROR]: Parsing error loading custom advancement farmersdelight:main/harvest_straw: No key criteria in MapLike[{}]
[00:13:13] [main/ERROR]: Parsing error loading custom advancement minecraft:end/root: No key criteria in MapLike[{}]
[00:13:13] [main/ERROR]: Parsing error loading custom advancement minecraft:husbandry/plant_any_sniffer_seed: No key criteria in MapLike[{}]
[00:13:13] [main/ERROR]: Parsing error loading custom advancement minecraft:adventure/adventuring_time: No key criteria in MapLike[{}]
[00:13:13] [main/ERROR]: Parsing error loading custom advancement minecraft:husbandry/plant_seed: No key criteria in MapLike[{}]
[00:13:13] [main/ERROR]: Parsing error loading custom advancement minecraft:nether/find_bastion: No key criteria in MapLike[{}]
[00:13:13] [main/ERROR]: Parsing error loading custom advancement minecraft:nether/fast_travel: No key criteria in MapLike[{}]
[00:13:13] [main/ERROR]: Parsing error loading custom advancement beautify:trellis: No key criteria in MapLike[{}]
[00:13:13] [main/ERROR]: Parsing error loading custom advancement minecraft:story/root: No key criteria in MapLike[{}]
[00:13:13] [main/ERROR]: Parsing error loading custom advancement beautify:progression/candelabra: No key criteria in MapLike[{}]
[00:13:13] [main/ERROR]: Parsing error loading custom advancement minecraft:adventure/who_needs_rockets: No key criteria in MapLike[{}]
[00:13:13] [main/ERROR]: Couldn't load advancements: [sootychimneys:adventure/just_dont_breathe_it_in]
[00:13:13] [main/INFO]: Loaded 8274 advancements
[00:13:13] [main/INFO]: Loaded 150 actions
[00:13:13] [main/INFO]: Loaded 10 server scripts and 1 client scripts
[00:13:15] [main/INFO]: Loaded 936 moves
[00:13:15] [main/INFO]: Loaded 314 abilities
[00:13:15] [main/INFO]: Loaded 48 entity behaviours
[00:13:15] [main/INFO]: Finished additions
[00:13:16] [cobblemon Datafixer Bootstrap/INFO]: 4 Datafixer optimizations took 24 milliseconds
[00:13:16] [main/INFO]: Loaded 1025 Pokémon species
[00:13:16] [main/INFO]: Loaded 29 spawn detail presets.
[00:13:16] [main/INFO]: Starting dummy Showdown battle to force it to pre-load data.
[00:13:17] [main/INFO]: Imported 319 held item IDs from showdown
[00:13:17] [main/INFO]: Loaded 16 fossils
[00:13:17] [main/ERROR]: Invalid path in mod resource-pack cobblemon: cobblemon:dex_entry_additions/README.md, ignoring
[00:13:17] [main/ERROR]: Invalid path in mod resource-pack cobblemon: cobblemon:dex_additions/README.md, ignoring
[00:13:17] [main/INFO]: Loaded 6 callbacks and 0 client callbacks
[00:13:17] [main/INFO]: Loaded 168 marks
[00:13:17] [main/ERROR]: Unknown preset name: deep_dark.
[00:13:17] [main/ERROR]: Unknown preset name: deep_dark.
[00:13:17] [main/ERROR]: Unknown preset name: underground.
[00:13:17] [main/ERROR]: Unknown preset name: ruins.
[00:13:18] [main/ERROR]: Unknown preset name: underground.
[00:13:18] [main/ERROR]: Unknown preset name: ruins.
[00:13:18] [main/ERROR]: Unknown preset name: deep_dark.
[00:13:18] [main/INFO]: Loaded 70 berries
[00:13:18] [main/INFO]: Loaded 137 Pokémon interaction sets
[00:13:18] [main/INFO]: Loaded 17 biome platforms
[00:13:18] [main/INFO]: toms_storage has registered com.tom.storagemod.gui.CraftingTerminalMenu for CraftingTweaks via data pack
[00:13:18] [main/INFO]: Loaded 0 item restrictions
[00:13:18] [main/INFO]: Loaded 10 jobs
[00:13:18] [main/INFO]: Loaded 113 job powerups
[00:13:18] [main/WARN]: Could not decode GlobalLootModifier with json id exposure_expanded:shipwreck_supply - error: Unknown registry key in ResourceKey[minecraft:root / porting_lib:global_loot_modifier_serializers]: exposure:add_table
[00:13:18] [main/WARN]: Could not decode GlobalLootModifier with json id exposure_expanded:underwater_ruin_small - error: Unknown registry key in ResourceKey[minecraft:root / porting_lib:global_loot_modifier_serializers]: exposure:add_table
[00:13:18] [main/WARN]: Could not decode GlobalLootModifier with json id exposure_expanded:woodland_mansion - error: Unknown registry key in ResourceKey[minecraft:root / porting_lib:global_loot_modifier_serializers]: exposure:add_table
[00:13:18] [main/WARN]: Could not decode GlobalLootModifier with json id exposure_expanded:village_snowy_house - error: Unknown registry key in ResourceKey[minecraft:root / porting_lib:global_loot_modifier_serializers]: exposure:add_table
[00:13:18] [main/WARN]: Could not decode GlobalLootModifier with json id exposure_expanded:desert_pyramid - error: Unknown registry key in ResourceKey[minecraft:root / porting_lib:global_loot_modifier_serializers]: exposure:add_table
[00:13:18] [main/WARN]: Could not decode GlobalLootModifier with json id exposure_expanded:buried_treasure - error: Unknown registry key in ResourceKey[minecraft:root / porting_lib:global_loot_modifier_serializers]: exposure:add_table
[00:13:18] [main/WARN]: Could not decode GlobalLootModifier with json id exposure_expanded:igloo_chest - error: Unknown registry key in ResourceKey[minecraft:root / porting_lib:global_loot_modifier_serializers]: exposure:add_table
[00:13:18] [main/WARN]: Could not decode GlobalLootModifier with json id exposure_expanded:simple_dungeon - error: Unknown registry key in ResourceKey[minecraft:root / porting_lib:global_loot_modifier_serializers]: exposure:add_table
[00:13:18] [main/WARN]: Could not decode GlobalLootModifier with json id exposure_expanded:village_temple - error: Unknown registry key in ResourceKey[minecraft:root / porting_lib:global_loot_modifier_serializers]: exposure:add_table
[00:13:18] [main/WARN]: Could not decode GlobalLootModifier with json id exposure_expanded:ruined_portal - error: Unknown registry key in ResourceKey[minecraft:root / porting_lib:global_loot_modifier_serializers]: exposure:add_table
[00:13:18] [main/WARN]: Could not decode GlobalLootModifier with json id exposure_expanded:ancient_city - error: Unknown registry key in ResourceKey[minecraft:root / porting_lib:global_loot_modifier_serializers]: exposure:add_table
[00:13:18] [main/WARN]: Could not decode GlobalLootModifier with json id exposure_expanded:abandoned_mineshaft - error: Unknown registry key in ResourceKey[minecraft:root / porting_lib:global_loot_modifier_serializers]: exposure:add_table
[00:13:18] [main/WARN]: Could not decode GlobalLootModifier with json id exposure_expanded:nether_bridge - error: Unknown registry key in ResourceKey[minecraft:root / porting_lib:global_loot_modifier_serializers]: exposure:add_table
[00:13:18] [main/WARN]: Could not decode GlobalLootModifier with json id exposure_expanded:end_city_treasure - error: Unknown registry key in ResourceKey[minecraft:root / porting_lib:global_loot_modifier_serializers]: exposure:add_table
[00:13:18] [main/WARN]: Could not decode GlobalLootModifier with json id exposure_expanded:village_plains_house - error: Unknown registry key in ResourceKey[minecraft:root / porting_lib:global_loot_modifier_serializers]: exposure:add_table
[00:13:18] [main/WARN]: Could not decode GlobalLootModifier with json id exposure_expanded:bastion_other - error: Unknown registry key in ResourceKey[minecraft:root / porting_lib:global_loot_modifier_serializers]: exposure:add_table
[00:13:18] [main/WARN]: Could not decode GlobalLootModifier with json id exposure_expanded:village_desert_house - error: Unknown registry key in ResourceKey[minecraft:root / porting_lib:global_loot_modifier_serializers]: exposure:add_table
[00:13:18] [main/WARN]: Could not decode GlobalLootModifier with json id exposure_expanded:pillager_outpost - error: Unknown registry key in ResourceKey[minecraft:root / porting_lib:global_loot_modifier_serializers]: exposure:add_table
[00:13:18] [main/WARN]: Could not decode GlobalLootModifier with json id exposure_expanded:jungle_temple - error: Unknown registry key in ResourceKey[minecraft:root / porting_lib:global_loot_modifier_serializers]: exposure:add_table
[00:13:18] [main/WARN]: Could not decode GlobalLootModifier with json id exposure_expanded:trial_chamber_corridor - error: Unknown registry key in ResourceKey[minecraft:root / porting_lib:global_loot_modifier_serializers]: exposure:add_table
[00:13:18] [main/WARN]: Could not decode GlobalLootModifier with json id exposure_expanded:village_savanna_house - error: Unknown registry key in ResourceKey[minecraft:root / porting_lib:global_loot_modifier_serializers]: exposure:add_table
[00:13:18] [main/INFO]: Loaded 44 chiseling recipes
[00:13:18] [main/WARN]: Not all defined tags for registry ResourceKey[minecraft:root / minecraft:worldgen/biome] are present in data pack: minecraft:empty, mss:has_structure/cherry_biomes, mvs:has_structure/cherry_biomes, mvs:has_structure/flower_biomes, totw_modded:has_structure/aether_tower, totw_modded:has_structure/desert_tower, totw_modded:has_structure/everbright_tower, totw_modded:has_structure/everdawn_tower, totw_modded:has_structure/glacio_tower, totw_modded:has_structure/mars_tower, totw_modded:has_structure/mercury_tower, totw_modded:has_structure/moon_tower, totw_modded:has_structure/ratlantis_tower, totw_modded:has_structure/tw_canopy_tower, totw_modded:has_structure/tw_mangrove_tower, totw_modded:has_structure/venus_tower
[00:13:18] [main/WARN]: Not all defined tags for registry ResourceKey[minecraft:root / minecraft:enchantment] are present in data pack: nova_structures:illagers_bane, nova_structures:outreach, nova_structures:photosynthesis, nova_structures:shrine
[00:13:18] [main/WARN]: Not all defined tags for registry ResourceKey[minecraft:root / minecraft:item] are present in data pack: cobblemon:mint_leaf, mega_showdown:rotom_appliances, nova_structures:desert_ruins_filter, nova_structures:jungle_ruins_filter
[00:13:18] [main/INFO]: Loading Structurify config...
[00:13:18] [main/INFO]: Separatiton value for structure set minecraft:strongholds is currently 0, which is bigger than spacing 0, value will be automatically corrected to -1.
[00:13:18] [main/INFO]: Separatiton value for structure set minecraft:strongholds is currently -1, which is lower than minimum value of zero, value will be automatically corrected to 0.
[00:13:18] [main/INFO]: Spacing value for structure set minecraft:strongholds is currently 0, which is lower than minimum value of zero, value will be automatically corrected to 0.
[00:13:18] [main/INFO]: Structurify config loaded
[00:13:18] [main/INFO]: Disabled 36 structures: [minecraft:stronghold_big, minecraft:village_desert, minecraft:village_mushroom, minecraft:village_plains, minecraft:village_savanna, minecraft:village_snowy, minecraft:village_swamp, minecraft:village_taiga, ati_structures:gnome_hut, mns:copper_tower, mss:arena, mss:calcite_house, mss:volcano, mvs:cathedral, mvs:sunzi_gate, rad-gyms:gym_entrance_bug, rad-gyms:gym_entrance_dark, rad-gyms:gym_entrance_dragon, rad-gyms:gym_entrance_electric, rad-gyms:gym_entrance_fairy, rad-gyms:gym_entrance_fighting, rad-gyms:gym_entrance_fire, rad-gyms:gym_entrance_flying, rad-gyms:gym_entrance_ghost, rad-gyms:gym_entrance_grass, rad-gyms:gym_entrance_ground, rad-gyms:gym_entrance_ice, rad-gyms:gym_entrance_normal, rad-gyms:gym_entrance_poison, rad-gyms:gym_entrance_psychic, rad-gyms:gym_entrance_rock, rad-gyms:gym_entrance_steel, rad-gyms:gym_entrance_water, trek:overworld/rare/sunken_city, trek:overworld/rare/villager_castle, trek:overworld/very_rare/coves]
[00:13:18] [main/INFO]: Enabled global spacing and separation modifier with value of 2.0
[00:13:18] [main/INFO]: Changed settings of 74 structures sets: [cobblemon:fishing_boats, cobblemon:fossils/avoid_gimmi_towers, cobblemon:fossils/avoid_jungle_temples, cobblemon:fossils/avoid_shipwrecks, cobblemon:fossils/avoid_trial_chambers, cobblemon:fossils/avoid_villages, cobblemon:fossils/avoid_witch_huts, cobblemon:ruins/avoid_trial_chambers, cobblemon:ruins/avoid_villages, cobblemon:ruins/avoid_witch_huts, cobblemon:ruins/gimmi_towers, cobblemon:shipwreck_coves, hopo:underwater_city, hopo:underwater_fossils, hopo:underwater_small_ruins, hopo:underwater_warm_small_ruins, minecraft:ancient_cities, minecraft:buried_treasures, minecraft:desert_pyramids, minecraft:end_cities, minecraft:igloos, minecraft:jungle_temples, minecraft:mineshafts, minecraft:nether_complexes, minecraft:nether_fossils, minecraft:ocean_monuments, minecraft:ocean_ruins, minecraft:pillager_outposts, minecraft:ruined_portals, minecraft:shipwrecks, minecraft:strongholds, minecraft:swamp_huts, minecraft:trail_ruins, minecraft:trial_chambers, minecraft:villages, minecraft:woodland_mansions, mss:arena, mss:birch_river, mss:calcite_house, mss:castle_ruin, mss:castle_tower, mss:cherry_river, mss:desert_pyramid, mss:desert_well, mss:diorite_house, mss:frozen_pond, mss:jungle, mss:large_tower, mss:leaf_hollow, mss:mangrove, mss:muddy_water_hole, mss:mushroom, mss:nether_portal, mss:palm_island, mss:red_sand, mss:small_deepslate_house, mss:small_oak_house, mss:small_pond, mss:small_tower, mss:spruce_huts, mss:taiga, mss:tree_1, mss:tree_2, mss:tree_3, mss:tree_4, mss:tree_5, mss:tree_6, mss:tree_7, mss:tree_8, mss:volcano, mss:white_house, stellarity:chapel, stellarity:return_gateways, stellarity:small_structures]
[00:13:18] [main/WARN]: Initial datapack load took 9.254 s
[00:13:19] [main/INFO]: Initialized TerraBlender biomes for level stem minecraft:overworld
[00:13:19] [main/INFO]: Initialized TerraBlender biomes for level stem minecraft:the_nether
[00:13:19] [main/INFO]: Applied 3454 biome modifications to 228 of 228 new biomes in 423.6 ms
[00:13:19] [Server thread/INFO]: Dispatching loading event for config leavesbegone-server.toml
[00:13:19] [Server thread/INFO]: Dispatching loading event for config linkedchests-server.toml
[00:13:19] [Server thread/INFO]: loaded team data: 1 known players, 1 teams total
[00:13:19] [Server thread/INFO]: Registered 8 collectors and 4 block collectors
[00:13:19] [Server thread/INFO]: Starting background profiler...
[00:13:20] [Server thread/INFO]: Updating registries...
[00:13:20] [Server thread/INFO]: Structure registries updated
[00:13:20] [Server thread/INFO]: Structure Sets registries updated
[00:13:20] [Server thread/INFO]: Registries updated
[00:13:20] [Server thread/INFO]: Starting minecraft server version 1.21.1
[00:13:20] [Server thread/INFO]: Loading properties
[00:13:20] [Server thread/INFO]: Default game type: SURVIVAL
[00:13:20] [Server thread/INFO]: Generating keypair
[00:13:20] [Server thread/INFO]: Starting Minecraft server on 0.0.0.0:20979
[00:13:20] [Server thread/INFO]: Using epoll channel type
[00:13:20] [Server thread/WARN]: **** SERVER IS RUNNING IN OFFLINE/INSECURE MODE!
[00:13:20] [Server thread/WARN]: The server will make no attempt to authenticate usernames. Beware.
[00:13:20] [Server thread/WARN]: While this makes the game possible to play without internet access, it also opens up the ability for hackers to connect with any username they choose.
[00:13:20] [Server thread/WARN]: To change this, set "online-mode" to "true" in the server.properties file.
[00:13:20] [Server thread/INFO]: Preparing level "world"
[00:13:20] [Server thread/INFO]: Loading dimension "minecraft:the_nether" with biome source: "minecraft:multi_noise".
[00:13:20] [Server thread/INFO]: Preparing start region for dimension minecraft:overworld
[00:13:21] [Server thread/WARN]: @Redirect conflict. Skipping mixins.redirected_fabric_1.21.1.json:net.minecraft.world.level.block.state.CacheMixin from mod redirected->@Redirect::redirectSupportTypes()[Lnet/minecraft/class_5431; with priority 10, already redirected by modernfix-common.mixins.json:perf.cache_blockstate_cache_arrays.AbstractBlockStateCacheMixin from mod modernfix->@Redirect::getVoxelShapeValues()[Lnet/minecraft/class_5431; with priority 1000
[00:13:21] [Worker-Main-5/INFO]: Preparing spawn area: 0%
[00:13:21] [Worker-Main-5/INFO]: Preparing spawn area: 0%
[00:13:21] [Worker-Main-5/INFO]: Preparing spawn area: 0%
[00:13:21] [Server thread/INFO]: Time elapsed: 1282 ms
[00:13:21] [Server thread/INFO]: Done (1.738s)! For help, type "help"
[00:13:21] [Server thread/WARN]: Dedicated server took 28.439 seconds to load
[00:13:21] [Server thread/INFO]: Optimizing spawn pools...
[00:13:22] [Server thread/INFO]: Loaded Wonder Trade pool: 0 common, 0 legendary
[00:13:22] [Server thread/INFO]: Loaded Wonder Trade history for 0 players
[00:13:22] [Server thread/INFO]: Loaded localization for ru_ru from dimworldborder:lang/ru_ru.json
[00:13:22] [Server thread/INFO]: Loaded localization for en_us from dimworldborder:lang/en_us.json
[00:13:22] [Server thread/INFO]: Key Items auto-save thread started (5-minute intervals)
[00:13:22] [Server thread/INFO]: Initializing progress storage systems
[00:13:22] [Server thread/INFO]: === STARTING SHRINE TRACKER INITIALIZATION ===
[00:13:22] [Server thread/INFO]: Successfully loaded shrine progress data for 2 worlds and 2 total players
[00:13:22] [Server thread/INFO]: === SHRINE TRACKER INITIALIZATION SUCCESSFUL ===
[00:13:22] [Server thread/INFO]: === STARTING FOOTPRINT TRACKER INITIALIZATION ===
[00:13:22] [Server thread/INFO]: Successfully loaded footprint progress data for 2 worlds and 2 total players
[00:13:22] [Server thread/INFO]: === FOOTPRINT TRACKER INITIALIZATION SUCCESSFUL ===
[00:13:22] [Server thread/INFO]: Initializing phone app data storage
[00:13:22] [Server thread/INFO]: Loaded app data for 1 players
[00:13:22] [Server thread/INFO]: App data storage initialized
[00:13:22] [Server thread/WARN]: [voicechat] Running in offline mode - Voice chat encryption is not secure!
[00:13:22] [VoiceChatServerThread/INFO]: [voicechat] Using server-ip as bind address: 0.0.0.0
[00:13:22] [VoiceChatServerThread/INFO]: [voicechat] Voice chat server started at 0.0.0.0:24454
[00:13:31] [Server thread/INFO]: Possible lunar events for dimension "minecraft:overworld" are [enhancedcelestials:harvest_moon, enhancedcelestials:super_blue_moon, enhancedcelestials:aurora_moon, enhancedcelestials:super_harvest_moon, enhancedcelestials:blood_moon, enhancedcelestials:blue_moon, enhancedcelestials:super_blood_moon].
[00:14:01] [Server thread/INFO]: Serializing 0 Pokémon stores.
[00:14:01] [Server thread/INFO]: Queueing save.
[00:14:01] [pool-12-thread-1/INFO]: Saved 0 Pokémon stores.
[00:14:31] [Server thread/INFO]: Serializing 0 Pokémon stores.
[00:14:31] [Server thread/INFO]: Queueing save.
[00:14:31] [pool-12-thread-1/INFO]: Saved 0 Pokémon stores.
[00:15:01] [Server thread/INFO]: Serializing 0 Pokémon stores.
[00:15:01] [Server thread/INFO]: Queueing save.
[00:15:01] [pool-12-thread-1/INFO]: Saved 0 Pokémon stores.
[00:15:31] [Server thread/INFO]: Serializing 0 Pokémon stores.
[00:15:31] [Server thread/INFO]: Queueing save.
[00:15:31] [pool-12-thread-1/INFO]: Saved 0 Pokémon stores.
[00:16:01] [Server thread/INFO]: Serializing 0 Pokémon stores.
[00:16:01] [Server thread/INFO]: Queueing save.
[00:16:01] [pool-12-thread-1/INFO]: Saved 0 Pokémon stores.
[00:16:31] [Server thread/INFO]: Serializing 0 Pokémon stores.
[00:16:31] [Server thread/INFO]: Queueing save.
[00:16:31] [pool-12-thread-1/INFO]: Saved 0 Pokémon stores.
[00:17:01] [Server thread/INFO]: Serializing 0 Pokémon stores.
[00:17:01] [Server thread/INFO]: Queueing save.
[00:17:01] [pool-12-thread-1/INFO]: Saved 0 Pokémon stores.
[00:17:31] [Server thread/INFO]: Serializing 0 Pokémon stores.
[00:17:31] [Server thread/INFO]: Queueing save.
[00:17:31] [pool-12-thread-1/INFO]: Saved 0 Pokémon stores.
[00:18:01] [Server thread/INFO]: Serializing 0 Pokémon stores.
[00:18:01] [Server thread/INFO]: Queueing save.
[00:18:01] [pool-12-thread-1/INFO]: Saved 0 Pokémon stores.
[00:18:29] [Server thread/INFO]: Maghrebinfoutu[/91.170.94.24:2439] logged in with entity id 9 at (434.5, 75.0, 407.5)
[00:18:29] [Server thread/INFO]: Sending server config values to client
[00:18:29] [Server thread/INFO]: Player Maghrebinfoutu joined, loading progress data
[00:18:29] [Server thread/INFO]: Loaded ecadcf6d-9b4c-3efc-b35b-e30dd159e67c from and now put in com.cobblemon.mod.common.api.storage.party.PlayerPartyStore cache.
[00:18:29] [Server thread/INFO]: Loaded ecadcf6d-9b4c-3efc-b35b-e30dd159e67c from and now put in com.cobblemon.mod.common.api.storage.pc.PCStore cache.
[00:18:29] [Server thread/ERROR]: .old File cobblemonplayerdata for ecadcf6d-9b4c-3efc-b35b-e30dd159e67c is corrupt or missing. Data is lost
[00:18:29] [Server thread/ERROR]: .old File pokedex for ecadcf6d-9b4c-3efc-b35b-e30dd159e67c is corrupt or missing. Data is lost
[00:18:30] [Server thread/INFO]: [voicechat] Using Fabric Permissions API
[00:18:30] [Server thread/INFO]: Maghrebinfoutu joined the game
[00:18:30] [Server thread/INFO]: Channel update: Maghrebinfoutu -> default
[00:18:30] [Server thread/INFO]: [voicechat] Received secret request of Maghrebinfoutu (18)
[00:18:30] [Server thread/INFO]: [voicechat] Sent secret to Maghrebinfoutu
[00:18:31] [Server thread/INFO]: Receiving client config
[00:18:32] [Server thread/INFO]: Serializing 1 Pokémon stores.
[00:18:32] [Server thread/INFO]: Queueing save.
[00:18:32] [pool-12-thread-1/INFO]: Saved 1 Pokémon stores.
[00:18:33] [Server thread/ERROR]: java.lang.NullPointerException
[00:19:01] [Server thread/INFO]: Serializing 0 Pokémon stores.
[00:19:01] [Server thread/INFO]: Queueing save.
[00:19:01] [pool-12-thread-1/INFO]: Saved 0 Pokémon stores.
[00:19:10] [Server thread/INFO]: Made Maghrebinfoutu a server operator
[00:19:16] [Server thread/INFO]: [Maghrebinfoutu: Set own game mode to Creative Mode]
[00:19:23] [Server thread/INFO]: [Maghrebinfoutu: Teleported Maghrebinfoutu to 0.500000, 100.000000, 0.500000]
[00:19:31] [Server thread/INFO]: Serializing 0 Pokémon stores.
[00:19:31] [Server thread/INFO]: Queueing save.
[00:19:31] [pool-12-thread-1/INFO]: Saved 0 Pokémon stores.
[00:20:01] [Server thread/INFO]: Serializing 1 Pokémon stores.
[00:20:01] [Server thread/INFO]: Queueing save.
[00:20:01] [pool-12-thread-1/INFO]: Saved 1 Pokémon stores.
[00:20:09] [Server thread/INFO]: Loaded 10 Battle Factory presets from config/cobblemon/battle_factory_presets.json
[00:20:09] [Server thread/INFO]: Starting tower for Maghrebinfoutu at difficulty easy
[00:20:18] [Server thread/INFO]: Successfully backed up party for Maghrebinfoutu (session: 16357895-a636-4f28-a404-0ecf3f37247c)
[00:20:18] [Server thread/INFO]: Applied rental team of 3 Pokémon to Maghrebinfoutu
[00:20:18] [Server thread/INFO]: Teleported Maghrebinfoutu to arena 1: §bCrystal Chamber
[00:20:18] [Server thread/INFO]: Loaded 10 Battle Factory presets from config/cobblemon/battle_factory_presets.json
[00:20:18] [Server thread/INFO]: Generated Tower trainer team: [Metagross Lv50, Dragonite Lv50, Venusaur Lv50]
[00:20:18] [Server thread/INFO]: Spawning Tower trainer for arena 1 with 3 Pokémon
[00:20:18] [Server thread/INFO]: Successfully spawned Tower trainer NPC at class_2338{x=-248, y=35, z=16}
[00:20:23] [Server thread/INFO]: Request set for Maghrebinfoutu: ShowdownActionRequest(wait=false, active=[ShowdownMoveset(moves=[InBattleMove(id='meteormash', move='Meteor Mash', pp=10, maxpp=10, target=normal, disabled=false, gimmickMove=InBattleGimmickMove(move='maxsteelspike', target=adjacentFoe, disabled=false)), InBattleMove(id='earthquake', move='Earthquake', pp=10, maxpp=10, target=allAdjacent, disabled=false, gimmickMove=InBattleGimmickMove(move='maxquake', target=adjacentFoe, disabled=false)), InBattleMove(id='zenheadbutt', move='Zen Headbutt', pp=15, maxpp=15, target=normal, disabled=false, gimmickMove=InBattleGimmickMove(move='maxmindstorm', target=adjacentFoe, disabled=false)), InBattleMove(id='bulletpunch', move='Bullet Punch', pp=30, maxpp=30, target=normal, disabled=false, gimmickMove=InBattleGimmickMove(move='maxsteelspike', target=adjacentFoe, disabled=false))], trapped=false, canMegaEvo=false, canUltraBurst=false, canZMove=null, canDynamax=false, maxMoves=null, canTerastallize=null)], forceSwitch=[], noCancel=true, side=ShowdownSide(name=ecadcf6d-9b4c-3efc-b35b-e30dd159e67c, id='p1', pokemon=[ShowdownPokemon(ident='p1: Metagross', details='Metagross, d5cee606-c099-4e13-9b37-faa2792dd724, L54', condition='201/201', active=true, moves=[meteormash, earthquake, zenheadbutt, bulletpunch], baseAbility='clearbody', pokeball='Poke Ball', ability='clearbody', baseTypes=[Steel, Psychic], types=[Steel, Psychic], commanding=false, reviving=false), ShowdownPokemon(ident='p1: Pikachu', details='Pikachu, 000eb21a-bbcf-4cd2-b93b-b7d35b405f9a, L54, M', condition='119/119', active=false, moves=[thunderbolt, quickattack, irontail, thunderwave], baseAbility='static', pokeball='Poke Ball', ability='static', baseTypes=[Electric], types=[Electric], commanding=false, reviving=false), ShowdownPokemon(ident='p1: Lucario', details='Lucario, 99cff753-c5e0-4b8f-8f7c-82f08f243e27, L52, M', condition='151/151', active=false, moves=[closecombat, extremespeed, bulletpunch, swordsdance], baseAbility='steadfast', pokeball='Poke Ball', ability='steadfast', baseTypes=[Fighting, Steel], types=[Fighting, Steel], commanding=false, reviving=false)]))
[00:20:23] [Server thread/INFO]: Request set for Tower Trainer #1: ShowdownActionRequest(wait=false, active=[ShowdownMoveset(moves=[InBattleMove(id='meteormash', move='Meteor Mash', pp=10, maxpp=10, target=normal, disabled=false, gimmickMove=InBattleGimmickMove(move='maxsteelspike', target=adjacentFoe, disabled=false)), InBattleMove(id='earthquake', move='Earthquake', pp=10, maxpp=10, target=allAdjacent, disabled=false, gimmickMove=InBattleGimmickMove(move='maxquake', target=adjacentFoe, disabled=false)), InBattleMove(id='zenheadbutt', move='Zen Headbutt', pp=15, maxpp=15, target=normal, disabled=false, gimmickMove=InBattleGimmickMove(move='maxmindstorm', target=adjacentFoe, disabled=false)), InBattleMove(id='bulletpunch', move='Bullet Punch', pp=30, maxpp=30, target=normal, disabled=false, gimmickMove=InBattleGimmickMove(move='maxsteelspike', target=adjacentFoe, disabled=false))], trapped=false, canMegaEvo=false, canUltraBurst=false, canZMove=null, canDynamax=true, maxMoves=[InBattleGimmickMove(move='maxsteelspike', target=adjacentFoe, disabled=false), InBattleGimmickMove(move='maxquake', target=adjacentFoe, disabled=false), InBattleGimmickMove(move='maxmindstorm', target=adjacentFoe, disabled=false), InBattleGimmickMove(move='maxsteelspike', target=adjacentFoe, disabled=false)], canTerastallize=Grass)], forceSwitch=[], noCancel=true, side=ShowdownSide(name=b6f751dc-9664-4e1a-816f-6c6ad6f19245, id='p2', pokemon=[ShowdownPokemon(ident='p2: Metagross', details='Metagross, 20487e3d-7be7-4a02-95d1-ece7d86003a4, L50', condition='187/187', active=true, moves=[meteormash, earthquake, zenheadbutt, bulletpunch], baseAbility='clearbody', pokeball='Poke Ball', ability='clearbody', baseTypes=[Steel, Psychic], types=[Steel, Psychic], commanding=false, reviving=false), ShowdownPokemon(ident='p2: Dragonite', details='Dragonite, d95cd43e-7900-436f-b15b-8051528f0c15, L50, F', condition='167/167', active=false, moves=[outrage, extremespeed, earthquake, dragondance], baseAbility='innerfocus', pokeball='Poke Ball', ability='innerfocus', baseTypes=[Dragon, Flying], types=[Dragon, Flying], commanding=false, reviving=false), ShowdownPokemon(ident='p2: Venusaur', details='Venusaur, 835b778a-eab8-46a0-817a-9c49dd558325, L50, M', condition='187/187', active=false, moves=[gigadrain, sludgebomb, synthesis, sleeppowder], baseAbility='overgrow', pokeball='Poke Ball', ability='overgrow', baseTypes=[Grass, Poison], types=[Grass, Poison], commanding=false, reviving=false)]))
[00:20:31] [Server thread/INFO]: Serializing 5 Pokémon stores.
[00:20:31] [Server thread/INFO]: Queueing save.
[00:20:31] [pool-12-thread-1/INFO]: Saved 5 Pokémon stores.
[00:21:01] [Server thread/INFO]: Serializing 0 Pokémon stores.
[00:21:01] [Server thread/INFO]: Queueing save.
[00:21:01] [pool-12-thread-1/INFO]: Saved 0 Pokémon stores.
[00:21:31] [Server thread/INFO]: Serializing 0 Pokémon stores.
[00:21:31] [Server thread/INFO]: Queueing save.
[00:21:31] [pool-12-thread-1/INFO]: Saved 0 Pokémon stores.
[00:22:01] [Server thread/INFO]: Serializing 0 Pokémon stores.
[00:22:01] [Server thread/INFO]: Queueing save.
[00:22:01] [pool-12-thread-1/INFO]: Saved 0 Pokémon stores.
[00:22:12] [Server thread/INFO]: Saving the game (this may take a moment!)
[00:22:12] [Server thread/INFO]: Saved the game
[00:22:31] [Server thread/INFO]: Serializing 0 Pokémon stores.
[00:22:31] [Server thread/INFO]: Queueing save.
[00:22:31] [pool-12-thread-1/INFO]: Saved 0 Pokémon stores.
[00:23:02] [Server thread/INFO]: Serializing 0 Pokémon stores.
[00:23:02] [Server thread/INFO]: Queueing save.
[00:23:02] [pool-12-thread-1/INFO]: Saved 0 Pokémon stores.
[00:23:32] [Server thread/INFO]: Serializing 0 Pokémon stores.
[00:23:32] [Server thread/INFO]: Queueing save.
[00:23:32] [pool-12-thread-1/INFO]: Saved 0 Pokémon stores.
[00:24:02] [Server thread/INFO]: Serializing 0 Pokémon stores.
[00:24:02] [Server thread/INFO]: Queueing save.
[00:24:02] [pool-12-thread-1/INFO]: Saved 0 Pokémon stores.
[00:24:28] [Server thread/ERROR]: Command exception: /stopbattle Maghrebinfoutu
com.cobblemon.mod.relocations.graalvm.polyglot.PolyglotException: TypeError: Cannot read property 'write' of undefined
	at <js>.sendBattleMessage(Unnamed:53) ~[?:?]
	at knot/com.cobblemon.mod.relocations.graalvm.polyglot.Value.execute(Value.java:880) ~[Cobblemon-fabric-forkededit1.7.1+1.21.1.jar:?]
	at knot/com.cobblemon.mod.common.battles.runner.graal.GraalShowdownService.sendToShowdown(GraalShowdownService.java:171) ~[Cobblemon-fabric-forkededit1.7.1+1.21.1.jar:?]
	at knot/com.cobblemon.mod.common.battles.runner.graal.GraalShowdownService.send(GraalShowdownService.java:133) ~[Cobblemon-fabric-forkededit1.7.1+1.21.1.jar:?]
	at knot/com.cobblemon.mod.common.api.battles.model.PokemonBattle.writeShowdownAction(PokemonBattle.java:263) ~[Cobblemon-fabric-forkededit1.7.1+1.21.1.jar:?]
	at knot/com.cobblemon.mod.common.api.battles.model.PokemonBattle.stop(PokemonBattle.java:581) ~[Cobblemon-fabric-forkededit1.7.1+1.21.1.jar:?]
	at knot/com.cobblemon.mod.common.command.StopBattleCommand.execute(StopBattleCommand.java:39) ~[Cobblemon-fabric-forkededit1.7.1+1.21.1.jar:?]
	at knot/com.mojang.brigadier.context.ContextChain.runExecutable(ContextChain.java:73) ~[brigadier-1.3.10.jar:?]
	at knot/net.minecraft.class_8865.method_54416(class_8865.java:29) ~[server-intermediary.jar:?]
	at knot/net.minecraft.class_8865.execute(class_8865.java:13) ~[server-intermediary.jar:?]
	at knot/net.minecraft.class_8856.method_54405(class_8856.java:8) ~[server-intermediary.jar:?]
	at knot/net.minecraft.class_8847.method_54388(class_8847.java:8) ~[server-intermediary.jar:?]
	at knot/net.minecraft.class_8854.method_54390(class_8854.java:107) ~[server-intermediary.jar:?]
	at knot/net.minecraft.class_2170.method_54313(class_2170.java:379) ~[server-intermediary.jar:?]
	at knot/net.minecraft.class_2170.method_9249(class_2170.java:309) ~[server-intermediary.jar:?]
	at knot/net.minecraft.class_3244.method_58590(class_3244.java:1319) ~[server-intermediary.jar:?]
	at knot/net.minecraft.class_3244.method_44356(class_3244.java:1307) ~[server-intermediary.jar:?]
	at knot/net.minecraft.class_3738.run(class_3738.java:18) ~[server-intermediary.jar:?]
	at knot/net.minecraft.class_1255.method_18859(class_1255.java:162) ~[server-intermediary.jar:?]
	at knot/net.minecraft.class_4093.method_18859(class_4093.java:23) ~[server-intermediary.jar:?]
	at knot/net.minecraft.server.MinecraftServer.method_24306(MinecraftServer.java:864) ~[server-intermediary.jar:?]
	at knot/net.minecraft.server.MinecraftServer.method_18859(MinecraftServer.java:173) ~[server-intermediary.jar:?]
	at knot/net.minecraft.class_1255.method_16075(class_1255.java:136) ~[server-intermediary.jar:?]
	at knot/net.minecraft.server.MinecraftServer.method_20415(MinecraftServer.java:846) ~[server-intermediary.jar:?]
	at knot/net.minecraft.server.MinecraftServer.method_16075(MinecraftServer.java:840) ~[server-intermediary.jar:?]
	at knot/net.minecraft.class_1255.method_18857(class_1255.java:145) ~[server-intermediary.jar:?]
	at knot/net.minecraft.server.MinecraftServer.method_18857(MinecraftServer.java:810) ~[server-intermediary.jar:?]
	at knot/net.minecraft.server.MinecraftServer.mixinextras$bridge$method_18857$328(MinecraftServer.java) ~[server-intermediary.jar:?]
	at knot/net.minecraft.server.MinecraftServer.wrapOperation$cmi000$modernfix$managedBlock(MinecraftServer.java:2123) ~[server-intermediary.jar:?]
	at knot/net.minecraft.server.MinecraftServer.method_16208(MinecraftServer.java:815) ~[server-intermediary.jar:?]
	at knot/net.minecraft.server.MinecraftServer.method_29741(MinecraftServer.java:702) ~[server-intermediary.jar:?]
	at knot/net.minecraft.server.MinecraftServer.method_29739(MinecraftServer.java:281) ~[server-intermediary.jar:?]
	at java.base/java.lang.Thread.run(Thread.java:1583) [?:?]
[00:24:30] [Server thread/WARN]: Entity PokemonEntity['Metagross'/285, l='ServerLevel[world]', x=-250.65, y=35.06, z=20.12, removed=DISCARDED] wasn't found in section class_4076{x=-16, y=2, z=1} (destroying due to DISCARDED)
[00:24:32] [Server thread/INFO]: Serializing 1 Pokémon stores.
[00:24:32] [Server thread/INFO]: Queueing save.
[00:24:32] [pool-12-thread-1/INFO]: Saved 1 Pokémon stores.
[00:25:02] [Server thread/INFO]: Serializing 0 Pokémon stores.
[00:25:02] [Server thread/INFO]: Queueing save.
[00:25:02] [pool-12-thread-1/INFO]: Saved 0 Pokémon stores.
[00:25:08] [Server thread/INFO]: [Maghrebinfoutu: Reloading Cobblemon settings.]
[00:25:32] [Server thread/INFO]: Serializing 0 Pokémon stores.
[00:25:32] [Server thread/INFO]: Queueing save.
[00:25:32] [pool-12-thread-1/INFO]: Saved 0 Pokémon stores.
